#,Plastic,Biomass,% Plastic,% Biomass,C (%),H (%),O (%),N (%),S (%),ASH (%),MC (%),VM (%),AIR (Kg/h),ER,FC (%),TEMPERATURE (°C),H2 (%),CO (%),CO2 (%),CH4 (%),N2 (%),Mass Flow Rate (Kg/h),Volumetric Flow Rate (m3/h),Gas Yield (Nm3/Kg),LHV (MJ/Nm3),H2/CO
1,PU,Safflower Seed,68.5666,31.4334,60.6026,7.8452,27.6128,3.8228,0.1166,0.4421,3.3787,86.5636,239.504,0.2957,9.6156,920.9905,20.1836,26.6621,2.7758,0.8043,49.5469,312.0743,302.6157,3.026157,5.8271928,0.757014639
2,PE,Soybean Cake,22.7648,77.2352,62.7413,7.6268,22.3699,7.2233,0.0387,3.9931,25.4876,62.8144,226.9324,0.3599,7.7049,797.8559,13.8692,23.0262,4.3425,1.8068,56.9453,279.6134,251.8418,2.518418,5.0460092,0.602322572
3,PU,Olive Pomace,27.7707,72.2293,58.6739,6.786,32.8979,1.5212,0.1211,3.5446,5.5169,83.5693,177.3575,0.2557,7.3692,741.614,16.9528,29.5161,3.6551,3.3389,46.5001,251.0035,236.4682,2.364682,6.7452572,0.574357723
4,PS,Cherry Stone,45.9926,54.0074,67.7169,7.2619,24.6864,0.2322,0.1026,0.641,4.093,83.8356,254.6225,0.2917,11.4304,654.2425,10.2222,17.8641,8.0212,4.3936,59.4661,306.5018,263.0808,2.630808,4.927783,0.572220263
5,PE,Açaí Seed,17.2255,82.7745,54.2506,7.2321,37.8056,0.6825,0.0293,11.7623,7.6566,73.3846,206.8645,0.3603,7.1965,817.0092,14.0772,22.2254,7.1725,1.4961,55.0196,261.6044,231.5657,2.315657,4.8563418,0.633383426
6,PE,Colza seed,64.5631,35.4369,71.1745,9.5345,17.1321,2.0492,0.1098,3.244,2.8662,87.024,362.9921,0.3625,6.8658,880.9551,17.1021,23.9498,2.7243,1.0524,55.1521,433.2949,406.7401,4.067401,5.2414608,0.71408112
7,PU,DDGS,57.323,42.677,59.9642,7.8058,27.2561,4.5345,0.4394,5.2558,4.0203,84.6141,320.5468,0.4222,6.1098,757.5405,10.646,18.8597,7.1607,1.9732,61.2723,381.0155,326.4639,3.264639,4.2324958,0.564484059
8,PU,Cocoa Beans Husk,52.968,47.032,55.136,7.1559,34.0153,3.4663,0.2264,3.7626,5.5435,83.6338,245.6171,0.3709,7.0601,844.9987,14.0461,22.3314,6.37,1.1324,56.0659,307.9301,273.3706,2.733706,4.7361344,0.6289843
9,PS,Elephant Grass,50.5948,49.4052,66.3476,6.8682,25.7833,1.001,0,0.4023,5.79,85.7357,254.2701,0.3072,8.072,708.4632,12.2493,24.6478,5.037,3.3457,54.7158,322.6225,286.58,2.8658,5.6263078,0.496973361
10,PS,Colza seed,44.6386,55.3614,64.7339,7.3914,24.8851,2.9895,0,5.1573,4.4777,79.6591,326.7443,0.4073,10.7059,652.2323,7.3257,16.0448,9.215,3.5252,63.8843,384.476,317.2918,3.172918,4.074842,0.456577832
11,PU,Rice Straw,16.4749,83.5251,53.2096,6.4505,39.4414,0.8704,0.028,4.3538,7.2025,79.6815,231.4275,0.3956,8.7622,839.7791,11.5155,20.0908,9.1003,0.9273,58.3577,287.532,244.4514,2.444514,4.1070882,0.573172796
12,PU,Beetroot Pellets,86.0233,13.9767,61.9512,7.8537,26.1982,3.7793,0.2175,0.113,1.4996,95.2698,213.2961,0.251,3.1176,996.4947,24.384,31.9931,0.3136,0.9681,42.2943,305.2017,316.5543,3.165543,7.0111824,0.762164342
13,PP,DDGS,42.9855,57.0145,66.5818,10.0408,20.0791,2.8415,0.4568,7.0215,4.9115,80.8306,390.822,0.4344,7.2364,997.6776,15.0593,20.1145,4.2769,0.0635,60.4147,442.5981,400.362,4.00362,4.1835644,0.748678814
14,PET,Cotton Stalk,25.527,74.473,50.309,6.149,41.5692,1.0101,0.9628,13.7044,7.8964,67.3404,164.8351,0.342,11.0588,690.4426,9.6015,17.6057,12.0973,3.0716,57.3184,214.765,177.6158,1.776158,4.354913,0.545363149
15,PE,Beetroot Pellets,70.6398,29.3602,72.169,9.4472,17.6163,0.4977,0.2698,0.2375,2.0662,93.8255,374.8429,0.358,3.8708,907.8734,17.9197,25.8442,2.0277,0.9067,53.2583,455.057,432.6979,4.326979,5.5162954,0.693374142
16,PU,Rubber Wood,21.2587,78.7413,54.0888,6.9145,37.9091,1.0515,0.0361,3.8089,5.6211,78.5336,275.0595,0.4381,12.0364,757.1333,8.2435,13.9053,11.6975,1.537,64.606,322.7168,262.4835,2.624835,3.1926118,0.59283151
17,PS,Nectarine Stone,29.4623,70.5377,60.8353,6.8909,31.759,0.3527,0.1622,1.2224,5.9013,79.1734,313.2763,0.4243,13.7029,774.1409,8.6738,15.9495,9.8419,1.4193,64.0787,364.1457,300.4654,3.004654,3.4545168,0.54382896
18,PP,Sunflower Seed Hulls,77.7,22.3,83.4281,11.4528,4.7846,0.3345,0,0.223,2.3415,93.3229,473.5536,0.3671,4.1126,798.4102,16.1829,23.7413,1.9118,2.1285,56.0327,552.5674,519.16,5.1916,5.50116,0.681634957
19,PU,Cotton Husk,6.0966,93.9034,51.3325,8.391,38.6939,1.5722,0.0104,2.6482,5.6683,79.2346,192.355,0.2963,12.4489,949.3468,21.2337,22.4186,5.4621,0.3587,50.5228,245.5307,235.9577,2.359577,5.2463978,0.947146566
20,PE,Safflower Seed,4.9911,95.0089,51.3257,7.1117,38.6934,2.8607,0.0085,1.3364,8.9691,63.7178,160.6713,0.2697,25.9767,898.7951,15.8391,15.1061,9.5416,0.3264,59.1825,192.6245,170.0968,1.700968,3.7308426,1.048523444
21,PU,Corn Cobs,30.622,69.378,53.1395,6.7676,38.394,1.6469,0.0521,0.4186,9.7531,77.8888,272.0393,0.4494,11.9395,886.9381,9.5766,15.6683,10.4316,0.2318,64.0786,318.0309,262.4098,2.624098,3.091463,0.611208619
22,PU,Sorghum Stalk,20.1825,79.8175,49.7389,7.142,39.8056,1.8861,1.4274,4.0436,8.115,70.4826,144.5733,0.2557,17.3588,845.5315,18.6625,20.8591,7.8808,1.3051,50.7941,192.1881,177.306,1.77306,5.1110224,0.894693443
23,PS,Cotton Stem,95.5021,4.4979,88.3359,8.3863,3.2163,0.0512,0.0102,0.4008,0.6549,97.9393,384.5386,0.303,1.005,933.4819,17.6999,27.5186,0.4519,1.114,53.2128,462.1206,443.5964,4.435964,5.7777448,0.643197692
24,PET,Soybean Cake,64.8821,35.1179,59.9652,5.1202,31.6321,3.2825,0,1.8156,11.7252,79.649,241.1918,0.3841,6.8102,832.9688,10.144,25.1621,6.4545,1.077,57.1612,308.2952,262.9531,2.629531,4.6515426,0.403146001
25,PU,Elephant Grass,24.3565,75.6435,47.7098,5.9503,43.7429,2.5557,0.0414,0.461,9.0112,77.806,207.2346,0.4081,12.7218,964.1114,9.7233,16.5982,11.7477,0.0206,61.8971,254.5076,208.4792,2.084792,3.1488644,0.585804485
26,PS,Olive Pomace,21.9557,78.0443,63.4905,6.7134,29.333,0.3834,0.0798,3.8739,5.781,82.8298,205.7168,0.274,7.5153,655.6237,10.6216,19.0295,8.6566,4.5529,57.1097,257.9102,221.5556,2.215556,5.174788,0.558164954
27,PS,Durian Shell,35.7974,64.2026,71.01,8.4797,18.4815,1.9646,0.0642,4.3774,2.8235,81.9607,360.9524,0.3801,10.8384,989.9391,15.7682,23.4186,3.2919,0.1355,57.3744,423.5276,388.6672,3.886672,4.7022182,0.673319498
28,PS,Durian Shell,47.0039,52.9961,74.3597,8.4827,15.483,1.6217,0.053,3.6482,2.3307,85.0745,342.6901,0.3393,8.9466,994.0214,18.4243,26.8835,1.5138,0.3067,52.8622,418.3016,400.1856,4.001856,5.486944,0.685338591
29,PS,Castor Seed Hull,32.0723,67.9277,58.9738,6.4544,34.4224,0.1494,0,1.4308,2.2209,83.2858,295.636,0.4108,13.0625,798.52,9.2623,17.375,9.8044,1.188,62.3688,351.0724,291.1085,2.911085,3.6148824,0.533082014
30,PE,Nectarine Stone,10.3468,89.6532,52.4408,6.7353,40.1302,0.47,0.2238,1.4787,7.5006,73.6022,194.7686,0.3253,17.4185,877.4785,13.8901,18.5461,9.4382,0.5733,57.4827,240.4947,208.5524,2.085524,4.0421808,0.748949914
31,PP,Durian Shell,28.0494,71.9506,67.3925,9.9791,20.3548,2.2017,0.072,4.8254,3.1642,79.7237,358.3692,0.3799,12.2867,937.2091,17.0004,20.5044,3.992,0.3653,58.1246,411.3836,381.2019,3.812019,4.550375,0.82910985
32,PE,Coffee Husk,50.5313,49.4687,64.5037,8.7324,26.5718,0.1061,0.0859,1.1212,4.6195,87.8358,308.4281,0.355,6.4235,709.9369,13.0543,21.8396,5.4187,3.2146,56.4511,375.6826,335.4603,3.354603,5.3124808,0.597735307
33,PU,Açaí Seed,32.5417,67.4583,53.5189,7.0161,37.5162,1.8935,0.0553,9.5858,6.4351,77.6321,262.5964,0.4498,6.347,890.4148,11.2486,18.9938,8.5227,0.3736,60.8482,314.5465,266.9761,2.669761,3.7418164,0.592224831
34,PP,Sorghum Stalk,90.7348,9.2652,81.8674,13.2018,4.6485,0.1205,0.1617,0.4694,0.9279,96.1689,450.0938,0.3341,2.4338,985.3572,23.3417,25.2947,0.5146,0.7051,50.123,539.7445,551.3207,5.513207,5.9604616,0.92279015
35,PS,Coffee Husk,97.2211,2.7789,88.8767,8.4335,2.6898,0,0,0.2574,0.2595,99.1228,565.4705,0.4398,0.3603,654.3768,5.845,15.3634,7.6603,3.1094,68.018,622.5089,510.2326,5.102326,3.6802136,0.38044964
36,PE,Sorghum Stalk,18.7089,81.2911,53.2404,7.6673,36.5448,1.0969,1.4506,4.1183,8.1415,70.3634,160.1247,0.2549,17.3768,683.229,15.3381,18.8404,8.4933,4.0718,52.7731,208.6993,187.6774,1.876774,5.4881096,0.814106919
37,PET,Peach Stone,78.7366,21.2634,57.6098,4.8922,36.5723,0.862,0.0638,0.5362,1.3419,89.3617,199.995,0.3048,8.7602,924.6995,14.2589,30.6548,4.8469,0.5206,49.7003,277.2032,248.3351,2.483351,5.5888408,0.465144121
38,PE,Pistachio Soft Shell,30.9732,69.0268,58.0587,7.3069,33.3157,1.2661,0.0527,13.474,6.8682,69.3045,257.2961,0.4147,10.3533,995.9014,12.5931,20.4024,6.7697,0.0323,60.1908,303.7727,263.715,2.63715,3.9423206,0.617236208
39,PP,Banana Stems,23.7695,76.2305,50.0374,7.4349,41.9033,0.6245,0,2.7118,7.0549,81.1634,208.7948,0.3575,9.0699,979.7059,16.3984,22.0361,7.0983,0.095,54.3715,262.4751,236.5204,2.365204,4.5815858,0.744160718
40,PU,Rubber Wood,84.3434,15.6566,63.3833,8.0085,24.8909,3.574,0.1434,0.7573,1.5983,94.0575,245.7456,0.2824,3.5869,925.2375,21.6474,30.4282,0.8842,1.1901,45.82,334.8327,335.2622,3.352622,6.5979282,0.711425585
41,PE,Cotton Husk,56.6158,43.3842,70.5441,9.9845,18.6483,0.727,0.0962,1.2235,2.6019,90.4537,373.3359,0.3637,5.7209,889.6783,17.8359,23.9211,2.7179,0.9866,54.5216,445.3322,421.2876,4.212876,5.2935386,0.745613705
42,PET,Cocoa Beans Husk,96.7291,3.2709,61.5511,4.3845,33.939,0.116,0.0095,0.2617,0.5666,93.8024,237.5769,0.3385,5.3693,689.3373,7.2014,25.1982,8.5846,2.9034,56.107,315.1735,260.042,2.60042,4.9921416,0.285790255
43,PE,DDGS,10.4378,89.5622,55.7916,7.5897,31.3979,4.4856,0.7353,11.0298,7.7153,70.223,263.133,0.4206,11.0319,891.2574,12.1598,17.8754,7.5323,0.397,61.8758,308.5054,265.7654,2.657654,3.7076848,0.680253309
44,PU,Cocoa Beans Husk,44.148,55.852,53.1568,6.9451,36.3323,3.3287,0.237,4.4682,6.4706,80.9565,189.4631,0.3079,8.1047,890.9159,17.9109,25.8077,5.0909,0.9006,50.2258,253.6747,236.2566,2.362566,5.5085622,0.694013802
45,PU,Açaí Seed,82.1162,17.8838,62.4633,7.9449,25.8636,3.5885,0.1396,2.5413,2.1469,92.5342,254.2861,0.305,2.7776,741.914,15.9072,26.6705,3.1539,3.1653,51.069,333.0136,310.9535,3.109535,6.211638,0.596434263
46,PU,Sorghum Bagasse,25.0312,74.9688,67.6672,8.5525,22.5215,1.1113,0.1476,4.5519,6.9225,77.5021,376.446,0.4374,11.0235,970.9741,12.5991,19.64,5.4731,0.078,62.1846,425.8925,372.8161,3.728161,3.8632668,0.641502037
47,PU,Açaí Seed,42.5899,57.4101,55.3318,7.2044,35.1544,2.237,0.0724,8.158,5.5659,80.6526,158.6832,0.2515,5.6235,915.7959,22.8415,31.2079,2.2964,1.0899,42.5437,231.5101,232.5673,2.325673,6.7892616,0.731914035
48,PET,Sorghum Bagasse,62.3483,37.6517,64.4883,5.9564,29.4534,0.0492,0.0528,2.2861,3.5322,85.6529,318.5406,0.4151,8.5288,935.5477,10.92,23.5503,6.0725,0.2012,59.245,384.6538,330.0564,3.300564,4.2187274,0.463688361
49,PP,Olive Pomace,23.0647,76.9353,62.7997,7.9734,28.7703,0.3779,0.0787,3.7755,5.6989,83.0017,251.9955,0.3205,7.5239,956.4389,19.3373,27.0749,2.8303,0.4675,50.2727,321.5155,308.1911,3.081911,5.6672308,0.714215011
50,PS,Castor Seed Hull,17.475,82.525,52.2633,6.0155,41.5396,0.1816,0,1.6954,2.6982,79.7368,255.6781,0.4281,15.8696,770.2579,6.8684,11.848,14.333,1.0677,65.8817,301.9847,238.3986,2.383986,2.6168718,0.579709656
51,PET,Soybean Cake,37.0097,62.9903,58.2153,5.7446,30.1767,5.8634,0,3.2566,20.8645,67.7113,181.4744,0.3238,8.1676,827.937,13.6253,26.9649,4.6853,1.4692,53.2535,241.2234,215.893,2.15893,5.3950834,0.505297628
52,PET,Coffee Husk,26.3638,73.6362,47.7345,5.7166,46.5408,0.0081,0,1.669,6.9317,80.5081,219.8949,0.4442,10.8912,921.8653,8.4142,15.7205,13.3495,0.0515,62.4638,269.4849,216.0721,2.160721,2.9079536,0.535237429
53,PE,Cocoa Pod Husk,64.7444,35.2556,68.8387,9.2257,21.0514,0.6965,0.1876,3.7959,4.3457,88.106,278.2338,0.299,3.7524,660.2189,12.5661,17.4517,6.348,4.72,58.8651,327.0923,290.9515,2.909515,5.245813,0.720050196
54,PET,Sorghum Bagasse,52.6982,47.3018,65.0825,6.3723,28.425,0.054,0.0663,2.872,4.3837,83.3367,238.4784,0.3059,9.4076,781.3566,14.0113,28.1462,3.8095,2.1961,51.8192,311.5589,282.5279,2.825279,5.8458454,0.497804322
55,PU,Cotton Stem,79.6697,20.3303,62.2455,7.8239,26.1712,3.5777,0.1818,0.9484,3.4378,89.8844,255.4778,0.3084,5.7294,913.5563,19.5409,28.0657,2.1413,0.9444,49.2687,334.6442,323.8082,3.238082,5.9847906,0.696255572
56,PP,Sugarcane Straw,13.609,86.391,48.8571,7.0338,43.9312,0.1779,0,10.3596,6.4548,74.5032,195.2795,0.3818,8.6824,967.0142,14.3638,20.8973,8.4662,0.0832,56.1889,244.0836,213.516,2.13516,4.2141358,0.687351955
57,PET,Cherry Stone,19.0077,80.9923,51.155,5.8533,42.4837,0.3541,0.1539,0.8234,6.178,74.8876,242.0621,0.432,18.111,704.1107,4.7935,7.9629,16.9927,1.5231,68.68,283.3258,216.6985,2.166985,2.0662932,0.601979178
58,PS,Olive Pomace,9.4861,90.5139,59.2228,6.4284,33.8116,0.4446,0.0926,4.4608,6.7047,80.1184,286.9307,0.4285,8.7161,816.6232,9.6377,19.3576,8.7236,1.0606,61.1992,344.3842,288.2723,2.882723,3.859624,0.497876803
59,PS,Cherry Stone,30.6971,69.3029,61.3493,6.912,31.3089,0.298,0.1317,0.7659,5.2522,79.3143,333.3003,0.4415,14.6676,918.5011,9.6463,16.9472,8.7336,0.1241,64.521,380.7655,317.3972,3.173972,3.2215754,0.569197272
60,PP,Soy Peel,84.6808,15.3192,79.3533,12.7548,7.4476,0.4443,0,1.1062,1.7367,95.3565,556.7702,0.4373,1.8006,945.5593,16.7034,21.0449,2.8564,0.3668,59.0275,622.6543,579.4967,5.794967,4.586939,0.793702987
61,PE,Sunflower Seed Hulls,47.5307,52.4693,80.7436,6.95,11.3388,0.8869,0.0808,0.5247,5.5093,85.1941,405.4017,0.388,8.7719,970.2955,13.2312,26.7896,2.0991,0.2614,57.6058,480.6961,433.086,4.33086,4.8980404,0.493893153
62,PE,Sugarcane Straw,11.079,88.921,47.8288,6.5406,45.4054,0.2064,0.0188,10.663,6.6438,73.8243,186.5317,0.3889,8.8689,698.3129,9.0136,15.3574,13.3893,2.7305,59.4996,236.2166,192.6378,1.926378,3.8860202,0.586922265
63,PS,Coconut Shell,30.0121,69.9879,59.2757,6.7778,33.8135,0.133,0,2.7196,10.0083,83.8427,186.1675,0.2784,3.4294,717.4201,14.7007,27.5444,4.9547,3.5724,49.2232,254.4993,232.307,2.32307,6.3371892,0.533709211
64,PE,Elephant Grass,72.5035,27.4965,73.8651,9.5502,15.752,0.7094,0.1233,0.1676,3.2225,92.1029,398.8056,0.3743,4.507,972.6806,17.8531,25.353,2.0266,0.3496,54.3983,475.9221,450.9602,4.509602,5.2477696,0.704180965
65,PET,Corn Cobs,9.5139,90.4861,48.9862,5.9319,44.6084,0.4734,0,0.546,12.5008,71.491,165.0009,0.3321,15.4622,961.2683,12.6932,19.5638,10.8408,0.057,56.8446,210.8367,178.7315,1.787315,3.8563104,0.648810558
66,PE,Beetroot Pellets,31.2425,68.7575,53.6365,7.0952,37.9808,0.8838,0.4038,0.5561,4.8387,85.5672,272.3235,0.4157,9.038,902.9613,12.272,19.3458,8.3141,0.3306,59.6416,327.8621,281.3599,2.813599,3.8813016,0.634349575
67,PET,Soybean Cake,23.7401,76.2599,57.3822,6.0418,29.4838,7.0921,0,3.9426,25.2156,62.0279,155.5336,0.2943,8.8139,718.2628,12.8884,26.1037,5.1243,3.2197,52.6596,211.6241,189.0093,1.890093,5.833666,0.493738436
68,PP,Rice Husk,8.2986,91.7014,52.0962,4.6268,42.6212,0.5737,0.082,3.9432,7.2444,74.5572,161.0685,0.3168,14.2552,920.4672,11.3966,23.6618,10.4719,0.2266,54.2145,218.1043,183.0965,1.830965,4.2933424,0.481645521
69,PU,Sunflower Seed Hulls,49.1659,50.8341,70.931,5.6468,20.5111,2.8275,0.0836,0.5083,5.6325,84.6374,366.591,0.4264,9.2218,812.3467,8.3425,22.3295,6.1108,1.1163,62.0847,435.5872,365.8209,3.658209,4.1141424,0.373608903
70,PS,Sorghum Stalk,13.694,86.306,51.7987,7.0792,38.493,1.1228,1.5063,4.3997,8.6438,68.5117,189.8229,0.3251,18.4448,840.5223,13.4743,16.7055,9.6352,0.9188,58.8037,231.0921,199.4564,1.994564,3.8890478,0.806578672
71,PP,Durian Shell,1.653,98.347,60.7274,8.5589,27.6059,3.0094,0.0983,6.5957,4.3251,72.4684,244.0067,0.3147,16.6108,679.7241,12.9436,17.4258,7.1845,3.7852,58.6306,292.9625,259.0853,2.590853,4.9486612,0.742783689
72,PU,Açaí Seed,2.1189,97.8811,48.0299,6.4461,44.6672,0.8532,0.0036,13.9089,9.0667,68.487,119.5563,0.2646,8.5374,965.731,20.6769,28.3981,6.0624,0.3109,44.5495,174.4631,165.9092,1.659092,5.922568,0.728108571
73,PET,Elephant Grass,19.8662,80.1338,45.9432,5.028,47.3992,1.6297,0,0.4883,9.433,75.9729,196.4422,0.4418,14.1058,885.4534,6.0205,11.7779,16.885,0.0432,65.2731,242.5113,186.5119,1.865119,2.149695,0.511169224
74,PU,Cocoa Pod Husk,50.3103,49.6897,51.6129,6.9483,38.3408,2.9031,0.1948,5.35,6.4267,82.2032,152.7775,0.2604,6.0201,942.5155,22.3284,30.0596,3.4222,0.6848,43.4489,223.1241,220.5428,2.205428,6.4441352,0.742804295
75,PET,Safflower Seed,61.6793,38.3207,57.3167,5.3159,36.1989,1.1685,0,0.539,3.7471,82.0913,236.9963,0.3634,13.6226,933.6593,11.1789,22.5035,8.2222,0.1706,57.9243,297.6071,252.6604,2.526604,4.103837,0.496762726
76,PP,Olive Pomace,1.995,98.005,56.5665,6.364,36.4878,0.4814,0.1003,4.8095,7.2596,78.4834,159.5364,0.2555,9.4475,748.0017,16.428,28.8666,5.0231,2.9796,46.6694,227.208,210.5276,2.105276,6.4781124,0.569100621
77,PET,Nectarine Stone,8.1859,91.8141,49.6833,6.0656,43.5784,0.4616,0.2112,1.5144,7.6985,72.5335,227.4293,0.4256,18.2536,944.6066,6.8408,11.4895,14.1911,0.007,67.4066,264.0128,207.5777,2.075777,2.1889894,0.595395796
78,PU,Plum Stone,91.672,8.328,64.2351,8.1401,23.5321,3.9227,0.17,1.7668,1.1625,95.3963,229.8513,0.2598,1.6744,863.0917,21.7233,30.0084,0.8914,2.0053,45.3337,315.8499,317.9001,3.179001,6.8450722,0.723907306
79,PP,Colza seed,7.0179,92.9821,47.1026,7.0158,40.8605,5.021,0,8.512,7.5206,65.9513,201.9335,0.3962,18.0161,968.5719,9.9187,12.6654,11.1992,0.0098,66.2064,233.6122,192.3321,1.923321,2.6705684,0.783133577
80,PET,Coffee Husk,9.2734,90.7266,44.3841,6.0376,49.5754,0.0028,0,2.0563,8.4917,77.2167,189.3906,0.4221,12.2353,958.5438,8.79,14.5797,14.2531,0.012,62.3648,232.8932,186.3888,1.863888,2.7906582,0.602893064
81,PET,Hazelnut Shell,80.8109,19.1891,59.9884,4.5006,35.2177,0.2934,0,0.2058,1.8127,92.5547,194.4669,0.2883,5.4268,874.3049,13.844,35.1689,2.8406,1.1756,46.9697,280.8678,254.5969,2.545969,6.3472982,0.393643247
82,PET,Rice Straw,12.612,87.388,52.1884,5.8682,41.7527,0.1906,0,4.5552,7.4587,78.4323,138.6722,0.2542,9.5538,799.2055,16.8572,28.9051,6.5717,2.0934,45.5698,203.8882,187.0597,1.870597,6.2120574,0.583191202
83,PET,Chlorella Vulgaris,64.0629,35.9371,58.5511,5.1121,32.5438,3.5953,0.1977,0.692,3.4312,86.7931,293.5617,0.4347,9.0837,753.2001,6.8593,18.4249,10.3761,1.5604,62.7323,360.4453,291.606,2.91606,3.620965,0.372284246
84,PU,Elephant Grass,26.9985,73.0015,48.3378,6.0316,42.9716,2.6131,0.0459,0.4449,8.7174,78.5082,154.8993,0.297,12.3295,782.8241,13.672,21.176,10.2654,1.9085,52.9596,211.3516,183.0975,1.830975,4.827995,0.64563657
85,PU,Cotton Stem,46.8914,53.1086,56.6919,7.0885,33.4446,2.5743,0.2007,2.4776,8.0134,76.9444,229.4584,0.3427,12.5646,778.2842,12.9349,20.2157,7.569,1.9007,57.3265,284.6606,248.8825,2.488825,4.624598,0.639844279
86,PET,Safflower Seed,40.2808,59.7192,54.6066,5.8644,37.7251,1.8039,0,0.84,5.7223,75.056,247.5718,0.3997,18.3817,959.8846,8.6062,15.4586,11.2043,0.017,64.7134,291.3335,236.886,2.36886,2.8833392,0.556725706
87,PE,Rice Straw,25.7934,74.2066,59.8355,7.4078,32.5001,0.2127,0.0438,3.8681,6.3111,82.2491,274.7241,0.3826,7.5717,762.5702,11.7672,20.9716,7.1701,2.059,58.0199,335.5165,290.87,2.9087,4.6504012,0.56110168
88,PU,Elephant Grass,24.7985,75.2015,47.8149,5.9639,43.6139,2.5653,0.0422,0.4583,8.962,77.9235,166.5687,0.3265,12.6562,681.6888,9.5326,16.1588,13.5719,3.1498,57.5672,220.4602,180.8111,1.808111,4.193158,0.589932421
89,PET,Banana Stems,84.749,15.251,58.6303,4.5015,36.7173,0.1509,0,0.5425,1.5894,91.7551,261.8426,0.4015,6.113,681.889,6.0462,21.7339,10.7037,2.6648,58.8486,339.3604,273.2797,2.732797,4.3454594,0.278192133
90,PU,Sunflower Seed Hulls,22.5996,77.4004,73.67,4.2707,19.9108,2.1102,0.0384,0.774,8.2626,77.7008,256.0614,0.3116,13.2626,915.3183,11.6241,32.4957,1.4437,0.7629,53.6645,331.5561,295.716,2.95716,5.6229792,0.357711943
91,PE,Cotton Husk,39.7358,60.2642,64.5382,9.5115,24.9546,0.9281,0.0676,1.6995,3.6143,86.7472,306.1427,0.3383,7.939,946.2951,19.9882,24.3291,2.8938,0.5105,52.2647,373.8058,360.8508,3.608508,5.4069512,0.821575808
92,PS,Elephant Grass,45.3171,54.6829,63.7995,6.6942,28.3984,1.108,0,0.4239,6.4086,84.2332,256.8083,0.3297,8.9343,728.8703,12.1226,24.9279,5.3088,2.794,54.8432,327.064,288.8933,2.888933,5.4504082,0.486306508
93,PE,Hazelnut Shell,87.4373,12.5627,81.5606,10.4467,7.4845,0.3595,0.1486,0.1347,1.0757,97.9175,440.9303,0.3552,0.8721,682.8366,11.5366,18.3452,4.8203,3.7231,61.5462,497.6043,440.1484,4.401484,4.8903178,0.628862046
94,PE,Cocoa Beans Husk,0.7375,99.2625,43.5651,5.9292,47.5945,2.6221,0.2891,7.941,11.0292,67.7947,117.4252,0.289,13.2351,795.0413,13.4562,18.6295,13.0954,1.6178,53.0797,163.8738,139.0117,1.390117,4.379759,0.72230602
95,PU,Cotton Husk,5.9157,94.0843,51.3049,8.3912,38.7267,1.5671,0.0101,2.6533,5.6781,79.1986,239.3188,0.3689,12.47,919.0951,15.9735,18.3298,7.41,0.3162,57.9668,284.9266,255.3752,2.553752,4.1478924,0.87144977
96,PU,Rice Husk,3.3909,96.6091,49.6315,3.9443,45.5851,0.7468,0.0921,4.1542,7.6525,73.1684,143.0637,0.3192,15.0249,688.9118,6.1072,16.407,18.0533,2.4161,56.9769,200.765,155.0325,1.550325,3.5918234,0.372231365
97,PP,Cotton Stalk,14.3431,85.6569,51.8827,7.7865,38.0706,1.1528,1.1074,15.7624,9.0206,63.9231,231.072,0.4336,11.2939,946.132,11.8557,16.6076,8.7599,0.0689,62.4474,268.2085,228.2361,2.282361,3.3976394,0.713871962
98,PP,Pistachio Soft Shell,95.9712,4.0288,83.9473,13.516,2.4666,0.0701,0,0.7864,0.4009,97.7289,373.1939,0.2678,1.0838,766.6486,22.6503,21.1626,1.4317,3.3019,51.4485,436.2179,445.2871,4.452871,6.2948002,1.070298546
99,PP,Açaí Seed,43.0612,56.9388,63.9732,9.6117,25.9706,0.4446,0,8.091,5.2668,81.4789,350.6103,0.4249,5.1633,937.9961,15.3602,21.0079,4.6929,0.3006,58.6375,405.5482,367.506,3.67506,4.4135118,0.731163039
100,PET,Cocoa Beans Husk,45.3436,54.6564,51.829,5.1843,41.3715,1.4568,0.1585,4.3725,6.1682,79.8593,149.4627,0.2814,9.6,812.7234,14.043,27.783,7.7078,1.6628,48.7492,215.658,190.3156,1.903156,5.6125844,0.505452975
101,PP,Peach Stone,7.1885,92.8115,43.9471,7.4559,44.6614,3.6571,0.2784,2.3402,5.1355,71.7789,163.4926,0.3124,20.7454,921.3127,14.1044,12.8043,11.136,0.0912,61.7552,194.4911,166.8756,1.668756,3.1692666,1.101536203
102,PE,Soy Peel,66.6039,33.3961,72.3091,9.6974,16.7718,1.1085,0.1132,2.4115,3.786,90.7869,399.4026,0.3919,3.0156,765.6956,13.5542,22.5032,3.8054,2.2522,57.8646,470.8603,425.0637,4.250637,5.1055444,0.602323225
103,PP,Pistachio Soft Shell,77.3148,22.6852,76.4791,11.9694,11.1568,0.3947,0,4.4282,2.2572,89.5275,489.0732,0.424,3.7871,930.4639,16.6597,21.1809,3.0721,0.4674,58.6187,551.5178,512.5713,5.125713,4.6353702,0.786543537
104,PE,Cotton Stem,46.4344,53.5656,66.036,8.4341,24.6213,0.7076,0.201,2.4989,7.7987,77.7251,370.1002,0.4394,11.9773,825.238,10.725,17.1675,7.2536,0.9994,63.8177,418.0592,356.7304,3.567304,3.6791902,0.624726955
105,PU,Colza seed,54.1132,45.8868,55.8289,7.4632,31.8652,4.7506,0.092,4.2007,4.036,82.0834,223.8393,0.322,9.6799,739.9273,14.2879,21.8274,6.3023,2.6992,54.8563,286.2494,256.801,2.56801,5.2596592,0.654585521
106,PS,Nectarine Stone,45.7033,54.2967,67.5965,7.2607,24.7465,0.2715,0.1249,0.987,4.5426,83.9225,373.4463,0.4321,10.5479,806.4487,9.6915,19.0933,7.2286,1.2043,62.7583,432.2868,365.5406,3.655406,3.8835772,0.507586431
107,PS,Cocoa Pod Husk,37.4228,62.5772,57.1344,6.6841,35.0489,0.995,0.1377,6.8124,7.7135,78.8367,206.6448,0.3288,6.6374,812.7727,14.7465,25.9227,5.4835,1.708,52.1034,271.3625,244.7273,2.447273,5.4703462,0.568864354
108,PE,DDGS,98.2818,1.7182,85.4008,11.1307,2.9955,0.292,0.1808,0.2116,0.148,99.4091,556.2489,0.4156,0.2313,852.2663,14.703,23.4898,2.2284,1.2911,58.2647,638.1178,586.3381,5.863381,5.0098526,0.625931255
109,PU,Coconut Shell,23.5794,76.4206,50.6539,6.5686,41.6018,1.1355,0.0401,2.904,11.0696,81.9305,239.769,0.4446,4.0959,877.8,11.3416,20.2286,9.09,0.5072,58.822,296.8885,251.5087,2.515087,3.955274,0.560671524
110,PU,Rice Husk,80.2901,19.7099,62.4138,7.3954,26.5411,3.4955,0.1541,0.8475,2.0387,92.8625,268.7731,0.3248,4.2513,997.0147,19.1806,28.9804,1.9113,0.2948,49.6011,351.3857,338.0483,3.380483,5.8285736,0.661847317
111,PE,Colza seed,95.3549,4.6451,84.0393,10.9817,4.3659,0.4511,0.1621,0.4252,0.3757,98.2818,556.6391,0.4262,0.9173,986.4839,16.0834,23.8311,1.9854,0.217,57.8636,636.1314,591.037,5.91037,4.8174118,0.674891214
112,PET,Rice Straw,63.1932,36.8068,57.9658,4.98,36.9562,0.098,0,1.9186,3.2631,87.8424,247.3148,0.3867,6.9759,798.9414,9.2222,24.0476,8.4359,1.3608,56.932,318.9603,266.7446,2.667446,4.5131616,0.38349773
113,PP,Banana Stems,8.5097,91.4903,42.9264,6.1507,50.1734,0.7495,0,3.2547,8.4672,77.4927,120.7106,0.281,10.7854,821.2519,15.6889,21.4751,12.1218,1.4576,49.2545,173.6897,151.491,1.51491,4.9220846,0.730562372
114,PE,Cherry Stone,3.1126,96.8874,49.7344,6.3653,43.2877,0.4232,0.1894,0.985,7.3427,71.166,176.5928,0.3208,20.5063,804.691,10.8596,13.8588,13.1568,1.0618,60.9933,216.0299,178.2063,1.782063,3.29917,0.783588767
115,PU,Sugarcane Straw,20.823,79.177,47.7844,6.4432,44.6994,1.0376,0.0354,9.4945,6.0407,76.2595,169.6878,0.3475,8.2053,969.6132,15.431,23.403,8.1602,0.1115,52.883,223.7443,198.2714,1.982714,4.655243,0.659359911
116,PP,Sorghum Bagasse,53.4538,46.5462,77.5388,11.4266,10.9321,0.0372,0.0652,2.8261,4.2048,86.0892,453.0483,0.3959,6.8799,971.7733,17.8625,22.3605,2.5173,0.2726,56.9774,516.9247,488.0633,4.880633,4.8441638,0.798841707
117,PU,Sunflower Seed Hulls,3.0712,96.9288,75.6834,3.2591,19.4694,1.5829,0.0052,0.9693,10.1959,72.6019,342.6894,0.4315,16.2329,651.8279,2.5276,16.8707,11.4212,2.1252,67.0526,407.0027,315.3506,3.153506,3.1595106,0.149821881
118,PS,Sorghum Stalk,72.2087,27.7913,77.8347,8.0404,13.2782,0.3616,0.485,1.5524,2.7834,89.7248,317.4266,0.2995,5.9394,680.5269,11.2622,19.1094,5.4688,3.808,60.2459,368.5434,323.8227,3.238227,4.987366,0.589353931
119,PP,Nectarine Stone,57.0438,42.9562,69.6705,10.5724,19.4435,0.2148,0.0988,0.7085,3.5938,87.0676,293.7275,0.2858,8.6301,678.3832,15.9516,18.8326,4.7034,4.6756,55.8085,347.0256,323.2993,3.232993,5.7695452,0.847020592
120,PET,Rubber Wood,8.8857,91.1143,51.9531,6.3492,41.5115,0.1862,0,4.4074,6.3754,75.2028,190.6412,0.3369,14.0144,688.2188,9.566,16.2583,12.4692,3.0187,58.6833,241.8611,199.6064,1.996064,4.1623684,0.588376399
121,PS,Cherry Stone,26.7279,73.2721,59.6969,6.8213,33.0275,0.3151,0.1392,0.7983,5.553,78.141,264.5652,0.3651,15.5077,657.6303,7.9723,15.1833,11.0505,3.3949,62.3587,317.6418,260.7611,2.607611,3.9894784,0.525070308
122,PET,Soy Peel,89.7004,10.2996,60.4061,4.5774,34.6904,0.3262,0,0.7437,1.356,92.3996,240.792,0.3524,5.5007,922.412,11.8528,30.4832,4.675,0.4457,52.5425,322.1262,281.7559,2.817559,5.2805462,0.388830569
123,PE,Rice Straw,28.3213,71.6787,60.7261,7.537,31.4761,0.2127,0.0481,3.7363,6.0961,82.8531,224.3373,0.304,7.3145,860.5049,18.2344,27.4866,3.4505,1.3789,49.4367,294.3122,278.8193,2.788193,5.926273,0.663392344
124,PE,Durian Shell,51.181,48.819,73.4482,9.8672,14.9474,1.6013,0.1358,3.2741,2.147,86.3272,368.5851,0.3502,8.2517,959.151,19.1392,24.7418,1.9589,0.4718,53.666,440.4475,423.7895,4.237895,5.3534048,0.7735573
125,PE,Spirulina Sp.,69.2023,30.7977,71.5913,9.6324,16.2897,2.1934,0.2932,0.6096,1.7707,92.352,341.2818,0.3245,5.2677,786.585,17.4009,25.5865,2.004,2.4561,52.5021,422.0229,402.2128,4.022128,5.98248,0.680081293
126,PS,Cotton Stalk,49.4599,50.5401,67.9846,7.6248,23.0571,0.6802,0.6534,9.3992,5.3224,78.657,349.2061,0.4338,6.6214,775.4855,9.8329,20.0406,6.5443,1.675,61.7926,408.0107,347.5986,3.475986,4.1867188,0.490648983
127,PET,Corn Cobs,51.3742,48.6258,55.0852,5.1925,39.4537,0.2686,0,0.2934,6.8149,82.2232,244.724,0.4131,10.6685,793.225,7.9577,18.4242,11.605,1.1406,60.8713,304.9465,247.0763,2.470763,3.5892156,0.431915633
128,PS,Nectarine Stone,96.5943,3.4057,88.7826,8.4195,2.7731,0.017,0.0078,0.2494,0.2849,98.8041,535.214,0.4169,0.6616,895.0544,12.7216,26.6004,1.5231,0.8892,58.2637,624.9047,563.8165,5.638165,5.0439168,0.478248447
129,PU,Sorghum Stalk,13.0656,86.9344,48.3166,7.0405,41.4236,1.6798,1.5395,4.4042,8.7851,68.0369,207.6808,0.3875,18.7738,982.5018,9.8294,13.0375,11.358,0.0065,65.292,239.9877,197.0171,1.970171,2.7066272,0.753932886
130,PET,Sugarcane Straw,34.3579,65.6421,49.6359,5.4013,44.8172,0.1457,0,7.8715,4.9767,78.8541,167.9022,0.3429,8.2977,837.2521,12.1696,23.5863,10.0831,1.0791,53.0805,228.304,194.33,1.9433,4.6725084,0.515960536
131,PP,Sugarcane Straw,2.492,97.508,44.1341,6.1567,49.5084,0.2008,0,11.6927,7.2854,71.2865,127.1583,0.3094,9.7354,713.3577,11.9055,18.5662,13.8736,2.9711,52.6794,177.3037,148.3926,1.483926,4.688789,0.64124592
132,PP,Cocoa Pod Husk,94.0227,5.9773,82.679,13.3569,3.856,0.095,0.0131,0.6436,0.7368,97.5155,450.9358,0.3303,1.1041,987.5487,23.5749,25.7013,0.3236,0.8476,49.5497,544.2457,558.7021,5.587021,6.0878938,0.917264885
133,PP,Rice Husk,66.7874,33.2126,73.44,10.5095,15.813,0.2078,0.0297,1.4281,2.6238,90.4662,459.6848,0.4237,5.4819,681.5544,10.1302,17.5713,6.181,3.3238,62.7843,520.9338,449.6054,4.496054,4.4979658,0.576519666
134,PE,Colza seed,85.2129,14.7871,79.8019,10.505,8.5707,0.9775,0.1449,1.3537,1.196,94.5737,503.3872,0.4186,2.8766,801.4867,13.2615,21.8607,3.4126,1.7109,59.7337,576.1603,518.489,5.18489,4.7991924,0.606636567
135,PU,Sunflower Seed Hulls,89.0344,10.9656,66.8206,7.712,21.4122,3.9039,0.1514,0.1097,1.6855,95.047,332.5825,0.3622,3.1578,827.4204,14.6585,26.2166,2.9176,1.5988,54.5795,414.5729,379.6072,3.796072,5.45878,0.559130475
136,PP,Coconut Shell,29.8885,70.1115,57.8341,8.3747,33.658,0.1332,0,2.6642,10.026,83.7249,217.1654,0.3091,3.5849,919.8502,21.0216,27.7421,2.9393,0.8548,47.4405,287.4332,281.1465,2.811465,6.0718558,0.757750855
137,PP,Colza seed,96.2233,3.7767,83.9979,13.5724,2.2257,0.2039,0,0.3457,0.3055,98.1373,474.9006,0.3381,1.2115,883.9081,21.4731,24.772,0.6873,1.6173,51.4481,565.1283,566.8394,5.668394,6.0193602,0.866829485
138,PP,Chlorella Vulgaris,61.189,38.811,72.5738,10.9974,12.3536,3.8617,0.2135,0.7473,3.5603,89.1048,484.1923,0.4392,6.5876,670.2233,9.467,15.5076,6.6181,3.3926,64.9784,540.0093,461.8766,4.618766,4.1909444,0.610474864
139,PP,Colza seed,77.6545,22.3455,76.3179,12.2076,10.2679,1.2067,0,2.0456,1.8074,91.4375,475.5915,0.3972,4.7095,850.4798,16.8551,21.0676,2.9925,1.3016,57.7812,541.5828,506.7736,5.067736,4.9408412,0.800048416
140,PET,Cotton Husk,97.5454,2.4546,61.881,4.4334,33.6214,0.0643,0,0.0692,0.3521,94.2809,189.2219,0.2659,5.2978,976.6262,16.1729,38.3094,0.862,0.6509,44.004,281.1584,264.0348,2.640348,6.8066798,0.422165317
141,PP,Plum Stone,84.6608,15.3392,79.8324,12.7379,7.2702,0.1335,0.0261,3.2543,1.1283,94.6257,420.9971,0.3345,0.9917,786.8486,19.1264,24.0196,1.4405,2.6956,52.7108,502.0585,490.3778,4.903778,6.0571456,0.796283036
142,PU,Cotton Stalk,2.2734,97.7266,46.6856,6.8055,43.8309,1.4107,1.2673,17.9835,10.3053,58.8739,121.3556,0.2856,12.8373,916.9022,18.1133,22.3143,8.307,0.4548,50.3735,164.1178,149.5069,1.495069,4.9306566,0.811735076
143,PE,Rice Straw,79.1388,20.8612,78.6302,10.1339,10.8906,0.2108,0.1345,1.0874,1.7742,94.9954,411.9452,0.3539,2.143,845.7142,17.1977,26.2227,1.3949,1.6943,53.4692,497.4084,473.1547,4.731547,5.7679712,0.655832542
144,PS,Rice Straw,67.3752,32.6248,77.3291,7.7116,14.8896,0.0697,0,1.8354,2.7747,92.0633,299.4572,0.2896,3.3266,968.377,19.299,30.0667,0.3706,0.955,49.3075,381.6043,372.8523,3.728523,6.2145862,0.641872903
145,PS,Soybean Cake,82.996,17.004,84.3666,8.1699,5.8837,1.5797,0,1.0451,5.6113,91.6483,293.4271,0.2579,1.6953,764.0558,16.4998,24.6386,1.6802,2.966,54.2117,352.6048,334.3678,3.343678,5.94827,0.66967279
146,PS,Rice Husk,61.0724,38.9276,74.1885,6.6655,18.8676,0.2435,0.0348,1.796,3.0753,89.0949,258.2315,0.2728,6.0338,676.6643,10.65,19.942,6.4622,3.8627,59.069,309.379,268.6161,2.686161,5.0457386,0.534048741
147,PP,Cotton Stalk,6.3907,93.6093,48.7561,7.2236,41.5503,1.2598,1.2102,17.2258,9.8581,60.6201,200.9775,0.4307,12.296,925.1021,10.7687,15.2497,10.4792,0.0804,63.1005,236.0324,196.6741,1.966741,3.113265,0.706158154
148,PE,DDGS,67.2577,32.7423,74.9437,9.8801,13.0265,1.7731,0.3767,4.0323,2.8206,89.1014,456.3505,0.43,4.0457,749.7343,11.3128,19.9416,4.8687,2.2049,61.6154,521.4174,456.7102,4.567102,4.5237782,0.567296506
149,PP,Peach Stone,58.4684,41.5316,66.9389,10.9888,20.3112,1.6365,0.1246,1.0472,2.2981,87.0952,431.0939,0.4235,9.5595,991.8285,16.1503,19.1459,4.2701,0.0778,60.336,481.4072,440.6159,4.406159,4.1844682,0.843538303
150,PP,Soy Peel,32.0612,67.9388,58.0343,8.9929,31.0025,1.9704,0,4.9058,7.7021,81.1241,210.7305,0.2868,6.268,977.7509,24.0352,27.1527,2.2728,0.4608,46.0771,279.371,283.6953,2.836953,6.1820082,0.885186372
151,PU,Colza seed,90.3862,9.6138,63.624,8.1089,23.7981,4.3154,0.1537,0.8801,1.3198,94.5943,255.2853,0.2894,3.2058,946.798,21.7295,30.1104,0.8216,0.9847,46.3232,344.9769,345.5229,3.455229,6.493219,0.721660954
152,PP,Durian Shell,96.1449,3.8551,84.5866,13.6426,1.649,0.118,0.0039,0.2585,0.1695,98.4405,427.3602,0.3011,1.1315,668.4999,15.5705,15.2407,3.9634,4.8604,60.3558,465.781,434.7047,4.347047,5.3419654,1.021639426
153,PU,Sugarcane Straw,71.8237,28.1763,59.318,7.6263,29.8589,3.0746,0.1221,3.3788,2.5361,90.2054,330.4214,0.4331,3.8797,856.0042,12.2908,21.141,6.2217,0.873,59.4489,395.7512,345.0222,3.450222,4.3037064,0.581372688
154,PS,Sorghum Bagasse,67.78,32.22,83.1529,8.5442,8.232,0.0258,0.0451,2.0919,2.9106,90.4201,444.1237,0.3871,4.5774,927.2554,14.8137,26.5615,1.5825,0.6738,56.3613,525.1011,483.6654,4.836654,5.187849,0.557713232
155,PP,Soy Peel,7.809,92.191,48.2083,7.259,41.8588,2.6738,0,6.657,10.4515,74.5645,195.0239,0.3769,8.327,673.7225,9.9097,15.4068,11.7185,3.382,59.5774,244.7638,203.9015,2.039015,4.2222604,0.643203001
156,PU,Coconut Shell,19.9219,80.0781,49.9343,6.4867,42.5562,0.9889,0.0339,3.043,11.5707,81.1657,178.2142,0.341,4.2206,887.9419,16.0066,26.0642,6.6571,0.809,50.4525,241.5534,218.1393,2.181393,5.302424,0.614122052
157,PE,Cotton Husk,76.4249,23.5751,77.5921,10.5395,11.2476,0.4909,0.1299,0.6648,1.4139,94.8034,405.0162,0.3451,3.1179,679.9847,12.2916,18.3396,4.916,3.9374,60.4884,461.499,411.5711,4.115711,5.0478716,0.670221815
158,PS,Cotton Stem,43.1293,56.8707,66.6257,7.0976,25.4995,0.6478,0.1296,2.7393,8.2799,76.2743,255.4859,0.3202,12.7065,671.0289,10.1571,20.1264,7.2371,3.8505,58.5934,312.1742,268.3931,2.683931,5.0113722,0.504665514
159,PET,Sorghum Bagasse,65.5059,34.4941,64.2938,5.8203,29.7899,0.0476,0.0483,2.0944,3.2536,86.4107,205.6052,0.2694,8.2413,704.8886,12.0252,25.9949,5.924,3.4596,52.5786,272.2613,240.0632,2.400632,5.8126158,0.462598433
160,PET,Safflower Seed,61.5979,38.4021,57.3064,5.318,36.2047,1.1709,0,0.5402,3.7546,82.0645,182.3733,0.2796,13.6407,783.9305,13.1648,26.4917,7.0244,1.9786,51.3381,249.8015,219.7717,2.197717,5.4680914,0.496940551
161,PET,Rubber Wood,65.8281,34.1719,58.3381,5.0896,36.4833,0.089,0,1.653,2.5223,87.3814,262.8433,0.4008,8.4433,729.7841,7.463,20.5588,10.3561,2.0407,59.5792,332.1576,270.8771,2.708771,4.1269834,0.363007569
162,PU,Cocoa Pod Husk,28.7712,71.2288,45.5109,6.3711,45.5715,2.3409,0.2056,7.6691,8.9525,75.3946,137.4849,0.3017,7.9838,739.9519,14.0107,21.7632,10.4436,2.7197,50.9873,193.4375,168.5779,1.685779,5.2289714,0.643779407
163,PET,Spirulina Sp.,53.5964,46.4036,51.5389,5.1579,39.9365,3.1022,0.2645,0.9185,2.7804,85.6515,181.4207,0.3172,10.6496,706.9502,9.8008,21.7771,10.7869,2.8093,54.7364,248.9919,207.7865,2.077865,4.8081304,0.450050741
164,PP,Plum Stone,65.3706,34.6294,72.6294,11.3394,15.6711,0.3013,0.0589,7.3468,2.5473,88.4957,307.7736,0.2964,1.6102,662.3565,14.6417,16.4323,5.1579,5.0458,58.702,351.072,322.1368,3.221368,5.4581698,0.891031688
165,PP,Beetroot Pellets,90.8267,9.1733,81.2834,13.0593,5.5014,0.1092,0.0468,0.0742,0.6456,97.6211,406.5895,0.3031,1.6591,792.5113,21.1095,23.3322,1.2605,2.7609,51.5265,484.0651,484.4563,4.844563,6.2080854,0.904736802
166,PU,Cherry Stone,92.445,7.555,64.3966,8.1236,23.3931,3.9152,0.1715,0.0768,1.1271,95.8198,304.1118,0.3372,2.9763,881.3176,17.7951,27.3073,2.2055,1.1988,51.4608,388.1767,368.711,3.68711,5.791761,0.651660911
167,PET,Cherry Stone,23.9121,76.0879,51.822,5.7613,41.9376,0.3345,0.1446,0.7735,5.8166,76.0868,244.6956,0.4299,17.3231,757.6693,5.8988,10.2401,15.6031,1.0293,67.1854,288.2456,223.9052,2.239052,2.2958124,0.576049062
168,PE,Nectarine Stone,5.3715,94.6285,50.5795,6.4875,42.2218,0.4844,0.2268,1.5608,7.9168,72.1384,206.8976,0.3692,18.384,728.1743,8.0254,11.3922,14.292,1.8482,64.3671,247.0879,197.8234,1.978234,2.963816,0.704464458
169,PET,Nectarine Stone,66.9698,33.0302,57.6778,4.9567,37.1039,0.1856,0.076,0.5448,2.904,86.7192,186.996,0.2893,9.832,953.1328,15.3442,31.3537,4.5678,0.3606,48.3514,262.0281,237.6604,2.376604,5.7368346,0.489390407
170,PU,Rice Straw,91.6321,8.3679,64.4397,8.0967,23.4414,3.8664,0.1558,0.4362,1.2614,96.0839,377.7839,0.4212,2.2185,857.7891,13.2198,22.8386,4.5345,0.9975,58.3822,452.0695,402.3572,4.023572,4.662507,0.578835831
171,PET,Cotton Stalk,49.3999,50.6001,54.1111,5.567,38.9716,0.6961,0.6542,9.3113,5.4325,76.1075,144.3312,0.2624,9.1487,896.4749,17.6239,31.0002,4.7778,0.9456,45.4511,210.6327,195.9475,1.959475,6.1479312,0.568509235
172,PU,DDGS,60.1877,39.8123,60.3485,7.8376,26.8805,4.5121,0.4213,4.903,3.7907,85.5066,276.4019,0.3588,5.7997,787.9098,14.2785,23.2333,4.7678,1.9727,55.6584,344.243,310.72,3.1072,5.1757004,0.614570466
173,PP,Nectarine Stone,90.2566,9.7434,81.9559,13.1066,4.8664,0.0487,0.0224,0.1607,0.8151,96.6801,364.1184,0.2698,2.3441,906.9757,25.8842,24.3503,0.4613,1.6868,47.6117,443.0847,469.448,4.69448,6.4675058,1.062993064
174,PP,Olive Pomace,74.8017,25.1983,78.1054,11.9253,9.8198,0.1238,0.0258,1.2366,1.8665,94.0964,382.6348,0.3139,2.8005,697.6033,15.9363,19.2304,3.5896,4.0515,57.1815,439.1557,410.8436,4.108436,5.5945878,0.828703511
175,PS,Rubber Wood,47.6444,52.3556,69.6541,7.4754,22.765,0.1054,0,2.6278,3.6527,85.9271,285.3401,0.3189,7.7924,878.0746,16.9244,28.4072,2.0944,1.2347,51.3378,362.3786,341.2793,3.412793,5.849165,0.595778535
176,PS,Açaí Seed,62.2111,37.7889,74.1202,7.707,17.8778,0.2951,0,5.4942,3.4955,87.7264,399.2608,0.4235,3.2839,662.7159,7.0484,17.7085,7.7797,3.3004,64.1588,460.9776,382.2627,3.822627,4.1740414,0.398023548
177,PS,Sorghum Stalk,72.433,27.567,77.9345,8.0441,13.1816,0.3586,0.4811,1.5414,2.7609,89.8062,383.7748,0.3615,5.8915,681.984,9.2944,19.4567,5.8463,3.3576,61.9559,443.7851,380.6086,3.806086,4.6573602,0.477696629
178,PP,DDGS,83.1097,16.8903,79.9378,12.7215,6.3635,0.8418,0.1353,2.0801,1.455,93.9693,447.1703,0.351,2.4956,776.5304,17.9557,23.1299,1.8347,2.6264,54.4321,525.9176,505.388,5.05388,5.7938342,0.776298211
179,PE,Cotton Stalk,16.5023,83.4977,52.8009,7.5021,37.4311,1.1584,1.1075,15.3651,8.7932,64.8991,186.2055,0.3451,10.9426,674.0843,10.7746,16.8661,10.0885,3.6332,58.3286,232.2828,197.1486,1.971486,4.589471,0.638831739
180,PP,Elephant Grass,43.4043,56.5957,60.8619,8.9545,29.0369,1.1467,0,0.3449,6.6327,83.5585,314.3403,0.3854,9.4639,705.5862,11.6279,17.4783,7.4629,2.9258,60.5006,369.1408,320.2846,3.202846,4.5055154,0.665276371
181,PU,Coffee Husk,64.0823,35.9177,57.3845,7.5371,32.278,2.6915,0.1089,0.8141,3.7385,89.836,214.8882,0.2906,5.6114,706.0307,15.1225,25.3129,5.0526,3.8387,50.6403,288.2884,264.4877,2.644877,6.19691,0.597422658
182,PS,Sorghum Bagasse,87.9648,12.0352,87.5679,8.5146,3.891,0.0096,0.0169,0.9067,1.0872,96.2963,559.5096,0.4477,1.7098,844.8627,10.8049,23.8595,3.0398,1.0888,61.2037,639.8315,561.0867,5.610867,4.5630166,0.452855257
183,PET,Spirulina Sp.,5.4286,94.5714,40.5037,6.0136,46.653,6.2907,0.5391,1.8719,5.4486,76.2693,183.0576,0.4217,16.4102,992.4768,5.85,8.7934,15.8939,0.0004,69.2551,218.9788,168.9725,1.689725,1.7399116,0.665271681
184,PET,Castor Seed Hull,43.8265,56.1735,52.0924,4.9832,42.7874,0.137,0,1.1302,1.9286,83.9039,196.1343,0.3476,13.0373,684.7433,7.3286,17.1093,14.4201,2.7283,58.4101,258.477,206.267,2.06267,3.923992,0.428340142
185,PS,Banana Stems,3.7659,96.2341,40.8906,5.5499,52.7711,0.7883,0,3.431,8.9062,76.3629,130.2912,0.3442,11.2999,813.0483,10.567,15.9828,16.705,0.9623,55.7815,179.1827,144.3501,1.443501,3.4995722,0.661148234
186,PS,Açaí Seed,68.4576,31.5424,76.7782,7.8376,15.1379,0.2463,0,4.6191,2.9177,89.7222,268.8341,0.2688,2.741,996.1909,21.0887,29.9054,0.2871,0.8291,47.8886,345.8858,344.9228,3.449228,6.3424778,0.705180335
187,PE,Pistachio Soft Shell,41.0381,58.9619,62.1299,7.8746,28.8136,1.1121,0.0698,11.5094,5.8667,73.7773,287.9049,0.4041,8.8466,849.5095,12.7829,20.5399,6.2458,0.9632,59.4531,340.5353,298.4568,2.984568,4.3134062,0.622344802
188,PP,Açaí Seed,59.7263,40.2737,70.2913,10.8522,18.5421,0.3145,0,5.7229,3.7253,86.7534,413.7981,0.4167,3.7984,672.6804,10.6123,17.491,6.2483,3.7029,61.9398,472.5477,410.3774,4.103774,4.6756326,0.606729175
189,PE,Rice Straw,5.7971,94.2029,52.7904,6.386,40.6004,0.2135,0.0099,4.9104,8.0118,77.4712,254.0418,0.4488,9.6066,744.6109,7.591,14.4739,12.6109,1.6644,63.6554,304.7174,245.1738,2.451738,3.2393946,0.524461272
190,PU,Cherry Stone,57.0163,42.9837,58.3312,7.3902,31.5205,2.5795,0.1786,0.437,3.5996,86.0166,281.2394,0.3739,9.9468,664.1432,9.2418,17.2879,9.2009,3.6005,60.6216,342.4567,287.9907,2.879907,4.4653688,0.534581991
191,PP,Coffee Husk,15.0301,84.9699,49.0282,7.3598,43.6119,0,0,1.9258,7.9347,79.0483,233.7019,0.4145,11.0912,799.3203,10.6558,14.8804,11.4732,1.1899,61.799,278.9166,232.0969,2.320969,3.451741,0.716096341
192,PE,Durian Shell,2.919,97.081,61.0593,8.5497,27.3122,2.9768,0.102,6.5108,4.2694,72.8304,218.8779,0.2803,16.3894,761.4769,17.9021,21.6114,4.7799,2.6167,53.0609,273.2136,257.1827,2.571827,5.5932418,0.828363734
193,PET,Cotton Husk,39.2452,60.7548,55.0194,6.803,37.314,0.8635,0,1.7133,3.7261,84.5635,244.4759,0.3686,9.9971,796.7055,12.1193,20.3258,8.4632,1.5582,57.5314,304.1916,261.9426,2.619426,4.4277708,0.596252054
194,PE,Banana Stems,76.9858,23.0142,75.159,9.8731,14.4868,0.3502,0.1309,0.8187,2.1299,94.3337,278.0773,0.2526,2.7177,935.4541,24.609,27.6191,0.4318,1.4028,45.9117,357.4274,372.323,3.72323,6.639981,0.891013827
195,PP,Cotton Husk,16.8142,83.1858,56.3122,9.3149,33.207,1.1659,0,2.3459,4.989,81.6334,326.0052,0.4291,11.0317,940.3132,14.0924,17.1044,6.859,0.1468,61.7965,368.9208,325.1822,3.251822,3.729688,0.82390496
196,PP,Banana Stems,67.9188,32.0812,70.6105,11.1502,17.9765,0.2628,0,1.1413,2.969,91.7831,405.7797,0.381,4.1066,672.927,12.0634,18.2856,5.5056,4.0764,60.0627,467.8137,414.9624,4.149624,5.066184,0.659721311
197,PU,Safflower Seed,75.8541,24.1459,61.782,7.946,26.2327,3.9102,0.129,0.3396,2.7345,89.1942,241.5341,0.2881,7.7317,831.793,19.2581,27.344,2.4912,1.8528,49.023,319.1755,308.5729,3.085729,6.1885212,0.704289789
198,PET,Sorghum Bagasse,98.8597,1.1403,62.2401,4.3827,33.3444,0.0312,0.0016,0.0692,0.3106,94.4164,316.4194,0.4423,5.2038,673.8145,4.8326,20.2787,10.8256,2.5037,61.5566,396.8059,315.5218,3.155218,3.9733616,0.238309162
199,PS,Sorghum Bagasse,29.7314,70.2686,74.8305,8.5999,16.4149,0.0562,0.0984,4.326,6.3477,79.3434,265.5097,0.2748,9.9829,651.998,11.6314,16.0482,6.6376,4.803,60.8489,304.4535,267.8559,2.678559,4.9977384,0.724779103
200,PE,Coffee Husk,23.1987,76.8013,52.6376,7.369,39.9052,0.0487,0.0394,1.7407,7.1719,81.1258,249.3878,0.401,9.9616,817.3163,11.8372,17.7348,9.4714,1.1613,59.7838,300.6188,256.0831,2.560831,3.9287478,0.667456075
201,PP,Pistachio Soft Shell,58.7435,41.2565,69.045,10.4298,19.8073,0.7179,0,8.0533,4.105,81.3636,419.7251,0.4491,6.4781,833.5686,12.8054,18.1907,5.5615,1.1074,62.3333,469.9984,414.0821,4.140821,4.0714606,0.703953119
202,PET,Cotton Stem,53.3395,46.6605,55.9068,5.1281,38.311,0.5478,0.1063,2.1768,6.9054,77.7722,166.6823,0.2817,13.1456,958.9388,15.4614,28.7728,5.9865,0.2549,49.491,230.7328,207.5132,2.075132,5.3864582,0.537361675
203,PET,Coconut Shell,74.4378,25.5622,58.0403,4.7699,37.1185,0.0713,0,0.9714,3.8117,90.168,211.8733,0.3334,5.0489,903.09,12.9223,31.1065,4.8006,0.6631,50.5067,291.2143,257.5727,2.575727,5.5524172,0.415421214
204,PU,DDGS,78.9457,21.0543,62.8652,8.0461,24.4208,4.365,0.3029,2.5929,2.2873,91.3507,252.2068,0.2983,3.7691,812.4888,18.5038,28.3856,1.897,2.2064,48.942,335.037,323.0613,3.230613,6.3648872,0.651872781
205,PET,Coffee Husk,1.4509,98.5491,42.8506,6.1846,50.9644,0.0004,0,2.2336,9.2058,75.7101,186.4202,0.4357,12.8505,657.1015,4.833,6.8918,19.6062,2.3186,66.3472,227.8508,172.4469,1.724469,2.2203896,0.701268174
206,PU,Spirulina Sp.,52.0714,47.9286,53.0225,7.2399,34.0016,5.3743,0.3617,0.9487,3.0679,87.0313,287.7832,0.4238,8.9521,992.3521,12.541,19.4052,7.1287,0.0316,60.8113,343.3898,297.2404,2.972404,3.810796,0.646270072
207,PU,Soybean Cake,20.6768,79.3232,57.9178,6.9264,26.8828,8.2379,0.0352,4.101,26.3007,61.3817,147.9369,0.2673,8.2166,722.0487,15.7421,25.7618,4.0161,3.5624,50.9034,201.9206,187.5135,1.875135,6.2214728,0.611063668
208,PP,Soy Peel,38.6075,61.3925,60.6865,9.4609,28.072,1.7806,0,4.4331,6.9599,82.8948,326.3048,0.4096,5.7122,949.9438,16.2911,21.1596,4.6694,0.2538,57.6252,382.191,349.7359,3.497359,4.5164088,0.76991531
209,PP,Chlorella Vulgaris,83.5012,16.4988,80.0395,12.6373,5.5908,1.6416,0.0907,0.3177,1.5135,95.0809,485.1494,0.3738,3.0879,923.1832,19.7129,23.3214,1.5792,0.8188,54.5551,563.5402,548.1572,5.481572,5.36062,0.845270867
210,PU,Olive Pomace,33.3386,66.6614,59.2147,6.9012,32.0316,1.7277,0.1249,3.2713,5.1379,84.6749,300.6685,0.4228,6.9159,691.8619,8.1719,17.6045,9.5151,2.7338,61.9443,362.4464,299.9458,2.999458,4.0794326,0.464193814
211,PU,Cotton Stem,42.9551,57.0449,56.025,7.0001,34.3181,2.4539,0.203,2.6612,8.5629,75.3905,215.5626,0.3308,13.3854,981.2055,16.3387,23.0459,5.7383,0.1169,54.7079,269.7121,245.0271,2.450271,4.7102132,0.708963416
212,PET,Soy Peel,52.263,47.737,53.9947,5.4636,39.1412,1.4005,0,3.447,5.5216,84.0744,187.1144,0.3226,6.957,981.2892,15.4069,29.0489,5.3576,0.1627,50.0233,256.7371,231.6195,2.316195,5.3823532,0.530378087
213,PS,Açaí Seed,42.5074,57.4926,65.7357,7.2951,26.5204,0.4489,0,8.2547,5.3181,81.4311,253.0161,0.3285,4.9961,809.3392,15.2759,27.8767,3.028,1.9276,51.8895,325.0244,299.8646,2.998646,5.8523422,0.54798093
214,PP,Sorghum Stalk,46.6886,53.3114,64.313,10.1204,23.9425,0.6936,0.9304,2.7008,5.3393,80.3331,353.2378,0.3923,11.6268,912.4313,16.2515,19.2921,4.8128,0.4796,59.0002,402.7652,368.3209,3.683209,4.3576634,0.842391445
215,PS,Cotton Stem,72.0361,27.9639,78.6084,7.8089,13.2004,0.3185,0.0637,1.4486,4.0713,88.2322,322.7851,0.308,6.2479,866.8246,16.6865,28.9229,0.8721,1.6615,51.8443,403.0949,382.5845,3.825845,6.0412444,0.576930391
216,PET,Soy Peel,2.7504,97.2496,45.5155,6.6356,45.0275,2.8214,0,7.0223,11.0308,73.0639,201.5597,0.4403,8.883,656.9704,6.4958,10.6548,15.4567,2.9224,64.4658,247.2129,194.7871,1.947871,3.0902704,0.609659496
217,PS,Soy Peel,48.2744,51.7256,66.8433,7.5679,24.0887,1.5002,0,3.8316,5.864,85.6543,366.0983,0.44,4.6501,782.2871,10.0439,20.5809,6.3784,1.6087,61.3862,430.4037,367.7984,3.677984,4.2538492,0.488020446
218,PE,Hazelnut Shell,77.6805,22.3195,78.1283,9.8617,11.4023,0.4756,0.1321,0.2394,1.9111,96.3156,316.115,0.2736,1.5339,723.8936,17.0945,21.7919,2.911,3.6321,54.5398,375.2651,356.3996,3.563996,5.8922772,0.784442843
219,PS,Castor Seed Hull,43.2446,56.7554,64.1097,6.7904,28.9751,0.1249,0,1.2284,1.8556,86.0019,324.9394,0.3989,10.9141,680.1784,7.8887,17.8191,9.2148,2.9361,62.1373,388.0053,321.1008,3.211008,4.14831,0.44271035
220,PS,Cotton Stem,29.6934,70.3066,61.0561,6.767,31.216,0.8008,0.1602,3.3393,10.236,70.7162,173.6023,0.2517,15.7085,684.5772,13.8341,23.4504,6.5664,4.2529,51.843,230.0454,206.5827,2.065827,5.9713714,0.589930236
221,PE,Cotton Stalk,0.5292,99.4708,46.4538,6.7946,44.1249,1.3398,1.2869,18.3044,10.4754,58.1881,187.6612,0.4475,13.0321,915.9295,8.8724,13.0618,12.514,0.0465,65.1353,220.2165,178.0315,1.780315,2.620653,0.679263195
222,PP,Beetroot Pellets,41.3575,58.6425,58.2209,8.795,31.9872,0.6978,0.2991,0.4743,4.1268,87.4891,328.5123,0.4157,7.9098,753.4152,11.5986,17.1463,7.9069,2.0723,61.2125,383.3459,330.249,3.30249,4.154966,0.676449146
223,PP,Soybean Cake,47.3386,52.6614,69.9363,10.0181,15.1531,4.8925,0,2.7226,17.3783,74.4121,375.3457,0.4339,5.487,851.0795,13.597,19.8108,4.4606,1.0226,61.1075,427.3995,382.1353,3.821353,4.3307276,0.686342803
224,PE,Chlorella Vulgaris,8.7026,91.2974,55.0484,6.909,28.4232,9.1024,0.5169,1.7579,8.3752,75.0884,197.6343,0.2955,14.7785,916.047,17.9483,23.1274,4.6135,0.6007,53.5725,255.7626,238.6535,2.386535,5.0675194,0.77606216
225,PE,Cotton Stem,46.1694,53.8306,65.9374,8.4204,24.7311,0.7101,0.2011,2.5113,7.8372,77.615,269.784,0.3212,12.0365,966.3437,19.2418,25.1502,2.9364,0.3553,52.2754,332.2613,317.7206,3.177206,5.374237,0.765075427
226,PET,Olive Pomace,11.6448,88.3552,56.6975,5.9929,36.7816,0.4376,0.0904,4.3359,6.5693,79.9927,206.3798,0.3323,9.1021,985.4687,15.3807,27.0871,5.3254,0.1311,52.0518,270.4756,243.9464,2.439464,5.121024,0.567823798
227,PE,Elephant Grass,57.0667,42.9333,67.0637,8.624,23.2255,0.9898,0.097,0.2616,5.0316,87.6808,266.9291,0.2932,7.026,918.6678,21.2126,28.4008,1.4177,1.0596,47.8889,346.4952,343.6629,3.436629,6.2487984,0.746901496
228,PU,Elephant Grass,88.7361,11.2639,63.0126,7.9331,24.9483,3.9551,0.1509,0.0686,1.8524,94.9166,279.8708,0.3228,3.1624,651.9304,10.3447,17.2002,7.7973,4.481,60.1341,337.7813,290.7927,2.907927,4.8886508,0.601429053
229,PP,Soybean Cake,47.1135,52.8865,69.8695,10.0018,15.2153,4.9134,0,2.7342,17.4526,74.3048,331.5557,0.3842,5.5084,905.0733,17.0845,22.7779,2.8418,0.7618,56.5327,390.3331,365.5368,3.655368,4.9878658,0.750047195
230,PE,Soybean Cake,44.3052,55.6948,69.2224,8.6233,16.8116,5.2673,0.0753,2.8794,18.3793,73.1797,343.8216,0.428,5.5616,771.1243,11.066,19.9662,5.3186,1.8564,61.7785,398.8547,346.9794,3.469794,4.3754604,0.55423666
231,PE,Nectarine Stone,75.7283,24.2717,76.9,9.9913,12.6438,0.2804,0.1846,0.4003,2.0306,92.8388,382.6931,0.3364,4.7303,760.1124,15.7788,24.8123,2.2058,2.802,54.3687,461.6353,432.4009,4.324009,5.8335762,0.635926536
232,PS,Sorghum Bagasse,17.6286,82.3714,72.1832,8.6177,19.0178,0.0659,0.1154,5.0366,7.441,75.8201,365.7611,0.401,11.7023,802.7283,11.9607,20.0543,5.4208,1.498,61.0451,419.9636,367.8105,3.678105,4.3548814,0.596415731
233,PET,Cocoa Pod Husk,97.3545,2.6455,61.5135,4.3671,34.0417,0.0719,0.0058,0.2848,0.5305,93.939,272.3444,0.3888,5.2457,752.4857,7.5425,26.0506,7.5867,1.846,56.9713,354.1242,293.4937,2.934937,4.7578336,0.289532679
234,PS,Corn Cobs,94.7582,5.2418,87.9674,8.3714,3.634,0.0273,0,0.2211,0.723,98.1883,481.5312,0.381,0.8676,760.5832,11.0789,24.873,2.4469,2.3269,59.2719,561.6304,498.6468,4.986468,5.1635494,0.445418727
235,PP,Safflower Seed,81.0715,18.9285,78.7354,12.5339,8.1629,0.5679,0,0.2662,1.7869,92.3664,367.031,0.2899,5.5805,985.2414,25.5994,25.9679,0.2679,1.0293,47.134,454.5727,478.8655,4.788655,6.40518,0.985809403
236,PE,Cocoa Pod Husk,73.3943,26.6057,73.0443,9.7101,16.4851,0.5772,0.1833,2.8646,3.2795,91.0192,308.4696,0.2997,2.8367,713.4933,15.7026,22.0632,3.558,3.6878,54.9482,370.6786,345.3235,3.453235,5.7960764,0.711709997
237,PE,Cotton Stem,8.0407,91.9593,51.741,6.4516,40.5201,1.0643,0.2232,4.29,13.3884,61.7737,237.6722,0.4496,20.5479,964.3054,5.6556,9.4483,13.8993,0.0016,70.9325,265.2416,206.6443,2.066443,1.8018634,0.598583872
238,PP,Chlorella Vulgaris,53.2123,46.7877,69.9048,10.4111,14.7713,4.6554,0.2573,0.9009,4.2921,86.9682,289.5626,0.2798,7.8388,806.096,21.5321,25.5224,1.2337,2.619,49.0432,367.7046,369.5655,3.695655,6.4788912,0.843654985
239,PE,Coffee Husk,25.1734,74.8266,53.4949,7.4675,38.9419,0.0529,0.0428,1.6959,6.9875,81.6106,246.0547,0.3849,9.706,864.1736,13.5973,19.7275,8.0909,0.7696,57.8029,299.4106,261.326,2.61326,4.2296902,0.689256115
240,PS,Cotton Stalk,11.9227,88.0773,51.4844,6.977,39.2147,1.1853,1.1387,16.2316,9.2755,62.9536,201.9281,0.4037,11.5393,690.9555,8.1496,13.5044,12.4336,2.6643,62.9388,243.72,198.0512,1.980512,3.5355306,0.603477385
241,PP,DDGS,39.9476,60.0524,65.5706,9.8378,21.1175,2.993,0.4811,7.3956,5.1732,79.8359,295.6989,0.3386,7.5953,857.0203,18.7418,23.3238,2.9784,1.3775,53.4903,359.1819,343.213,3.43213,5.4560582,0.803548307
242,PS,Cocoa Beans Husk,80.7641,19.2359,81.1691,7.9955,10.2718,0.5078,0.0558,1.7004,2.1373,93.5975,480.9808,0.4322,2.5648,899.4553,12.142,24.8775,2.8613,0.6482,59.4625,559.7073,497.1073,4.971073,4.6779566,0.488071551
243,PU,Coconut Shell,68.9401,31.0599,59.5788,7.5844,29.765,2.9545,0.1172,1.1803,4.8551,91.4155,317.047,0.4152,2.5491,728.6109,10.569,20.707,6.9571,2.4692,59.2712,386.4035,332.0431,3.320431,4.6345076,0.510407109
244,PP,Soy Peel,37.6351,62.3649,60.2926,9.3913,28.5073,1.8088,0,4.5033,7.0702,82.6317,270.4229,0.3434,5.7948,984.9108,20.5648,24.5363,3.0521,0.2537,51.592,334.4602,324.1895,3.241895,5.4033968,0.83813778
245,PP,Sunflower Seed Hulls,3.3243,96.6757,76.3178,3.4574,18.7747,1.4501,0,0.9668,10.1509,72.7208,237.6146,0.2934,16.1615,788.1406,7.927,31.7183,2.5781,1.7431,56.0323,305.8638,262.1128,2.621128,5.4766516,0.249918817
246,PE,Beetroot Pellets,19.4665,80.5335,48.097,6.3921,44.0678,0.9992,0.4438,0.6514,5.6674,83.0987,141.7809,0.2614,10.5825,850.3302,18.3935,25.7769,7.7066,1.359,46.6075,204.238,188.3085,1.883085,5.7209094,0.713565246
247,PU,Peach Stone,46.7457,53.2543,52.3946,7.5774,35.727,4.0618,0.2392,1.3428,3.2271,82.8508,203.4226,0.3026,12.5793,858.7733,17.9273,21.9606,6.1287,1.1582,52.7574,261.8283,242.5285,2.425285,5.1178196,0.816339262
248,PET,Corn Cobs,59.787,40.213,56.3109,5.0439,38.4178,0.2274,0,0.2426,5.6722,84.3801,166.5626,0.2719,9.7051,812.8723,14.2478,30.6303,5.7112,1.7478,47.661,239.7544,214.8459,2.148459,6.0238926,0.465153786
249,PP,Açaí Seed,54.2584,45.7416,68.2183,10.4452,20.9794,0.3572,0,6.4999,4.2311,85.0228,289.8759,0.3094,4.2462,725.8659,17.4365,23.4333,3.1177,3.6264,52.3807,357.2669,340.1239,3.401239,6.133989,0.744090674
250,PP,Banana Stems,86.7065,13.2935,79.3653,12.7313,7.7945,0.1089,0,0.4729,1.2303,96.3023,434.7365,0.3381,1.9945,876.7965,21.2025,24.7819,1.0404,1.5338,51.4393,520.4679,518.8668,5.188668,5.9614898,0.85556394
251,PET,Colza seed,52.1105,47.8895,53.5642,5.3711,38.4627,2.602,0,4.384,3.9828,79.7146,160.6808,0.2776,11.9186,940.1146,16.4608,28.4022,5.8725,0.4031,48.8604,226.0358,205.7474,2.057474,5.5007534,0.579560738
252,PU,Cotton Husk,14.1034,85.8966,52.5568,8.3815,37.2415,1.7963,0.024,2.4224,5.2362,80.8269,182.0156,0.2708,11.5145,911.9489,22.7999,24.3357,4.5706,0.8285,47.4571,241.4184,238.1934,2.381934,5.8252904,0.936891069
253,PE,Cotton Husk,51.8708,48.1292,68.8558,9.8515,20.421,0.7835,0.0882,1.3573,2.8865,89.4118,277.7203,0.28,6.3444,882.0072,22.9166,27.8214,0.987,1.645,46.6118,360.4572,366.9642,3.669642,6.5693992,0.823704055
254,PU,Safflower Seed,38.9707,61.0293,55.8125,7.4359,33.2177,3.4676,0.0663,0.8584,5.9951,75.8803,271.1164,0.3883,17.2662,889.0873,12.0428,16.098,8.5325,0.3451,62.9646,313.7898,268.3783,2.683783,3.4525162,0.748092931
255,PP,Corn Cobs,44.4624,55.5376,64.4779,9.5458,25.6874,0.2888,0,0.3351,7.6604,82.5898,365.8693,0.4174,9.4147,862.7964,13.9417,18.9012,5.7467,0.8384,60.5706,417.3196,371.0773,3.710773,4.187402,0.737609252
256,PU,Cotton Stalk,6.6418,93.3582,47.5351,6.8714,42.8399,1.5354,1.2182,17.1796,9.8715,60.6188,121.3068,0.2736,12.3301,806.1367,17.0864,21.9588,8.701,1.8567,49.973,166.6399,150.8165,1.508165,5.2768386,0.778111737
257,PE,Peach Stone,7.1548,92.8452,43.9621,7.264,44.8097,3.6735,0.2907,2.3411,5.1374,71.8032,180.8641,0.3499,20.7183,934.8463,10.8707,10.9146,12.3026,0.0227,65.7799,209.492,172.8924,1.728924,2.5574018,0.995977865
258,PET,Chlorella Vulgaris,75.0183,24.9817,59.6543,4.8748,32.8249,2.5086,0.1374,0.481,2.4492,89.2005,186.807,0.272,7.8693,947.8356,16.5151,34.3784,2.2097,0.6171,46.2418,270.0045,252.1551,2.521551,6.336231,0.480391758
259,PU,Pistachio Soft Shell,6.8684,93.1316,46.9147,5.7468,45.4179,1.909,0.0117,18.1793,9.3078,58.4501,150.1537,0.3765,14.0628,691.2842,6.9431,11.6739,16.4127,2.4161,62.547,189.9416,149.1494,1.491494,3.08573,0.59475411
260,PS,Coconut Shell,47.1426,52.8574,66.8449,7.1986,25.856,0.1004,0,2.1029,7.5586,87.7485,222.0644,0.273,2.59,887.4509,19.538,32.2532,0.8066,1.6607,45.7397,304.1024,298.1287,2.981287,6.7685378,0.60576935
261,PU,Coffee Husk,69.4725,30.5275,58.6309,7.6486,30.6845,2.9178,0.1181,0.6919,3.2675,91.0478,312.3987,0.4068,4.9928,901.258,14.0558,22.4486,5.4775,0.5497,57.4438,379.2065,337.6809,3.376809,4.5433426,0.626132587
262,PU,Rice Husk,42.7504,57.2496,56.1739,5.7107,35.8378,2.1537,0.1239,2.4617,4.7792,83.2485,192.2485,0.303,9.5106,902.5369,15.6799,28.1801,5.092,0.7317,50.2813,261.7341,237.8468,2.378468,5.5060704,0.556417472
263,PS,Coffee Husk,94.8211,5.1789,87.7335,8.3787,3.8879,0,0,0.307,0.4836,98.538,500.6194,0.3966,0.6714,666.1422,7.1828,16.77,6.6553,3.2279,66.1599,555.7606,464.4017,4.644017,4.0443506,0.428312463
264,PP,Cocoa Pod Husk,67.6138,32.3862,69.9498,11.1781,18.2858,0.5149,0.0712,3.487,3.992,88.7478,333.8558,0.3268,3.7732,749.0379,18.1022,23.603,2.603,3.1022,52.5732,406.8,390.4619,3.904619,6.0396032,0.76694488
265,PE,Olive Pomace,36.3115,63.6885,66.8711,8.023,24.59,0.3891,0.1269,3.1254,4.7177,86.0167,288.3386,0.3349,6.1402,864.5365,16.8937,26.7516,2.792,1.2902,52.2466,361.9694,339.2628,3.392628,5.6571128,0.631502415
266,PET,Hazelnut Shell,2.4087,97.5913,51.0752,5.1829,42.3749,1.3669,0,1.0468,8.3611,83.8303,169.1417,0.3222,6.7618,800.1288,12.369,26.3904,8.4918,1.6676,51.0792,237.593,205.1741,2.051741,5.2580432,0.468693161
267,PS,Cocoa Pod Husk,55.2921,44.7079,66.5766,7.2018,25.4124,0.7109,0.0984,4.9242,5.5108,84.8229,281.9492,0.3496,4.7421,992.1927,16.9846,28.5153,2.278,0.2428,51.96,356.6634,334.0208,3.340208,5.514187,0.595631117
268,PET,Açaí Seed,89.5872,10.4128,60.6577,4.5494,34.6841,0.1087,0,1.4797,1.1513,91.8952,246.1664,0.3611,5.4738,834.6164,10.1686,28.9019,5.7805,1.1462,54.0016,326.6727,279.9336,2.799336,5.1501878,0.35183154
269,PU,Nectarine Stone,42.0593,57.9407,55.7706,7.0864,34.8821,2.0562,0.2048,0.9557,5.0997,82.0622,215.1292,0.3137,11.8824,784.6917,14.8139,22.3359,6.7804,2.008,54.0046,275.9823,247.348,2.47348,5.1330886,0.663232733
270,PS,Rubber Wood,9.5553,90.4447,54.7066,6.7322,38.379,0.1822,0,4.3941,6.3101,75.8343,155.8276,0.252,13.4615,886.5847,20.0276,27.1552,5.257,1.0616,46.4968,216.128,205.9683,2.059683,5.9645888,0.737523568
271,PE,Sunflower Seed Hulls,25.9406,74.0594,78.5889,5.2012,15.0005,1.1654,0.0441,0.7406,7.7762,79.1101,236.086,0.2549,12.3731,779.1345,12.4833,28.607,2.3168,2.3027,54.2775,297.8609,268.5261,2.685261,5.777045,0.436372217
272,PP,Pistachio Soft Shell,59.4621,40.5379,69.3327,10.4894,19.4726,0.7054,0,7.913,4.0335,81.6796,341.1841,0.3619,6.3739,738.0216,15.0118,21.1669,4.135,2.8258,56.8562,402.4175,369.1667,3.691667,5.2999402,0.70921108
273,PP,Coconut Shell,42.8058,57.1942,62.9423,9.3835,27.5655,0.1087,0,2.1734,8.1788,86.6313,336.309,0.4064,3.0165,739.5541,12.6566,20.1052,5.9854,2.4919,58.7573,397.9376,351.4165,3.514165,4.7922682,0.629518731
274,PE,DDGS,95.5349,4.4651,84.475,11.02,3.8837,0.4232,0.1982,0.5499,0.3846,98.4965,497.142,0.3787,0.569,918.3857,17.6584,25.7088,1.0667,0.9488,54.5914,586.1475,559.5288,5.595288,5.4860864,0.686862086
275,PET,Peach Stone,28.663,71.337,46.8711,6.2077,43.8875,2.8197,0.214,1.7988,4.0075,76.8142,185.9041,0.3527,17.3795,906.7992,11.0299,14.9299,12.3757,0.1276,61.4616,228.7585,189.1026,1.891026,3.1180774,0.738779228
276,PU,Spirulina Sp.,75.7804,24.2196,59.2887,7.7544,27.8966,4.7934,0.2669,0.4794,1.8471,92.4127,298.3127,0.3713,5.2608,679.0689,10.6644,20.298,6.8797,3.64,58.4573,369.4178,319.5985,3.195985,5.0124232,0.525391664
277,PU,Rice Husk,16.0964,83.9036,51.7435,4.5145,42.4386,1.2009,0.1024,3.6079,6.7249,76.4223,148.9002,0.2939,13.2449,970.4138,12.8616,26.8583,8.919,0.0979,51.2269,209.5872,180.0843,1.800843,4.8082468,0.47886873
278,PET,Cocoa Beans Husk,23.8906,76.1094,47.7701,5.5182,44.4744,2.0166,0.2207,6.0888,8.5068,74.0381,137.0501,0.2935,11.3663,740.7065,12.0069,21.4725,11.7069,2.4839,52.2455,193.2703,163.6481,1.636481,4.8915164,0.55917569
279,PE,Elephant Grass,21.3973,78.6027,51.348,6.4839,40.4942,1.6376,0.0364,0.479,9.2118,77.4625,248.2105,0.433,12.8467,899.386,9.6379,15.6598,11.0318,0.1583,63.502,293.9624,241.7614,2.417614,3.0706994,0.615454859
280,PET,Nectarine Stone,93.0065,6.9935,61.2188,4.4655,34.2362,0.0634,0.0161,0.1154,0.7804,93.0023,244.831,0.3502,6.1019,831.8992,10.2771,29.5895,5.4612,1.2055,53.4618,327.0263,281.1631,2.811631,5.2697728,0.34732253
281,PP,Cherry Stone,29.8292,70.1708,59.6038,8.489,31.4722,0.3017,0.1333,0.7134,5.318,78.9682,309.7031,0.3941,15.0004,705.5154,9.8733,14.1474,9.5019,2.6009,63.8432,354.4938,298.078,2.98078,3.780011,0.697887951
282,PP,Rice Husk,11.8031,88.1969,53.3751,4.9792,41.0149,0.5518,0.0788,3.7925,6.9676,75.5104,136.4852,0.2524,13.7295,932.9239,16.3856,29.591,6.7623,0.452,46.7807,198.9149,179.9088,1.799088,5.6599268,0.553735933
283,PS,Cotton Stem,47.5977,52.4023,68.478,7.2076,23.5983,0.5969,0.1194,2.5398,7.6293,78.1228,269.8678,0.3232,11.7081,842.7869,15.2572,26.0741,3.4179,1.4123,53.8123,336.2793,308.5905,3.085905,5.4387176,0.585147714
284,PET,Rubber Wood,54.6673,45.3327,57.0866,5.3365,37.4689,0.108,0,2.1928,3.2775,84.9945,171.1997,0.2685,9.5352,856.6136,15.9757,31.3219,4.6382,1.337,46.7256,245.3983,225.0469,2.250469,6.150581,0.51004888
285,PET,Coffee Husk,4.1077,95.8923,43.3715,6.1346,50.4926,0.0013,0,2.1734,8.9632,76.2219,188.9675,0.4345,12.6415,990.4681,7.8686,13.2106,14.955,0.0024,63.9631,229.4204,181.3238,1.813238,2.5152036,0.595627753
286,PU,Corn Cobs,60.8385,39.1615,58.6057,7.4263,31.1058,2.7589,0.1034,0.2363,5.7666,86.6088,328.1296,0.4419,7.3883,730.345,8.8485,16.615,9.1835,2.116,63.2132,386.7055,321.866,3.21866,3.806656,0.532560939
287,PET,Olive Pomace,38.8713,61.1287,58.3838,5.4816,35.7599,0.3122,0.0625,2.9998,4.6097,84.5216,262.7063,0.405,7.8689,856.2756,10.0639,22.7236,8.0872,0.7268,58.383,328.2634,276.565,2.76565,4.2102692,0.44288317
288,PET,Cotton Stem,51.4017,48.5983,55.6467,5.1611,38.5123,0.5693,0.1107,2.2672,7.1834,77.0697,165.8101,0.2825,13.4797,868.6742,14.2411,27.2365,7.0663,0.9535,50.4666,228.7942,202.4674,2.024674,5.3111908,0.52286821
289,PP,Spirulina Sp.,63.3964,36.6036,68.6125,11.0169,17.7278,2.4341,0.2086,0.7245,2.1045,90.6097,430.0468,0.4082,6.5613,925.4941,16.9417,20.5685,3.6562,0.4715,58.3304,490.8014,455.7368,4.557368,4.5901316,0.82367212
290,PP,Rubber Wood,83.2238,16.7762,79.7549,12.6246,7.5867,0.0338,0,0.8115,1.1704,95.1051,491.5978,0.3829,2.913,930.8741,19.3328,23.1036,1.8392,0.6939,55.0292,567.505,548.3328,5.483328,5.2474122,0.836787341
291,PE,Peach Stone,3.2997,96.7003,42.2174,7.1006,46.569,3.8173,0.2957,2.4383,5.3507,70.6332,178.1098,0.3675,21.5778,650.4007,4.5373,3.6469,17.2442,2.0643,72.3813,202.877,154.921,1.54921,1.6885572,1.244152568
292,PET,Cherry Stone,31.8906,68.1094,52.9071,5.6116,41.0493,0.3026,0.1294,0.6924,5.2287,78.0375,183.7989,0.3149,16.0414,852.1172,12.3474,20.8182,10.2599,0.8294,55.7018,238.536,202.9269,2.029269,4.2535376,0.593106032
293,PET,Hazelnut Shell,76.9529,23.0471,59.5498,4.5342,35.5698,0.3462,0,0.2472,2.135,92.1254,256.2425,0.3843,5.4924,957.8751,10.7388,28.3778,5.8078,0.1512,54.9238,334.4078,286.8328,2.868328,4.7895228,0.37842257
294,PET,Chlorella Vulgaris,97.024,2.976,61.8702,4.3981,33.3895,0.3258,0.0164,0.0573,0.4768,94.036,195.2652,0.2749,5.4299,970.8596,15.6029,37.5552,1.1739,0.5879,45.0753,286.1776,266.4499,2.664499,6.6275366,0.415465768
295,PP,Sugarcane Straw,93.14,6.86,82.6456,13.3088,4.0315,0.0141,0,0.8226,0.5125,97.5152,413.8446,0.3036,1.1497,693.2948,16.9495,17.7567,3.2891,4.3006,57.6969,463.8491,440.2215,4.402215,5.607505,0.954541103
296,PP,Pistachio Soft Shell,26.8935,73.1065,56.2955,7.7895,34.643,1.2721,0,14.2704,7.2741,67.3624,270.801,0.4479,11.0931,742.4793,8.6189,13.7557,10.5985,1.826,65.1985,311.4138,256.1583,2.561583,3.3177674,0.626569349
297,PU,Soy Peel,31.2672,68.7328,51.4998,7.1945,37.9459,3.3067,0.0532,4.9631,7.9797,80.4123,228.6925,0.3895,6.6449,719.8752,10.7922,18.1436,9.5022,2.601,58.944,285.2634,242.0439,2.420439,4.3828092,0.594821314
298,PU,Cocoa Pod Husk,25.671,74.329,44.6326,6.288,46.6123,2.26,0.2072,8.0029,9.316,74.4147,129.8768,0.2967,8.2664,869.1835,16.9338,24.0743,9.0396,0.9723,48.9057,184.8214,166.074,1.66074,5.2102956,0.703397399
299,PS,Nectarine Stone,39.9884,60.0116,65.2173,7.1305,27.214,0.3001,0.138,1.0698,5.0207,82.2514,285.8797,0.3489,11.6581,985.6751,15.7561,25.2289,3.9571,0.1496,54.8792,350.3968,320.1289,3.201289,4.934057,0.624525841
300,PET,Plum Stone,93.7426,6.2574,61.297,4.4754,34.1338,0.0831,0.0106,1.3275,0.6571,93.0026,220.9372,0.3188,5.0128,810.2391,11.2472,32.6143,4.0247,1.6537,50.4559,306.3082,268.877,2.68877,5.916124,0.344854864
301,PE,Spirulina Sp.,90.7854,9.2146,81.675,10.731,6.5838,0.8034,0.2069,0.1824,0.5298,97.6977,421.6973,0.334,1.5901,817.6662,17.6761,25.5999,1.1688,2.2074,53.3162,506.7637,486.626,4.86626,5.9248554,0.690475353
302,PP,Durian Shell,38.1585,61.8415,69.945,10.5229,17.5779,1.8923,0.0618,4.1475,2.7197,82.5022,292.4111,0.2895,10.6306,799.6589,20.9214,24.3321,1.9934,2.3995,50.3389,362.3843,359.3128,3.593128,6.1843768,0.859827142
303,PE,Castor Seed Hull,75.5033,24.4967,75.7526,9.8012,14.1053,0.2124,0.1284,0.4929,0.8009,93.9804,390.7013,0.3472,4.7258,797.5912,16.2755,25.2335,2.1419,2.1602,54.1674,471.694,442.9899,4.429899,5.7105266,0.64499574
304,PE,Rice Straw,72.391,27.609,76.2528,9.7891,13.624,0.211,0.1231,1.4391,2.3481,93.3831,496.3899,0.4496,2.8297,660.9026,7.9025,16.8544,7.0491,3.4931,64.6784,560.7276,471.2738,4.712738,4.2276542,0.468868663
305,PU,Cocoa Beans Husk,71.8685,28.1315,59.3773,7.6077,29.0501,3.7611,0.2038,2.2505,3.5569,89.371,274.6125,0.358,4.8216,736.8595,12.9908,23.0403,5.511,2.667,55.7436,345.6501,307.4361,3.074361,5.2608702,0.563829464
306,PET,Beetroot Pellets,62.9226,37.0774,53.5569,4.666,41.1276,0.4605,0.1891,0.2999,2.7414,88.8793,162.0631,0.2809,8.0794,690.7193,10.1255,27.9938,9.0283,3.4995,49.2854,238.6326,202.5344,2.025344,5.8735938,0.361705092
307,PP,Nectarine Stone,43.4584,56.5416,64.6453,9.5359,25.4061,0.2827,0.13,0.9326,4.7304,83.1357,343.9557,0.3815,11.2013,892.0235,16.0499,20.3228,4.8517,0.6893,58.0614,398.3938,363.9516,3.639516,4.5408314,0.78974846
308,PP,Colza seed,87.4912,12.5088,80.3864,12.9306,6.0076,0.6755,0,1.1451,1.0117,94.9868,478.3723,0.3664,2.8564,814.5282,18.2177,22.631,1.9779,1.964,55.2066,555.1998,532.7707,5.327707,5.5221296,0.804988732
309,PS,Coffee Husk,17.3247,82.6753,50.8187,6.6077,42.5736,0,0,1.9085,7.7204,79.6526,173.7449,0.3078,10.7185,803.0113,14.9435,22.6234,8.6763,1.74,52.0144,231.4713,205.0089,2.050089,5.0873664,0.6605329
310,PP,Cotton Husk,28.2106,71.7894,60.3192,9.9362,28.7385,1.0062,0,2.0245,4.3055,84.0812,365.8117,0.4311,9.5888,754.3389,11.6118,15.2675,7.7107,2.0024,63.4047,411.9323,355.2863,3.552863,3.8946386,0.760556738
311,PU,Nectarine Stone,58.1727,41.8273,58.5292,7.4184,31.205,2.6524,0.1951,0.6899,3.8483,86.4695,253.322,0.3366,8.9923,983.9629,17.712,25.3081,4.0458,0.1849,52.7047,320.4601,298.8397,2.988397,5.1679108,0.699854987
312,PP,Plum Stone,15.8945,84.1055,54.155,7.7524,37.2179,0.7317,0.143,17.8434,6.1867,72.7736,164.7411,0.2953,3.1963,762.32,17.7195,26.9618,4.6892,2.8201,47.7692,225.9392,212.6004,2.126004,6.3204886,0.657207605
313,PP,Rice Husk,51.1286,48.8714,67.7258,8.9346,22.9902,0.3057,0.0437,2.1015,3.8608,86.207,324.8795,0.3521,7.8307,714.068,13.174,21.9103,4.8942,3.1568,56.8519,391.5186,351.12,3.5112,5.3136242,0.601269722
314,PE,Beetroot Pellets,32.4638,67.5362,54.211,7.1681,37.3495,0.8719,0.3996,0.5462,4.7527,85.8233,212.2923,0.3183,8.8778,695.095,12.755,21.4496,8.1419,3.4861,54.0527,276.5687,242.2628,2.422628,5.3282134,0.594649784
315,PET,Cotton Stalk,21.5623,78.4377,49.6776,6.2456,42.0006,1.0622,1.014,14.434,8.3056,65.8844,185.7938,0.3942,11.376,870.3764,11.0021,17.927,10.734,0.4657,59.5814,230.4449,192.5058,1.925058,3.6137494,0.61371674
316,PE,Banana Stems,91.1981,8.8019,81.8414,10.6925,7.0474,0.2636,0.155,0.3131,0.8146,97.8205,331.3954,0.2639,1.0518,751.288,19.4267,22.2443,1.9789,3.3259,52.9917,392.2207,384.2005,3.842005,6.0915376,0.873333843
317,PE,Safflower Seed,35.2983,64.7017,62.3802,8.4158,27.1288,2.0152,0.06,0.9101,6.108,75.2852,327.7359,0.3986,17.6967,825.4093,11.7067,15.7248,7.7067,1.0066,63.8414,369.3735,317.4223,3.174223,3.6060112,0.744473698
318,PP,Hazelnut Shell,89.0056,10.9944,81.7385,12.8994,5.2082,0.1539,0,0.1179,0.9414,97.7477,566.1457,0.4232,1.193,655.9082,9.8123,15.2642,5.9884,4.0381,64.8906,619.8022,535.6384,5.356384,4.4286574,0.642830938
319,PE,Banana Stems,65.2632,34.7368,69.6471,9.1973,20.623,0.4216,0.1109,1.2357,3.2148,91.4576,248.4161,0.2544,4.0919,973.3765,24.9142,29.6443,0.3458,1.1287,43.9442,332.8353,347.6827,3.476827,6.82999,0.840438128
320,PP,Cotton Stalk,34.7578,65.2422,59.9091,9.2316,29.1378,0.878,0.8435,12.0057,6.8707,72.4022,279.0915,0.3893,8.7214,676.9437,10.8198,16.3377,8.0174,3.4981,61.1493,326.9404,281.0519,2.810519,4.4794084,0.662259682
321,PET,Safflower Seed,70.95,29.05,58.4908,5.0782,35.5377,0.8932,0,0.4086,2.8914,85.1392,208.6138,0.3128,11.5608,720.3179,9.9806,24.8694,8.2028,2.6517,54.2923,279.3912,237.0963,2.370963,5.1607578,0.401320498
322,PE,Soy Peel,80.2236,19.7764,77.8844,10.3102,10.927,0.742,0.1364,1.428,2.242,94.5361,416.9418,0.362,1.7939,676.3446,11.228,18.0484,5.285,3.8385,61.5723,473.504,416.5184,4.165184,4.8609054,0.622105007
323,PE,Cherry Stone,88.2375,11.7625,81.5796,10.6131,7.3991,0.2359,0.1724,0.1196,0.8914,96.4819,505.5568,0.4044,2.5071,950.864,16.5825,24.2735,1.9549,0.4543,56.7127,585.2356,547.4467,5.474467,5.0120104,0.683152409
324,PU,Coconut Shell,37.8768,62.1232,53.467,6.8888,37.8709,1.7089,0.0644,2.3607,9.1108,84.9201,154.8744,0.2553,3.6084,930.1611,22.5681,32.3465,2.4659,0.9291,41.6716,231.1712,231.0119,2.310119,6.8456316,0.69769836
325,PS,Sorghum Stalk,99.9379,0.0621,90.1728,8.496,1.3294,0.0008,0.0011,0.203,0.0062,99.7775,537.1099,0.4093,0.0133,759.278,10.1674,24.7629,2.5207,2.2377,60.3089,621.9673,546.5992,5.465992,5.0193012,0.410590036
326,PE,Sorghum Stalk,96.3774,3.6226,84.521,11.0426,3.9598,0.2495,0.2271,0.1835,0.3628,98.6602,577.3046,0.4377,0.7935,928.1632,14.8873,22.9501,2.4759,0.505,59.1545,654.5375,599.3096,5.993096,4.680331,0.648681269
327,PE,Cherry Stone,6.4976,93.5024,51.0007,6.5342,41.8606,0.4157,0.1887,0.9505,7.0862,72.1727,208.0518,0.361,19.7906,667.5209,6.7139,9.371,15.4826,2.6611,65.705,247.0807,194.8023,1.948023,2.858521,0.716455021
328,PET,Banana Stems,95.956,4.044,61.2313,4.3781,34.3281,0.0625,0,0.1439,0.5758,93.9117,290.57,0.4168,5.3686,750.5402,6.7599,23.693,8.8293,1.7101,59.0062,370.4151,302.3173,3.023173,4.327603,0.285312118
329,PS,Chlorella Vulgaris,11.6217,88.3783,56.5279,6.7321,27.4603,8.7936,0.4861,1.725,8.1074,75.8633,243.7885,0.3561,14.3043,808.5665,12.2307,19.0212,7.0567,1.3824,60.1888,298.3363,259.1471,2.591471,4.212486,0.643003596
330,PE,Corn Cobs,10.7095,89.2905,51.7103,6.6462,41.1385,0.4868,0.0182,0.5388,12.3159,72.3641,230.0875,0.4114,14.7812,834.1963,9.5503,14.5018,11.8182,0.6353,63.4884,272.0123,222.9632,2.229632,3.0860966,0.658559627
331,PU,Plum Stone,20.2239,79.7761,51.7531,6.9398,39.5937,1.5435,0.17,16.9249,5.9896,73.8278,230.482,0.4482,3.2577,883.6988,11.8576,20.475,8.2502,0.4946,58.8833,282.6515,241.8727,2.418727,4.0375376,0.579125763
332,PET,Spirulina Sp.,23.1592,76.8408,44.5657,5.6986,44.1807,5.117,0.438,1.5209,4.4664,79.723,211.1293,0.4364,14.2897,903.6041,7.1903,11.7903,14.5719,0.0354,66.2687,255.8364,201.3512,2.013512,2.2748034,0.609848774
333,PE,Rice Straw,60.7532,39.2468,72.1525,9.1944,18.3384,0.2115,0.1033,2.0458,3.3379,90.6023,373.4184,0.3721,4.014,707.9392,12.1247,22.4482,4.3478,3.2775,57.7802,445.62,396.9153,3.969153,5.3112858,0.54011903
334,PE,DDGS,37.1132,62.8868,64.783,8.665,22.773,3.2122,0.5669,7.7446,5.4174,79.0859,206.9817,0.2528,7.7521,836.9942,22.2857,28.9063,1.071,2.338,45.275,281.7523,285.5314,2.855314,6.8860534,0.770963423
335,PE,Castor Seed Hull,37.5857,62.4143,59.922,7.6361,32.1617,0.2162,0.0639,1.2558,2.0406,84.6938,308.7725,0.3953,12.0098,954.602,13.6192,20.469,6.4442,0.1343,59.3191,363.6051,319.7561,3.197561,4.098047,0.66535737
336,PP,Coconut Shell,68.3039,31.6961,73.0256,11.3747,15.5394,0.0602,0,1.2045,4.5325,92.3684,412.3829,0.3782,1.8946,825.5359,17.2226,22.9297,2.764,1.6991,55.3822,484.8118,457.0816,4.570816,5.3574608,0.751104463
337,PU,Banana Stems,11.7707,88.2293,42.1072,5.7695,50.8861,1.2171,0.02,3.1387,8.236,78.09,167.6371,0.4102,10.5353,749.8618,7.7069,12.2194,17.2619,1.4699,61.3328,215.8118,169.1623,1.691623,2.8982138,0.630710182
338,PET,DDGS,19.6317,80.3683,54.2162,6.6123,34.5162,4.0115,0.6439,9.8975,6.9646,72.2392,247.4752,0.4234,10.8987,973.6951,11.0743,18.9209,8.0983,0.0367,61.7185,295.3776,250.4579,2.504579,3.5931964,0.585294568
339,PET,Plum Stone,74.3282,25.6718,58.5887,4.9154,36.2061,0.2461,0.0436,5.4464,2.0445,87.767,184.7925,0.2924,4.7421,988.8978,16.3474,34.8493,2.519,0.2994,45.9727,266.0203,247.1002,2.471002,6.2637162,0.469088332
340,PE,Sunflower Seed Hulls,2.154,97.846,76.215,3.2745,19.0347,1.4722,0.0037,0.9785,10.2738,72.407,303.1566,0.3784,16.3407,928.6397,7.0026,27.4577,4.6043,0.1758,60.7586,369.6957,307.9558,3.079558,4.2788874,0.255032286
341,PP,Sunflower Seed Hulls,50.7274,49.2726,80.8495,8.5532,9.8582,0.7391,0,0.4927,5.1736,85.8515,467.5692,0.4221,8.4822,982.7521,13.4071,23.4182,3.0422,0.1323,59.9995,534.465,479.2187,4.792187,4.4460234,0.572507708
342,PS,Coconut Shell,65.8426,34.1574,75.1077,7.658,17.1694,0.0649,0,1.4297,4.8845,92.0121,285.8938,0.2914,1.6737,812.1345,16.5155,28.5587,1.4683,2.2342,51.2208,362.1074,342.6595,3.426595,6.1819138,0.578300133
343,PP,Hazelnut Shell,39.2202,60.7798,64.4338,8.5949,26.1204,0.8509,0,0.6519,5.2041,89.8132,373.3639,0.432,4.3308,767.8596,11.2136,19.6016,6.4699,1.8892,60.8232,436.662,377.8001,3.778001,4.357204,0.572075749
344,PE,Coffee Husk,12.0461,87.9539,47.7959,6.8127,45.3457,0.0253,0.0205,1.9935,8.2133,78.3879,220.8905,0.4203,11.4053,916.1896,10.9624,16.2019,11.3293,0.1203,61.3796,265.7192,220.904,2.20904,3.268446,0.676612002
345,PE,Açaí Seed,69.1317,30.8683,74.1474,9.7203,15.6285,0.3862,0.1175,4.3864,2.8553,90.062,425.9232,0.4123,2.6963,853.6405,14.3486,22.9152,3.431,1.1597,58.127,495.9977,450.2136,4.502136,4.8521366,0.626160802
346,PP,Pistachio Soft Shell,29.7915,70.2085,57.4555,8.0297,33.2931,1.2216,0,13.7047,6.9858,68.6363,234.6366,0.371,10.6732,656.1243,9.5853,15.9073,9.665,3.9137,60.9221,282.0196,237.6576,2.376576,4.4406368,0.602572404
347,PE,Safflower Seed,87.1785,12.8215,81.3034,10.6483,7.3324,0.5677,0.1482,0.1803,1.2104,95.0864,522.7663,0.4203,3.5229,820.4556,13.5295,21.8735,3.2813,1.4904,59.8051,595.4495,537.2331,5.372331,4.7508102,0.618533842
348,PE,Rice Husk,26.3684,73.6316,58.801,5.7454,34.8268,0.516,0.1107,3.1662,5.8169,79.5987,215.2099,0.3283,11.4182,715.5563,10.2702,22.8627,8.3414,2.7376,55.7549,279.3001,237.5728,2.375728,4.9699426,0.449212035
349,PE,Beetroot Pellets,98.2586,1.7414,85.1609,11.096,3.3401,0.2271,0.1759,0.0141,0.1225,99.615,575.3365,0.4306,0.2484,759.0447,12.0285,21.5951,3.3947,2.2169,60.741,653.0005,581.631,5.81631,4.8137108,0.557001357
350,PE,Rice Husk,87.7985,12.2015,81.4762,10.2961,7.8068,0.2607,0.1602,0.5247,0.9639,96.6026,548.3561,0.4455,1.9088,790.3124,11.6423,21.0015,4.0579,1.6929,61.5837,620.4931,546.8262,5.468262,4.5096156,0.554355641
351,PS,Castor Seed Hull,25.3992,74.6008,55.9061,6.2538,37.676,0.1641,0,1.5518,2.4391,81.6634,254.2119,0.3831,14.3457,709.9762,8.1014,15.3144,12.0399,2.3238,62.2175,308.5234,250.968,2.50968,3.636486,0.529005381
352,PU,Plum Stone,48.6122,51.3878,56.7126,7.4167,33.212,2.4888,0.17,10.9022,4.0717,82.3975,291.4875,0.4494,2.6286,681.3433,8.1674,17.1013,9.6,2.9708,62.1214,351.1241,290.7171,2.907171,4.1003894,0.477589423
353,PE,Spirulina Sp.,70.4087,29.5913,72.1549,9.6938,15.7472,2.1157,0.2884,0.5857,1.7013,92.6508,389.0466,0.3659,5.0622,774.5739,14.9039,23.242,3.1808,2.2651,56.3613,463.962,426.5815,4.265815,5.349019,0.641248602
354,PS,Plum Stone,56.664,43.336,72.0078,7.6749,19.8666,0.377,0.0737,9.3073,3.1878,85.899,348.9809,0.3975,1.6059,671.3751,8.1146,19.018,7.1612,3.3971,62.2916,409.2071,344.2609,3.442609,4.4888066,0.426679987
355,PS,Sorghum Bagasse,25.7482,74.2518,73.9592,8.6058,17.2716,0.0594,0.104,4.5598,6.7075,78.184,269.3129,0.284,10.5487,882.6435,20.0968,28.5972,0.9148,1.5794,48.7907,343.879,338.8579,3.388579,6.3391268,0.702754116
356,PS,Rice Straw,86.4964,13.5036,84.8729,8.1719,6.9263,0.0289,0,0.8769,1.1485,96.5977,339.7582,0.2843,1.3769,825.0702,16.6744,26.5704,1.1604,2.086,53.5065,410.6147,389.7584,3.897584,5.8954936,0.627555475
357,PP,Sorghum Stalk,46.8294,53.1706,64.3691,10.1303,23.8808,0.6917,0.928,2.6937,5.3252,80.3837,371.3468,0.4118,11.5974,974.4474,15.6179,18.9564,4.8791,0.1048,60.2833,418.0709,378.9174,3.789174,4.112758,0.823885337
358,PE,Soy Peel,28.8122,71.1878,56.8389,7.997,32.9899,2.1252,0.049,5.1404,8.0704,80.3837,265.5371,0.3899,6.4055,910.3644,15.3098,22.0754,5.6112,0.5024,56.4898,323.0317,291.1243,2.911243,4.614818,0.693523107
359,PE,Colza seed,39.1867,60.8133,60.5722,8.3418,27.6532,3.3662,0.0666,5.5671,4.9187,77.7462,241.6792,0.3136,11.768,752.7526,15.8207,21.9053,5.0779,2.614,54.5631,300.7508,276.2756,2.762756,5.4045154,0.722231606
360,PS,Plum Stone,17.7171,82.2829,55.6577,6.9361,36.5505,0.7159,0.1399,17.4922,6.0527,73.4059,162.5215,0.2928,3.0492,709.4525,14.3819,27.0536,5.5802,3.8175,49.1247,224.8454,203.9446,2.039446,6.3286638,0.531607623
361,PET,Sorghum Stalk,52.9222,47.0778,54.4188,5.5202,38.6106,0.6287,0.8216,2.385,4.8261,80.0287,180.6822,0.3016,12.7602,982.371,15.1564,26.6412,6.5222,0.117,51.3166,243.1728,217.0077,2.170077,5.0355684,0.568908307
362,PU,Durian Shell,51.6507,48.3493,63.0888,8.3719,24.7544,3.6488,0.1362,3.2426,2.4362,85.3895,261.4651,0.3076,8.9317,659.0882,11.8807,18.0236,6.9504,4.5897,58.516,317.1857,278.9339,2.789339,5.1972018,0.659174638
363,PS,Cocoa Pod Husk,19.7269,80.2731,47.7838,6.1715,44.5918,1.2763,0.1766,8.6823,9.8947,72.9086,144.1652,0.3099,8.5144,705.7731,12.1462,21.1599,11.0331,3.191,52.4055,199.5385,170.4369,1.704369,5.120315,0.574019726
364,PET,Corn Cobs,98.1191,1.8809,61.8959,4.3668,33.6975,0.0398,0,0.0113,0.4655,94.2078,271.5797,0.3832,5.3154,825.2234,8.9214,27.7731,6.3179,1.119,55.8675,353.7367,298.4082,2.984082,4.8635238,0.321224494
365,PU,Hazelnut Shell,85.6966,14.3034,63.5604,7.84,24.6544,3.7995,0.1457,0.1534,1.7388,95.858,275.0035,0.3155,2.2498,855.9043,18.2444,28.9154,1.773,1.6116,49.425,362.218,347.5237,3.475237,6.1906884,0.630957898
366,PS,Soy Peel,25.1539,74.8461,56.403,7.1525,34.2737,2.1708,0,5.4549,8.4851,79.3313,211.0595,0.3289,6.7287,853.3783,16.3964,25.5199,4.9465,1.2739,51.8614,274.931,252.6716,2.526716,5.4423748,0.642494681
367,PP,Sorghum Stalk,89.466,10.534,81.3617,13.1131,5.2043,0.137,0.1838,0.5337,1.055,95.7127,370.8811,0.2781,2.6986,923.5637,25.6587,24.7047,0.413,1.5222,47.6737,452.3987,477.6907,4.776907,6.4288794,1.038616134
368,PP,Cocoa Beans Husk,26.9451,73.0549,54.6505,8.0348,35.1742,1.9286,0.2119,5.8444,8.1172,76.163,194.3844,0.3004,9.8754,819.3996,18.3535,23.4398,5.3494,1.7792,51.0212,251.9816,236.4428,2.364428,5.5725464,0.783005828
369,PE,Cocoa Beans Husk,30.1704,69.8296,56.1418,7.492,34.2055,1.9069,0.2538,5.5864,7.7588,77.3382,267.3549,0.409,9.3166,795.2665,11.2594,18.0544,8.4393,1.4475,60.7408,319.1297,272.3315,2.723315,4.0090746,0.623637451
370,PU,Cotton Husk,23.5396,76.4604,53.9995,8.3704,35.5298,2.0603,0.04,2.1563,4.7268,82.7037,181.5348,0.2595,10.4132,835.8477,22.2358,25.2067,4.2164,1.8066,46.5208,245.7914,242.7966,2.427966,6.2242734,0.882138479
371,PU,Colza seed,43.8952,56.1048,53.6331,7.2813,34.1377,4.8733,0.0746,5.1361,4.8012,78.5591,165.2232,0.2559,11.5036,666.0536,14.335,21.2509,7.4973,5.0072,51.8783,224.5518,202.2423,2.022423,6.018371,0.674559666
372,PP,Beetroot Pellets,23.4208,76.5792,49.8588,7.2489,41.5905,0.9113,0.3906,0.6194,5.3891,83.8153,252.649,0.4207,10.1762,821.396,10.8894,15.908,10.6317,0.9564,61.5117,302.456,253.2008,2.532008,3.5228544,0.68452351
373,PU,Cocoa Beans Husk,99.9983,0.0017,65.6896,8.28,21.6605,4.2,0.17,0.0001,0.6001,97.9097,293.7494,0.3142,1.4901,841.8266,18.4146,28.8373,1.3495,1.8961,49.4691,384.4719,371.1939,3.711939,6.3010804,0.638568798
374,PE,Olive Pomace,85.3598,14.6402,81.5874,10.4697,7.5316,0.2512,0.1601,0.7185,1.0845,96.7701,332.0859,0.2689,1.4269,671.1274,14.6789,16.4519,4.4881,4.7102,59.6313,371.6859,342.1069,3.421069,5.3445122,0.892231292
375,PU,Cocoa Pod Husk,83.6142,16.3858,61.0479,7.8409,27.1607,3.7723,0.1782,1.7642,2.5214,92.7306,333.2715,0.41,2.9838,965.2511,14.9982,23.9741,4.1548,0.2029,56.6366,404.5237,366.2576,3.662576,4.7131804,0.625600127
376,PE,Cotton Husk,13.3397,86.6603,55.1466,8.772,34.8161,1.2426,0.0227,2.4439,5.1974,80.9512,263.9808,0.3658,11.4075,841.7576,15.566,18.7588,6.8226,1.148,57.6976,313.9726,282.397,2.82397,4.4557208,0.829797215
377,PU,Nectarine Stone,18.8438,81.1562,51.7961,6.6082,40.1798,1.1972,0.2187,1.3386,6.9027,75.7122,263.9419,0.4454,16.0465,805.6809,7.4406,11.4068,13.2197,0.6594,67.2146,303.9847,242.3195,2.423195,2.4769068,0.652295122
378,PU,Sorghum Stalk,45.6825,54.3175,54.8349,7.5055,34.0085,2.6253,1.0257,2.7518,5.7141,79.2451,223.7016,0.331,12.289,754.964,13.6293,19.6522,7.5953,2.3165,56.5364,279.3068,246.248,2.46248,4.7774486,0.693525407
379,PP,Hazelnut Shell,54.5402,45.4598,69.7588,9.9195,19.6853,0.6364,0,0.4876,3.8924,92.2548,376.0189,0.3739,3.3652,983.4002,18.8264,24.9328,2.2859,0.2807,53.6733,450.8026,430.8815,4.308815,5.2752746,0.75508567
380,PP,Plum Stone,15.4687,84.5313,53.996,7.7215,37.4034,0.7354,0.1437,17.9337,6.218,72.6384,233.8618,0.422,3.2099,920.0033,14.2363,21.9807,6.4907,0.3553,56.9055,285.7085,253.0253,2.530253,4.434286,0.647672731
381,PE,Chlorella Vulgaris,67.5577,32.4423,74.9885,9.6752,11.6731,3.3699,0.2933,0.6247,2.9761,91.1348,306.9361,0.2799,5.2644,974.6931,23.0724,27.6154,0.3165,1.0317,47.913,390.2457,398.5975,3.985975,6.3407082,0.835490342
382,PET,Elephant Grass,84.948,15.052,59.122,4.464,36.0831,0.331,0,0.0917,1.9424,91.1743,174.6993,0.2648,6.7916,922.4261,15.6169,36.5125,2.4024,0.8245,44.6428,260.3477,240.7573,2.407573,6.5823712,0.427713797
383,PU,Cherry Stone,24.5473,75.4527,52.7725,6.7181,38.9689,1.3554,0.1851,0.7671,5.8655,77.0325,185.8959,0.2992,16.3349,971.6921,16.8329,22.2345,7.1954,0.1252,53.555,237.5811,214.9315,2.149315,4.6643218,0.757062223
384,PU,Castor Seed Hull,82.5785,17.4215,61.9514,7.7939,26.6077,3.5066,0.1404,0.3505,1.065,94.004,348.74,0.4113,4.5805,941.0598,14.3598,23.2016,4.5359,0.2988,57.5791,419.4858,376.5347,3.765347,4.5812304,0.618914213
385,PP,Açaí Seed,97.5311,2.4689,84.624,13.6662,1.6905,0.0193,0,0.3508,0.2284,98.7186,413.0769,0.2913,0.7022,768.4289,21.1855,21.6206,1.4785,3.1367,52.5739,481.1975,482.2386,4.822386,6.1351682,0.979875674
386,PP,Peach Stone,51.9159,48.0841,64.0011,10.5373,23.4226,1.8947,0.1443,1.2124,2.6606,85.1382,332.0862,0.3486,10.9888,825.8552,17.9383,20.1671,4.2157,1.5942,56.0557,389.3964,366.1938,3.661938,5.0491146,0.889483366
387,PP,Beetroot Pellets,50.9734,49.0266,62.7038,9.6239,26.8389,0.5834,0.25,0.3965,3.4502,89.4585,252.4265,0.2823,6.6948,685.9604,16.4778,21.0923,4.9514,4.5678,52.8463,314.496,293.9959,2.939959,6.0725046,0.78122348
388,PU,Cotton Stem,74.1887,25.8113,61.3168,7.7009,27.3875,3.4099,0.1849,1.2041,4.203,87.7206,264.5559,0.3303,6.8723,850.8313,16.7949,25.6642,3.5872,1.3766,52.5362,337.0009,313.9772,3.139772,5.5403612,0.654409645
389,PET,Coffee Husk,96.0997,3.9003,61.4053,4.4069,34.1584,0.0294,0,0.0884,0.566,93.9389,192.3193,0.2743,5.4067,678.2134,8.2629,24.3096,9.5948,3.4154,54.4133,261.2569,216.9615,2.169615,5.178116,0.339902754
390,PS,Hazelnut Shell,43.2767,56.7233,67.852,6.629,24.7249,0.7941,0,0.695,4.8568,90.5894,246.7453,0.2915,3.8588,863.5219,16.9831,32.2046,1.0214,1.7414,48.0477,332.4987,316.4322,3.164322,6.5153756,0.52735013
391,PE,Soybean Cake,26.0126,73.9874,63.7185,7.777,21.5319,6.9284,0.0442,3.8251,24.4158,64.3774,237.2664,0.3621,7.3817,794.4163,13.8455,23.051,4.2124,1.8567,57.0235,291.1339,262.4349,2.624349,5.0644386,0.600646393
392,PET,Cotton Stalk,90.6349,9.3651,60.6784,4.5619,34.4849,0.1538,0.1211,1.7234,1.1766,91.2507,232.642,0.3415,5.8493,695.5367,7.7509,26.0867,7.9734,2.9007,55.2553,310.6945,258.6185,2.586185,5.162472,0.297120755
393,PU,Peach Stone,88.3765,11.6235,62.7881,8.1267,24.7303,4.1698,0.1851,0.2931,1.1733,94.6233,297.8259,0.34,3.9103,793.2747,15.8501,25.5184,3.3246,2.0985,53.1711,377.4412,349.9548,3.499548,5.6783922,0.621124365
394,PS,Pistachio Soft Shell,17.1407,82.8593,53.1868,6.0634,39.308,1.4418,0,16.2084,8.2445,63.1265,171.7395,0.3457,12.4206,869.7746,12.9109,21.499,8.71,0.7041,56.1748,219.1945,189.2161,1.892161,4.355319,0.600534909
395,PP,Sugarcane Straw,84.5459,15.4541,78.9944,12.6307,8.3431,0.0318,0,1.8532,1.1547,95.0284,371.2557,0.2948,1.9637,835.2841,22.6464,24.7055,0.8789,2.315,49.4511,452.0621,460.8136,4.608136,6.3874742,0.916654186
396,PE,Cotton Stem,91.9443,8.0557,82.9806,10.784,5.7758,0.2848,0.1747,0.3758,1.1728,96.6331,347.4543,0.2732,1.8183,745.4051,18.564,21.8853,2.1147,3.3408,54.0604,407.4137,394.8662,3.948662,5.9584662,0.8482406
397,PS,Cocoa Pod Husk,77.9665,22.0335,78.5578,7.8587,13.1847,0.3503,0.0485,2.5282,2.7159,92.4189,301.7035,0.2867,2.337,767.7252,15.2941,25.9352,2.1949,2.7,53.8632,369.6181,344.2646,3.442646,5.886198,0.58970434
398,PU,Cotton Stalk,3.5671,96.4329,46.9372,6.825,43.5374,1.4476,1.2527,17.7454,10.1768,59.3907,134.853,0.3133,12.6871,853.958,15.4135,19.8462,9.568,0.9607,53.7938,176.4776,155.4474,1.554474,4.5092098,0.776647419
399,PET,Açaí Seed,73.8189,26.1811,58.3678,4.8763,36.5289,0.227,0,3.7203,2.5768,87.663,210.2741,0.3312,6.0399,760.7358,10.5102,28.52,6.4597,2.1386,52.3693,286.8646,246.7557,2.467557,5.4942404,0.368520337
400,PP,Safflower Seed,80.0213,19.9787,78.3567,12.4609,8.583,0.5994,0,0.281,1.886,91.9707,335.2677,0.2669,5.8623,875.8493,25.3001,24.775,0.605,1.9911,47.326,413.9895,435.7754,4.357754,6.5668746,1.021194753
401,PS,Chlorella Vulgaris,70.136,29.864,78.8221,7.9006,10.1416,2.9715,0.1643,0.7153,2.7396,91.7115,325.8053,0.2993,4.8336,939.986,18.3976,28.6843,0.4506,1.1123,51.3257,407.3612,394.0668,3.940668,5.999366,0.64138222
402,PU,Açaí Seed,67.8917,32.1083,59.8969,7.6784,29.2071,3.1022,0.1154,4.5626,3.3773,88.2584,287.5028,0.3796,3.8017,998.5851,16.5288,25.4628,3.6752,0.1247,54.1852,357.4832,329.8754,3.298754,5.0380658,0.649135209
403,PET,Rubber Wood,37.9087,62.0913,55.2075,5.7072,38.9487,0.1367,0,3.0035,4.4115,81.4102,273.9021,0.4485,11.1748,736.4817,6.4702,14.3291,13.2123,1.6172,64.3695,329.3628,261.3158,2.613158,3.0832058,0.451542665
404,PU,Banana Stems,99.3831,0.6169,65.5251,8.2624,21.8643,4.1791,0.169,0.0219,0.6533,97.7717,300.676,0.323,1.5531,963.0403,20.1437,29.1345,1.0662,0.6897,48.9348,391.6302,383.8992,3.838992,6.0933792,0.691403662
405,PP,Nectarine Stone,39.6095,60.3905,63.2216,9.2422,27.0954,0.302,0.1389,0.9961,5.0524,82.0218,321.4192,0.371,11.9297,850.6491,15.5337,19.9587,5.3642,1.1056,58.0093,375.2047,340.4567,3.404567,4.5882406,0.778292173
406,PE,Soy Peel,57.6891,42.3109,68.6598,9.2963,20.5975,1.3483,0.0981,3.0552,4.7967,88.3328,364.7169,0.3898,3.8153,701.5369,11.6404,20.8641,5.2232,3.2285,59.0227,432.2894,380.9273,3.809273,5.0418428,0.557915271
407,PET,DDGS,75.4033,24.5967,59.7357,5.031,33.7873,1.249,0.1971,3.0291,2.2772,87.819,269.0503,0.4001,6.8747,998.3644,10.7111,25.9853,6.1166,0.0403,57.1014,340.0297,290.846,2.90846,4.445374,0.412198435
408,PE,DDGS,60.3438,39.6562,72.6132,9.6014,15.2619,2.1031,0.4203,4.8837,3.4162,86.8043,396.9479,0.3956,4.8958,916.4858,16.0367,23.4442,2.8884,0.6265,56.9403,465.5454,430.5765,4.305765,4.9102198,0.68403699
409,PE,Plum Stone,41.8546,58.1454,64.0243,8.5253,26.6866,0.5938,0.17,12.3358,4.2771,81.224,280.0817,0.3675,2.1631,921.6,17.4141,26.0215,3.0149,0.6744,52.8433,347.507,326.0547,3.260547,5.400867,0.669219684
410,PE,Sorghum Bagasse,12.274,87.726,70.494,8.9573,20.309,0.096,0.1438,5.3265,7.9247,74.2834,285.3966,0.3196,12.4654,820.2523,17.1883,24.0661,3.1338,1.782,53.8004,346.3241,325.697,3.25697,5.526621,0.714212107
411,PS,Rice Husk,30.421,69.579,61.5808,5.2234,32.6982,0.4353,0.0622,3.0527,5.4967,80.6659,279.4996,0.4112,10.7847,804.7563,8.1908,20.64,9.0722,1.1036,60.978,342.0637,281.8416,2.818416,3.8803352,0.396841085
412,PP,Cotton Husk,25.6424,74.3576,59.4162,9.7962,29.7455,1.0422,0,2.097,4.4595,83.5295,333.4427,0.4025,9.914,964.2638,16.4168,19.3477,5.2543,0.1463,58.8341,382.7213,349.169,3.49169,4.2632,0.848514294
413,PP,Beetroot Pellets,62.4302,37.5698,68.045,10.6115,20.7049,0.4471,0.1916,0.3039,2.6439,91.805,431.2693,0.4228,5.2472,658.2002,9.7162,15.9974,7.2291,3.8741,63.146,490.2408,419.7061,4.197061,4.4519498,0.607361196
414,PS,Pistachio Soft Shell,87.6059,12.3941,84.6639,8.133,6.9875,0.2157,0,2.5945,1.2332,94.3144,484.2774,0.4141,1.8579,717.783,8.9018,22.5712,4.1472,2.6288,61.748,559.674,481.6128,4.816128,4.746476,0.394387538
415,PS,Rice Straw,30.251,69.749,62.6827,6.8179,30.3503,0.1491,0,3.6962,5.932,83.2598,206.382,0.2782,7.112,975.9998,20.4834,31.6706,1.64,0.5347,45.6703,283.4259,277.5862,2.775862,6.3941254,0.646763876
416,PET,Açaí Seed,2.5747,97.4253,48.0215,6.353,44.864,0.7615,0,13.8441,9.0172,68.5411,187.4458,0.4172,8.5976,837.2353,10.5606,17.4672,11.5385,0.7736,59.6589,233.4335,193.6377,1.936377,3.6183608,0.604596043
417,PE,Plum Stone,40.9908,59.0092,63.6981,8.4856,27.0468,0.5995,0.17,12.5191,4.3407,80.9452,210.4605,0.2789,2.195,790.4507,19.4966,29.1517,1.839,2.7858,46.6876,283.6175,277.5205,2.775205,6.7760634,0.668798046
418,PU,Olive Pomace,99.8458,0.1542,65.675,8.2768,21.684,4.1943,0.1699,0.0076,0.6104,97.8795,381.2131,0.408,1.5025,789.9393,12.6539,22.9287,4.4248,1.8126,58.1495,459.0929,408.0892,4.080892,4.9045482,0.551880394
419,PP,Corn Cobs,47.8191,52.1809,65.7521,9.806,24.1705,0.2713,0,0.3149,7.1974,83.6118,402.1814,0.4425,8.8759,780.063,11.3887,16.6156,6.9454,1.6393,63.4088,451.3466,389.5943,3.895943,3.9104146,0.685422133
420,PU,Soybean Cake,98.5344,1.4656,65.5464,8.255,21.7565,4.2746,0.1675,0.0758,1.0748,97.2352,255.1288,0.2753,1.6142,673.353,13.6457,19.2342,5.7657,4.5144,56.7927,312.2479,281.6514,2.816514,5.5134,0.709449834
421,PE,Cotton Stalk,4.6945,95.3055,48.1089,6.9791,42.3794,1.2925,1.2401,17.5379,10.0367,59.9382,131.41,0.2922,12.4872,679.2917,12.5174,17.7679,11.2171,3.8491,54.2137,174.9894,150.1754,1.501754,4.9686124,0.704495185
422,PU,Olive Pomace,89.3017,10.6983,64.6508,8.0587,23.3245,3.8032,0.1628,0.525,1.3282,95.7861,296.7316,0.3308,2.3607,823.2143,16.9048,27.5472,2.254,1.8744,51.3872,381.7724,360.2124,3.602124,5.9677008,0.613666725
423,PET,Sorghum Stalk,46.2875,53.7125,53.3265,5.6875,39.3356,0.713,0.9374,2.7211,5.4767,77.9624,164.2622,0.2814,13.8398,813.5367,14.1488,24.445,8.2521,1.5795,51.2678,224.737,197.6664,1.976664,5.1736014,0.578801391
424,PE,Cherry Stone,50.3974,49.6026,67.4237,8.7248,23.3525,0.3191,0.1799,0.5043,3.7592,85.2283,414.0435,0.4466,10.5082,818.297,10.726,17.4016,6.9911,1.0969,63.7528,466.6093,398.9826,3.989826,3.7436998,0.616380103
425,PE,Castor Seed Hull,74.4989,25.5011,75.3333,9.7439,14.5836,0.2126,0.1266,0.5131,0.8338,93.7343,339.9488,0.3046,4.9188,991.4282,22.0939,28.6699,0.3356,0.8296,48.0509,430.8785,434.5604,4.345604,6.2955454,0.770630522
426,PS,Coconut Shell,66.0266,33.9734,75.189,7.6625,17.084,0.0645,0,1.423,4.8582,92.0541,293.7028,0.2989,1.6647,816.7767,16.2761,28.7231,1.4128,2.1616,51.4242,371.495,350.6241,3.506241,6.1507822,0.56665541
427,PP,Açaí Seed,10.1059,89.8941,51.479,7.1586,40.6605,0.7019,0,12.774,8.3152,71.0485,167.0647,0.3174,7.8623,864.8499,17.2669,24.4394,6.489,1.112,50.691,221.4193,203.1603,2.031603,5.3422856,0.706518982
428,PET,Soy Peel,21.0467,78.9533,48.6488,6.2025,42.8523,2.2963,0,5.7011,8.995,77.1326,142.856,0.2851,8.1713,855.7636,17.2577,26.4196,7.1353,1.2572,47.9283,203.6935,186.223,1.86223,5.6427788,0.653215794
429,PE,Banana Stems,11.7346,88.2654,44.4785,6.1111,48.6427,0.7477,0.0199,3.14,8.1687,78.3247,156.7392,0.3468,10.3666,766.2053,11.216,17.2759,13.665,1.8348,55.9987,208.5665,172.735,1.72735,4.0449498,0.649228115
430,PET,Cotton Husk,71.2059,28.7941,58.781,5.504,35.2897,0.4254,0,0.812,1.8764,89.8907,250.3997,0.3632,7.4209,935.6463,12.8916,26.8359,5.7121,0.3093,54.2503,323.4609,283.895,2.83895,4.8843456,0.480386348
431,PS,Cotton Stem,53.9486,46.0514,71.1106,7.3639,20.8961,0.5245,0.1049,2.2562,6.7047,80.7499,383.1781,0.4311,10.2892,936.4668,11.5069,21.564,5.2396,0.2049,61.4665,441.7384,383.2312,3.832312,4.0331634,0.533616212
432,PS,Durian Shell,3.4402,96.5598,61.3383,8.4709,27.1395,2.9547,0.0966,6.4828,4.2465,72.9699,312.8858,0.3999,16.3008,826.0941,12.0152,16.0499,7.4865,1.0359,63.3912,354.7791,306.2719,3.062719,3.6907812,0.748615256
433,PET,Cotton Husk,82.3769,17.6231,60.0958,5.0499,34.5821,0.2722,0,0.497,1.2299,91.7526,205.7266,0.2944,6.5205,760.1528,12.2585,31.4579,4.4659,2.4373,49.3778,288.5258,256.1403,2.561403,6.1601668,0.38967954
434,PP,Cocoa Pod Husk,76.6352,23.3648,74.2982,11.9224,13.3565,0.3715,0.0514,2.5156,2.88,91.743,441.754,0.3892,2.8614,926.4835,18.7843,22.7315,2.3945,0.6513,55.43,511.9348,489.638,4.89638,5.1260388,0.826355498
435,PU,Sorghum Bagasse,63.7195,36.2805,66.6468,8.4119,22.0769,2.7052,0.1592,2.2028,3.6596,88.034,353.5478,0.3933,6.1036,745.1803,11.8456,21.0967,5.3745,2.3511,59.3006,420.4129,369.3472,3.693472,4.7792028,0.56149066
436,PS,Castor Seed Hull,74.1587,25.8413,78.321,7.72,13.9021,0.0569,0,0.6682,0.8449,93.5176,467.9324,0.4322,4.9693,937.03,12.2644,24.3419,3.3611,0.3233,59.7086,543.506,481.0675,4.810675,4.507376,0.503839059
437,PE,Cotton Stem,32.1431,67.8569,60.715,7.6961,30.5393,0.8404,0.2092,3.1656,9.8793,71.7876,229.4946,0.3185,15.1675,655.9882,10.7196,17.8345,8.5507,4.3081,58.5273,281.1813,241.6507,2.416507,4.9471636,0.601059744
438,PU,Sorghum Stalk,55.5343,44.4657,56.8038,7.646,31.7688,2.9109,0.8705,2.2527,4.7865,82.6305,212.62,0.2952,10.3303,994.8432,20.7202,26.2904,3.4043,0.2142,49.1602,278.8093,269.8581,2.698581,5.6270556,0.788127986
439,PP,Peach Stone,92.2773,7.7227,82.0975,13.318,4.2571,0.3043,0.0232,0.1947,0.4273,97.1934,612.4947,0.4484,2.1846,955.3155,16.3505,20.4487,2.911,0.2819,60.0044,676.6734,626.8873,6.268873,4.4433104,0.799586282
440,PU,Nectarine Stone,97.5943,2.4057,65.2781,8.2304,22.209,4.111,0.1714,0.0397,0.7867,97.2522,338.9591,0.3668,1.9214,782.5689,14.3323,25.0083,3.4207,2.1337,55.0722,420.7433,383.6681,3.836681,5.4627988,0.57310173
441,PE,Durian Shell,97.9115,2.0885,85.4439,11.143,2.9751,0.2695,0.1685,0.1401,0.0918,99.396,443.221,0.3305,0.3721,808.8636,17.5736,24.7522,1.2265,2.3001,54.1216,524.3742,503.0101,5.030101,5.8401618,0.709981335
442,PS,Plum Stone,50.9657,49.0343,69.6156,7.5668,22.3076,0.4266,0.0834,10.5048,3.6069,84.0712,362.0543,0.438,1.8171,877.0016,11.9344,23.7585,4.47,0.7475,59.0752,429.115,376.6467,3.766467,4.5500912,0.502321274
443,PU,Rice Husk,19.9416,80.0584,52.3826,4.6871,41.4864,1.3384,0.1055,3.4425,6.4442,77.4071,166.4296,0.3172,12.7062,665.2118,7.5213,19.436,13.6186,3.3142,56.0692,228.4244,183.8981,1.838981,4.44772,0.386977773
444,PE,Chlorella Vulgaris,47.5438,52.4562,68.2078,8.7346,17.369,5.3192,0.3693,1.01,4.8121,85.6782,281.4969,0.2978,8.4997,987.6629,21.8953,27.5931,0.9461,0.5382,48.9588,361.0315,361.0757,3.610757,6.0340986,0.793506348
445,PE,Corn Cobs,37.526,62.474,62.0025,8.0138,29.5162,0.4037,0.0638,0.377,8.6171,80.6579,257.9741,0.3312,10.348,697.4019,12.7268,21.2238,6.412,3.4414,56.1765,318.9442,282.3588,2.823588,5.2807144,0.599647565
446,PET,Colza seed,40.7882,59.2118,51.5296,5.6164,39.6441,3.2099,0,5.4205,4.8748,76.174,199.3596,0.3629,13.5307,880.4537,11.1727,19.4897,10.1437,0.4367,58.7564,252.5462,212.1772,2.121772,3.8186924,0.573261774
447,PP,Nectarine Stone,86.0545,13.9455,80.4016,12.786,6.7107,0.0697,0.0321,0.23,1.1667,95.4639,348.151,0.2662,3.1394,891.8768,25.7382,24.5377,0.5247,1.8373,47.3548,426.5953,451.3341,4.513341,6.5292292,1.048924716
448,PU,Rice Husk,67.1968,32.8032,60.2374,6.8078,29.7837,3.0275,0.1436,1.4105,2.9946,89.5092,248.5605,0.3277,6.0857,807.0994,14.8628,26.7292,4.1404,1.8306,52.4021,324.2771,295.5384,2.955384,5.6284164,0.55605106
449,PP,Spirulina Sp.,55.8537,44.1463,65.1202,10.4331,21.2593,2.9357,0.2516,0.8738,2.5381,88.7777,406.9662,0.4175,7.8104,667.3061,10.1834,15.2103,7.3272,3.5627,63.6674,461.1924,395.8613,3.958613,4.2917516,0.669506847
450,PS,Cherry Stone,38.8547,61.1453,64.7454,7.0986,27.7769,0.2629,0.1162,0.6993,4.634,81.7256,221.585,0.2711,12.9411,803.3532,17.4942,27.8428,3.192,2.12,49.3203,292.2658,276.1419,2.761419,6.1565264,0.628320428
451,PE,Chlorella Vulgaris,34.4564,65.5436,63.7738,8.1195,21.0937,6.5939,0.4191,1.262,6.0126,82.1101,239.3952,0.2817,10.6153,971.1735,22.0654,27.3835,1.4291,0.5713,48.4628,313.6644,313.2797,3.132797,6.0379096,0.805791809
452,PE,Sorghum Bagasse,67.4132,32.5868,80.2275,10.3669,9.0776,0.1676,0.1603,1.9786,2.9437,90.4347,377.0896,0.3217,4.643,834.4139,18.4675,26.3433,1.02,2.0798,52.0629,458.9218,444.7745,4.447745,6.0583142,0.701032141
453,PET,Rubber Wood,71.0368,28.9632,58.9222,4.9743,36.0234,0.0801,0,1.401,2.1699,88.4954,191.1288,0.2877,7.9337,945.3235,15.7444,32.9724,3.5052,0.4978,47.2792,270.4624,248.2418,2.482418,6.03313,0.477502396
454,PS,Banana Stems,36.0195,63.9805,57.4172,6.5377,35.5211,0.5241,0,2.3481,5.9212,84.218,232.4268,0.348,7.5127,681.7899,10.1354,21.6395,8.5063,3.4883,56.2255,298.7263,254.3897,2.543897,5.0700116,0.468374962
455,PS,Chlorella Vulgaris,64.9357,35.0643,76.8408,7.7968,11.6807,3.4889,0.1929,0.805,3.2166,90.3031,392.3643,0.3734,5.6753,666.7629,8.0945,17.4855,6.7406,3.4372,64.2034,449.6782,379.242,3.79242,4.3078966,0.462926425
456,PU,Olive Pomace,27.7093,72.2907,58.6679,6.7847,32.9074,1.5189,0.1211,3.5476,5.5211,83.5572,277.1473,0.3997,7.3741,871.6928,12.4081,22.1999,6.6331,0.7238,58.0077,339.241,295.1437,2.951437,4.3963826,0.558925941
457,PE,Olive Pomace,95.411,4.589,84.6031,10.9711,4.036,0.2229,0.1669,0.2252,0.3399,98.9739,347.6455,0.264,0.461,675.7629,15.4934,16.2896,3.9984,4.6861,59.4924,385.3575,358.923,3.58923,5.4034006,0.951122188
458,PS,Corn Cobs,47.9282,52.0718,68.0176,7.2488,24.4628,0.2708,0,0.4101,7.1823,83.7888,328.2886,0.386,8.6188,953.8714,14.0736,24.6441,4.0501,0.2526,56.9788,394.3576,353.9693,3.539693,4.7155362,0.571073807
459,PU,Banana Stems,82.3375,17.6625,60.969,7.7774,27.5107,3.6029,0.14,0.6283,2.1286,93.9424,360.5217,0.4391,3.3007,720.8498,9.5119,18.8406,7.5412,2.4188,61.6581,428.9741,363.4064,3.634064,4.2671312,0.504861841
460,PS,Safflower Seed,92.816,7.184,87.2769,8.382,4.1256,0.2155,0,0.2867,0.6782,97.071,475.7809,0.3794,1.9641,878.7089,13.8416,28.0336,0.8229,1.3418,55.9588,568.0487,522.1341,5.221341,5.5074908,0.493750357
461,PP,Nectarine Stone,94.4739,5.5261,83.5159,13.4284,3.0154,0.0276,0.0127,0.0911,0.4623,97.9007,597.8027,0.4294,1.5459,720.6277,12.6474,18.681,4.0892,2.8293,61.7474,663.8332,594.2164,5.942164,4.7326146,0.677019432
462,PP,Chlorella Vulgaris,50.885,49.115,69.1261,10.24,15.4768,4.8869,0.2701,0.9457,4.5056,86.3449,377.8693,0.3723,8.2038,870.2055,17.1154,21.6951,3.179,1.0869,56.8786,442.517,414.2397,4.142397,4.971156,0.788906251
463,PE,DDGS,35.4124,64.5876,64.2097,8.5964,23.3229,3.2933,0.5777,7.9541,5.5639,78.5208,360.9237,0.4478,7.9612,696.0256,8.5069,15.4591,8.3683,2.641,64.9191,412.6564,344.7409,3.447409,3.8120698,0.550284299
464,PU,Banana Stems,53.0966,46.9034,53.1532,6.9454,37.1968,2.6143,0.0903,1.6685,4.6593,87.3737,229.099,0.3568,6.2985,726.6252,12.0658,21.2604,8.1364,2.6945,55.816,294.6464,255.4227,2.554227,4.9465478,0.5675246
465,PET,Beetroot Pellets,24.2923,75.7077,44.5831,5.0122,49.1102,0.9084,0.3861,0.6123,5.3788,82.8253,110.9939,0.2512,11.1836,663.7755,10.6057,21.0024,15.9571,4.0812,48.1697,174.1578,142.8326,1.428326,5.2527876,0.504975622
466,PET,Sorghum Stalk,28.6276,71.3724,50.4189,6.1326,41.2655,0.9373,1.2457,3.6158,7.2083,72.4626,215.8492,0.3966,16.7133,777.2065,7.8125,12.2994,13.8685,1.1018,64.539,258.562,206.3057,2.063057,2.7879188,0.635193587
467,PP,Nectarine Stone,5.2826,94.7174,50.524,6.6231,42.1615,0.4736,0.2179,1.5623,7.9242,72.0869,222.1275,0.3936,18.4266,946.9579,9.4585,13.7469,11.9515,0.022,64.7552,258.6471,211.0636,2.110636,2.7615034,0.688046032
468,PP,Pistachio Soft Shell,84.8392,15.1608,79.4911,12.5932,7.6519,0.2638,0,2.9594,1.5085,92.8353,388.1341,0.3111,2.6968,866.4162,22.246,25.3812,0.698,1.9437,49.7285,472.8872,479.4329,4.794329,6.2964438,0.876475502
469,PP,Olive Pomace,27.8181,72.1819,64.2059,8.3365,27.0292,0.3546,0.0738,3.5423,5.3468,84.021,301.335,0.3658,7.0899,842.2966,15.2332,23.4046,4.4754,1.3121,55.5589,366.0317,333.3429,3.333429,5.063897,0.650863505
470,PS,Corn Cobs,0.479,99.521,47.8041,6.1115,45.5669,0.5175,0,0.6015,13.727,69.1991,191.3041,0.3988,16.4724,973.4298,8.5913,13.9133,13.3764,0.0067,64.1119,228.803,183.692,1.83692,2.6833348,0.617488303
471,PE,Durian Shell,87.1127,12.8873,82.6718,10.8482,5.7417,0.5773,0.161,0.8643,0.5668,96.3759,559.6774,0.4399,2.193,972.8856,15.1073,22.7383,2.5879,0.2129,59.3342,632.9931,579.6946,5.796946,4.5728324,0.664398834
472,PP,Colza seed,87.2585,12.7415,80.2901,12.9135,6.1083,0.688,0,1.1664,1.0306,94.9027,533.5833,0.4095,2.9003,702.0509,12.7279,18.7881,4.1817,3.2998,60.9975,599.2483,537.7497,5.377497,4.9232422,0.677444766
473,PET,Beetroot Pellets,11.3325,88.6675,41.5725,5.1284,51.7882,1.0586,0.4522,0.7171,6.2636,80.7943,139.3721,0.35,12.225,698.901,7.0559,12.0586,20.1075,2.2672,58.3093,192.4466,148.0492,1.480492,3.0930784,0.585134261
474,PS,Spirulina Sp.,68.082,31.918,73.9413,7.7351,16.0192,2.1225,0.1819,0.7679,1.8351,91.952,418.086,0.4125,5.445,862.0913,12.2789,23.8508,3.7187,0.9546,59.1678,492.729,436.4765,4.364765,4.6730688,0.514821306
475,PE,Sorghum Stalk,71.6265,28.3735,74.5527,9.9669,14.3438,0.5196,0.617,1.4374,2.8417,89.6428,394.986,0.3648,6.0781,689.9572,11.9125,19.9327,4.8158,3.6149,59.6176,458.9807,407.2823,4.072823,5.0922044,0.597636045
476,PS,Spirulina Sp.,27.1871,72.8129,53.1092,6.759,34.8747,4.8421,0.415,1.4956,4.1862,81.8968,239.9505,0.3695,12.4214,747.2024,10.5849,17.0718,9.6105,2.0687,60.5514,295.3216,249.2484,2.492484,4.0348106,0.620022493
477,PS,Rice Straw,82.2989,17.7011,83.2169,8.0709,8.6744,0.0378,0,1.0873,1.5054,95.6024,438.4607,0.3783,1.8049,997.4751,15.7289,28.8289,0.6696,0.4024,54.3695,529.6472,495.0107,4.950107,5.4752218,0.545594872
478,PU,Olive Pomace,8.5528,91.4472,56.8071,6.3885,35.8879,0.8084,0.1081,4.4877,6.8252,79.7537,200.7883,0.3163,8.9334,851.4667,15.352,26.2634,5.5883,1.2385,51.5282,265.5149,240.2727,2.402727,5.4105874,0.584539702
479,PU,Colza seed,54.8732,45.1268,55.9923,7.4767,31.6962,4.7415,0.0933,4.1311,3.9791,82.3455,225.5101,0.3227,9.5443,834.7013,16.5131,23.4112,5.1673,1.463,53.4207,288.8301,265.6222,2.656222,5.25698,0.705350431
480,PP,Rice Straw,81.444,18.556,79.1003,12.41,8.4501,0.0397,0,0.9673,1.5782,95.1552,515.2742,0.4094,2.2993,837.7949,16.0727,21.3278,2.9578,1.4257,58.2139,585.0551,543.3014,5.433014,4.933555,0.753603278
481,PU,Plum Stone,11.4313,88.5687,50.2171,6.792,41.5702,1.2507,0.17,18.7903,6.5836,71.1736,150.3825,0.316,3.4525,869.5002,17.6766,27.411,5.619,1.1737,48.0714,208.8133,193.5776,1.935776,5.7830434,0.644872496
482,PET,Rubber Wood,99.2505,0.7495,62.0859,4.3502,33.5321,0.0319,0,0.0363,0.2607,94.5297,261.6569,0.3673,5.1733,714.5027,7.3463,27.2289,7.1227,2.4629,55.8368,345.8262,287.6508,2.876508,5.10596,0.269797899
483,PS,Chlorella Vulgaris,48.9116,51.0884,70.7355,7.4768,16.4234,5.0833,0.281,1.0815,4.6866,85.9631,418.4848,0.4469,8.2688,923.8164,11.2382,21.1404,4.9006,0.269,62.4068,481.661,417.7108,4.177108,3.973718,0.531598267
484,PU,Olive Pomace,69.9758,30.0242,62.7735,7.659,26.3313,3.0865,0.1497,1.4734,2.6438,91.949,283.8006,0.3417,3.9338,691.3074,11.7238,22.3389,5.7507,3.6264,56.5231,354.6771,312.341,3.12341,5.379123,0.524815456
485,PP,Chlorella Vulgaris,48.8731,51.1269,68.4529,10.0922,16.0866,5.0871,0.2812,0.9844,4.6901,85.8061,397.1464,0.3978,8.5194,824.6105,14.6557,19.7801,4.3029,1.4113,59.8031,456.6826,414.0039,4.140039,4.5803536,0.740931542
486,PU,Sorghum Stalk,83.5647,16.4353,62.4055,8.0457,25.3964,3.7235,0.4289,0.8326,2.1473,92.2626,215.8154,0.253,4.7575,881.4398,22.6234,30.7771,0.7753,1.8649,43.8646,303.3646,308.5525,3.085525,6.988876,0.735072505
487,PET,Soy Peel,48.2465,51.7535,53.3069,5.5587,39.6187,1.5158,0,3.7371,5.9685,83.1812,204.7055,0.3595,7.1132,781.4166,10.9452,23.3597,8.8276,1.7491,55.1164,270.5205,229.9394,2.299394,4.7515816,0.468550538
488,PP,Cotton Husk,98.4237,1.5763,85.0058,13.7641,1.2081,0.0221,0,0.0445,0.0945,99.1614,591.8291,0.4127,0.6996,909.9175,17.8715,21.9395,2.0681,0.7889,57.3305,667.2159,633.6086,6.336086,4.9769252,0.814581007
489,PP,Beetroot Pellets,61.2506,38.7494,67.495,10.5098,21.3364,0.4611,0.1976,0.3134,2.7269,91.5635,317.6224,0.3154,5.3962,947.2714,22.7443,25.8411,1.6271,0.7337,49.0187,395.9255,398.4132,3.984132,5.9750276,0.8801599
490,PU,Açaí Seed,52.6342,47.3658,57.1441,7.3926,32.7934,2.5805,0.0895,6.7307,4.6971,83.6719,215.4064,0.3169,4.9003,676.7609,12.1937,21.9309,7.0801,4.1826,54.5839,279.0946,245.5566,2.455566,5.5775838,0.556005453
491,PU,Corn Cobs,28.8605,71.1395,52.8209,6.7292,38.8189,1.5821,0.0491,0.4293,9.9855,77.3804,160.5008,0.2686,12.2048,836.0211,18.1261,25.3709,6.2594,1.5553,48.6711,220.2679,204.7214,2.047214,5.7111496,0.714444501
492,PET,Cocoa Beans Husk,58.3408,41.6592,54.288,4.982,39.4915,1.1177,0.1208,3.3327,4.7513,83.3861,204.8835,0.3582,8.5299,743.4351,9.0396,22.6328,10.1134,2.093,56.0844,272.1696,225.6755,2.256755,4.5773036,0.399402637
493,PE,Colza seed,8.4497,91.5503,47.7303,6.8971,40.3967,4.9615,0.0144,8.3809,7.4048,66.5084,146.1117,0.2835,17.7059,997.6136,17.6508,19.9018,7.8936,0.0454,54.5026,187.9852,170.7146,1.707146,4.4301664,0.886894653
494,PET,Corn Cobs,22.2318,77.7682,50.8391,5.7073,43.0424,0.4112,0,0.4693,10.7733,74.7516,165.1493,0.3145,14.0058,690.1611,9.6007,17.7414,13.1492,3.0244,56.48,218.8679,179.974,1.79974,4.3550272,0.541146696
495,PE,Soy Peel,30.2815,69.7185,57.4404,8.0632,32.3593,2.0856,0.0515,5.0343,7.9038,80.7882,274.4701,0.3958,6.2737,858.9375,14.2605,21.2256,6.0706,0.9553,57.4759,331.8803,295.6274,2.956274,4.556557,0.671853799
496,PU,Olive Pomace,23.9398,76.0602,58.3017,6.7068,33.4939,1.3791,0.1185,3.7326,5.7777,82.8087,250.705,0.3678,7.681,949.1751,14.7373,24.8141,5.2859,0.2602,54.875,314.7522,282.2248,2.822248,4.8113566,0.593908302
497,PS,Olive Pomace,5.341,94.659,57.8042,6.3337,35.3003,0.465,0.0968,4.656,7.0118,79.2169,218.7981,0.3402,9.1153,978.8834,15.5205,26.3443,5.1176,0.1544,52.8389,281.6531,254.7688,2.547688,5.050871,0.589140725
498,PP,Cocoa Beans Husk,53.8208,46.1792,66.0216,10.1741,22.4512,1.2191,0.1339,3.6943,5.131,84.7484,333.1612,0.3627,6.4263,907.6391,18.7002,22.9443,3.1801,0.7766,54.3746,397.1381,377.6904,3.776904,5.1886262,0.815025954
499,PS,Sorghum Bagasse,45.602,54.398,78.3019,8.5767,13.0017,0.0435,0.0762,3.3941,4.914,83.9637,279.1034,0.2684,7.7282,904.2881,20.6645,28.3025,0.5929,1.5205,48.9038,352.5256,350.3401,3.503401,6.34222,0.730129847
500,PS,Pistachio Soft Shell,16.3692,83.6308,52.8422,6.0408,39.6619,1.4552,0,16.3575,8.3213,62.7849,197.1909,0.4018,12.5363,856.7822,10.0978,17.6934,10.6289,0.548,61.031,240.8365,199.765,1.99765,3.5161148,0.570709982
501,PE,Elephant Grass,22.5392,77.4608,51.8511,6.5524,39.9414,1.6168,0.0383,0.472,9.078,77.7896,195.876,0.3357,12.6604,919.6096,14.8742,21.7306,7.955,0.3454,55.083,249.5137,220.3754,2.203754,4.4681224,0.684481791
502,PE,Sunflower Seed Hulls,9.8951,90.1049,76.9875,3.9015,17.7218,1.3724,0.0168,0.901,9.461,74.5885,219.2302,0.2606,15.0495,826.6168,10.6655,32.4584,1.6135,1.6529,53.6042,285.4049,252.8479,2.528479,5.8333706,0.328589826
503,PET,Rubber Wood,79.3825,20.6175,59.858,4.7897,35.2865,0.0658,0,0.9973,1.6051,90.2804,273.4149,0.4031,7.1172,983.2327,10.0928,25.9166,6.713,0.0519,57.2252,346.2352,293.3325,2.933325,4.3740942,0.389433799
504,PS,Soy Peel,44.6233,55.3767,65.1946,7.5023,25.6971,1.6061,0,4.0879,6.2779,84.6558,327.3195,0.4087,4.9784,891.5268,13.245,23.5788,4.6782,0.6576,57.8393,393.3509,349.3249,3.493249,4.6368096,0.561733422
505,PET,Peach Stone,81.2551,18.7449,58.1499,4.826,36.2043,0.7635,0.0562,0.4727,1.2078,89.9929,221.5382,0.3342,8.3266,943.0696,12.9151,29.1857,5.4252,0.3006,52.1581,297.7438,261.8381,2.618381,5.1798438,0.442514656
506,PS,Pistachio Soft Shell,85.0689,14.9311,83.5306,8.0585,8.1511,0.2598,0,3.0847,1.4856,93.1915,513.3536,0.45,2.2382,771.2259,9.1697,22.5955,4.2252,1.7702,62.2376,589.6911,506.5536,5.065536,4.4710922,0.405819743
507,PU,DDGS,31.8208,68.1792,56.5427,7.5225,30.6001,4.7345,0.6003,8.3964,6.0642,76.6689,247.5984,0.3729,8.8705,683.8045,10.264,17.9319,8.3669,3.2933,59.9992,303.5125,258.6998,2.586998,4.5469328,0.572387756
508,PU,Sunflower Seed Hulls,71.166,28.834,68.6628,6.7864,21.0084,3.4215,0.121,0.2883,3.4545,90.3816,335.0872,0.3757,5.8756,852.5163,12.8965,25.9954,3.4376,1.1567,56.4903,412.4599,368.7256,3.687256,5.082341,0.496107004
509,PET,Cotton Stem,67.206,32.794,57.7681,4.892,36.8712,0.3941,0.0747,1.5299,4.9156,82.7999,237.0172,0.3783,10.7546,783.8013,8.5233,21.683,9.8574,1.4238,58.4915,302.4658,249.2051,2.492051,4.1622948,0.39308675
510,PS,Rice Straw,42.6628,57.3372,67.5794,7.1167,25.1813,0.1225,0,3.0741,4.8764,86.2031,216.4575,0.2587,5.8464,756.2983,16.6399,28.2696,2.816,3.0353,49.2353,286.378,270.0032,2.700032,6.4457162,0.588614625
511,PS,Elephant Grass,11.9362,88.0638,47.6832,5.5936,44.9389,1.7843,0,0.5605,10.3206,74.7307,176.5357,0.3645,14.3882,843.7297,9.9637,16.3126,13.3203,0.595,59.8074,224.7358,183.2914,1.832914,3.3444772,0.610797788
512,PU,Plum Stone,7.4705,92.5295,49.5251,6.7255,42.4606,1.1188,0.17,19.6306,6.8512,69.9779,162.9748,0.3549,3.5403,977.2492,16.8386,26.2127,6.0054,0.1555,50.7423,217.6199,198.4454,1.984454,5.177038,0.642383272
513,PU,Rubber Wood,58.7157,41.2843,59.6075,7.564,30.1795,2.5492,0.0998,1.997,3.2325,87.7511,230.1707,0.2996,7.0194,731.5861,15.4812,25.6925,4.4181,3.1716,51.2085,303.3628,279.634,2.79634,6.0446574,0.602557166
514,PS,Cherry Stone,19.3113,80.6887,56.6094,6.6517,36.2387,0.347,0.1533,0.8589,6.1151,75.9486,291.1419,0.4353,17.0774,677.7199,5.5727,9.8019,14.1351,2.2353,68.2139,334.2581,262.3279,2.623279,2.6371284,0.568532631
515,PP,Sorghum Stalk,71.67,28.33,74.2692,11.8681,12.9997,0.3686,0.4944,1.4352,2.8373,89.3146,371.9958,0.3242,6.4129,942.1212,22.7426,24.6706,1.265,0.8178,50.4294,449.1453,453.2929,4.532929,5.8574688,0.9218503
516,PS,Hazelnut Shell,7.6019,92.3981,53.7965,5.4542,39.4558,1.2935,0,1.0063,7.9114,84.7966,213.0092,0.3698,6.2857,662.4158,7.7155,20.416,11.1819,3.4996,57.1823,281.2492,230.2694,2.302694,4.6585468,0.377914381
517,PS,Cherry Stone,2.9987,97.0013,49.8184,6.2786,43.3016,0.4171,0.1843,0.9921,7.3513,71.1268,194.1698,0.354,20.5298,736.7886,7.7394,10.3805,15.2616,1.6097,64.9425,231.9026,183.9732,1.839732,2.7200708,0.745571023
518,PS,Pistachio Soft Shell,60.5479,39.4521,72.577,7.3383,19.3983,0.6865,0,7.8222,3.9255,82.3384,360.4006,0.4082,5.9139,849.8,11.8372,24.0542,4.1633,1.051,58.8931,427.8254,376.4135,3.764135,4.6855048,0.492105329
519,PU,Elephant Grass,34.2309,65.7691,50.057,6.2544,40.8602,2.7703,0.0582,0.4008,7.9132,80.4304,169.9647,0.3037,11.2556,798.1298,14.4042,22.4111,8.7168,1.7669,52.6802,229.2332,201.8732,2.018732,5.0120024,0.642726149
520,PU,Rubber Wood,47.3253,52.6747,57.9293,7.3665,32.53,2.0937,0.0805,2.548,3.9589,84.9481,304.8405,0.4208,8.545,931.5845,12.6977,20.4158,6.7548,0.2123,59.9019,362.081,314.9546,3.149546,4.0197458,0.621954565
521,PE,Cocoa Beans Husk,37.2131,62.7869,59.1511,7.866,31.0018,1.7357,0.2453,5.023,6.9763,79.6217,224.3774,0.313,8.379,823.617,17.3809,25.0141,4.3008,1.7249,51.5207,288.4963,269.6706,2.696706,5.646428,0.694844108
522,PU,DDGS,53.4192,46.5808,59.4404,7.7624,27.768,4.5651,0.464,5.7365,4.3332,83.3979,305.8238,0.411,6.5324,889.8536,13.5339,21.2901,5.5694,0.6051,58.9101,366.2181,324.2106,3.242106,4.3608396,0.635689828
523,PET,Durian Shell,57.62,42.38,61.3817,6.0866,31.1749,1.3145,0.0424,2.8423,1.9848,85.0799,188.0447,0.2546,10.093,723.8005,14.4601,28.1939,4.685,3.3988,49.2459,259.398,236.3844,2.363844,6.3308926,0.512880446
524,PP,Soybean Cake,10.5825,89.4175,59.0315,7.3436,25.3177,8.3072,0,4.6229,29.5078,56.9015,144.2277,0.2627,8.9678,801.0952,19.3725,27.8473,2.2822,2.374,48.1208,198.7759,193.2345,1.932345,6.4508818,0.69566888
525,PET,Sorghum Bagasse,91.4963,8.5037,62.6935,4.7001,32.5597,0.0348,0.0119,0.5163,0.9603,92.649,310.1076,0.4268,5.8744,802.3559,7.6356,23.5539,8.0211,1.1544,59.6312,386.9935,319.2212,3.192212,4.2057114,0.324175614
526,PP,Safflower Seed,9.7896,90.2104,53.0348,7.5776,36.6813,2.7063,0,1.2689,8.5161,65.5023,185.5609,0.2905,24.7127,651.6371,10.1522,10.5052,12.0098,3.705,63.6204,218.117,182.0766,1.820766,3.7464828,0.966397594
527,PS,Rice Straw,23.6307,76.3693,60.0708,6.6586,33.1074,0.1632,0,4.0281,6.4951,81.6897,192.0735,0.2773,7.7871,911.8927,19.3408,30.6884,2.7103,0.9549,46.3042,264.9524,254.8394,2.548394,6.297399,0.630231618
528,PS,Cotton Stem,20.295,79.705,57.1601,6.5358,35.2148,0.9078,0.1816,3.7589,11.6043,66.8285,204.0015,0.3306,17.8083,815.3493,12.3334,18.9329,8.8653,1.271,58.5455,250.0213,214.9148,2.149148,4.1725706,0.651426881
529,PE,Castor Seed Hull,41.5325,58.4675,61.5698,7.8615,30.2822,0.2158,0.0706,1.1764,1.9116,85.6604,236.8776,0.2902,11.2516,750.8073,16.4974,24.693,4.6426,2.7855,51.3604,305.123,283.3822,2.833822,5.8902462,0.668100271
530,PET,DDGS,2.7949,97.2051,52.55,7.0897,34.7362,4.8455,0.7788,11.971,8.3796,67.5359,221.6693,0.3963,12.1135,650.7731,7.5132,12.6918,11.9869,3.3989,64.201,266.7567,216.7741,2.167741,3.6273986,0.59197277
531,PP,Plum Stone,57.4385,42.5615,69.6676,10.7643,19.1255,0.3703,0.0724,9.0296,3.1308,85.9752,390.0949,0.4093,1.8644,654.758,9.8785,16.3612,6.8996,4.1926,62.6499,444.5561,382.5562,3.825562,4.62934,0.603776007
532,PET,Banana Stems,46.7152,53.2848,49.8031,4.9203,44.8258,0.4508,0,1.8956,5.0294,84.4358,210.1083,0.4139,8.6392,735.3677,6.9929,16.8866,14.4625,1.7901,59.866,272.6185,215.9638,2.159638,3.5238006,0.414109412
533,PU,Sunflower Seed Hulls,20.0144,79.9856,73.9365,4.1367,19.8523,2.0404,0.034,0.7999,8.5186,77.0257,342.0939,0.4182,13.6558,782.1207,5.8006,22.2491,7.2437,1.1747,63.5245,408.722,332.8503,3.328503,3.850394,0.260711669
534,PP,Soy Peel,13.9452,86.0548,50.6945,7.6977,39.112,2.4958,0,6.2139,9.7559,76.2242,153.4032,0.2688,7.806,773.6409,19.3893,25.1061,5.6638,2.6075,47.2293,213.3442,202.9203,2.029203,6.190898,0.772294383
535,PU,Sorghum Bagasse,26.7541,73.2459,67.6217,8.5462,22.5017,1.1823,0.1481,4.4473,6.7772,77.9711,241.8553,0.2805,10.8044,653.4733,12.255,17.0533,6.938,4.91,58.7992,287.1249,253.8673,2.538673,5.2300358,0.718629239
536,PET,Sorghum Stalk,95.0995,4.9005,61.3631,4.4571,34.0014,0.0929,0.0855,0.2483,0.6905,93.1638,197.2297,0.2813,5.8974,690.1199,8.7104,25.9288,8.4657,3.2333,53.6341,269.174,225.8263,2.258263,5.3652734,0.335935331
537,PE,Safflower Seed,74.0886,25.9114,76.5289,10.085,12.3273,0.9329,0.126,0.3645,2.4461,90.0903,464.827,0.4101,7.0991,829.6138,13.7247,21.1597,3.8637,1.3445,59.8876,530.6071,477.5792,4.775792,4.6297208,0.648624508
538,PET,Cotton Stalk,78.9924,21.0076,58.8241,4.8457,35.7517,0.3069,0.2716,3.8658,2.3782,86.9751,202.6434,0.3155,6.7809,837.424,12.4865,30.616,4.9872,1.3366,50.5,279.6986,246.7364,2.467364,5.6846608,0.407842305
539,PET,Spirulina Sp.,12.158,87.842,42.0454,5.894,45.7147,5.8452,0.5007,1.7387,5.0758,77.5801,171.4295,0.3786,15.6054,828.6091,8.6497,11.3297,15.1819,0.4462,64.2003,214.3667,170.6797,1.706797,2.5214494,0.763453578
540,PET,Sunflower Seed Hulls,49.7761,50.2239,69.1159,3.714,26.4015,0.7686,0,0.5022,5.378,83.1938,245.8408,0.3249,10.926,725.4784,6.8121,28.5175,5.6793,2.2704,56.7188,320.2263,267.0407,2.670407,5.141715,0.238874375
541,PP,Cotton Husk,83.4492,16.5508,79.7408,12.9477,7.0795,0.232,0,0.4667,0.9926,95.9453,489.3974,0.3754,2.5954,798.2002,17.4073,22.0336,2.3572,2.0926,56.1063,564.3386,535.6702,5.356702,5.4053728,0.790034311
542,PP,Cotton Husk,72.4564,27.5436,75.8758,12.3484,11.3898,0.3861,0,0.7768,1.6519,93.5842,532.8511,0.4404,3.9871,799.9203,13.7465,18.5377,4.4636,1.6385,61.6113,591.5632,531.2903,5.312903,4.4069552,0.74154291
543,PP,Chlorella Vulgaris,66.4501,33.5499,74.3342,11.3841,10.759,3.3382,0.1845,0.646,3.0777,90.5139,395.7993,0.3448,5.7624,873.2351,19.7591,23.7147,1.7491,1.343,53.4049,471.62,459.6779,4.596779,5.602829,0.833200504
544,PS,Coconut Shell,88.6647,11.3353,85.1918,8.2186,6.5681,0.0215,0,0.6081,1.6209,97.2156,409.776,0.3417,0.5554,873.6572,15.138,28.0777,0.8039,1.4936,54.4853,494.8347,461.6202,4.616202,5.707403,0.539146725
545,PS,Rice Straw,47.2888,52.7112,69.4045,7.2281,23.2548,0.1126,0,2.8422,4.483,87.3,380.4479,0.436,5.3748,687.9226,7.6143,19.291,7.6567,2.7933,62.6413,447.9014,372.8825,3.728825,4.2530118,0.394707376
546,PU,Cotton Husk,8.1387,91.8613,51.6448,8.3886,38.3235,1.6294,0.0138,2.5906,5.5581,79.6407,232.9274,0.3556,12.2106,928.7892,16.9595,19.3544,6.8717,0.3078,56.502,280.7758,255.1379,2.551379,4.3804728,0.876260695
547,PE,Castor Seed Hull,89.9708,10.0292,81.7928,10.6273,7.2159,0.211,0.153,0.2018,0.3279,97.5237,551.6174,0.4378,1.9466,955.6013,14.9649,22.9071,2.6692,0.3004,59.1393,626.4239,572.7546,5.727546,4.610047,0.653286536
548,PP,Rubber Wood,43.3506,56.6494,65.9574,9.7122,24.2163,0.1141,0,2.7402,3.9523,84.6592,339.5283,0.3703,8.6483,769.5231,14.6247,20.4117,5.057,2.1896,57.7138,398.9695,361.2073,3.612073,4.9352186,0.716486133
549,PU,Banana Stems,33.7806,66.2194,47.9902,6.3958,43.5953,1.9613,0.0574,2.3557,6.3311,83.0344,173.2362,0.3267,8.2788,855.672,15.2295,23.1691,8.5123,1.0427,52.027,233.7068,207.1196,2.071196,4.9373792,0.657319447
550,PP,Sunflower Seed Hulls,30.9627,69.0373,78.96,6.4285,13.5759,1.0356,0,0.6904,7.2489,80.3767,388.4676,0.3964,11.684,726.3428,8.0625,22.439,5.2499,2.2747,61.9714,456.0376,385.9555,3.859555,4.5124066,0.359307456
551,PET,Chlorella Vulgaris,22.829,77.171,54.3989,6.0054,31.4858,7.6855,0.4244,1.4859,7.1272,77.7323,279.7754,0.4421,13.6546,777.6646,7.3244,13.7495,11.2002,1.1343,66.4885,330.463,266.7193,2.667193,2.9295516,0.532703007
552,PS,Corn Cobs,0.7052,99.2948,47.9004,6.1169,45.4663,0.5163,0,0.6006,13.6958,69.2686,130.8404,0.2718,16.435,832.8306,15.0379,20.1694,11.2851,1.2094,52.2964,177.2786,154.2301,1.542301,4.5984028,0.745579938
553,PU,Cotton Stem,44.7514,55.2486,56.3293,7.0404,33.9195,2.5088,0.2019,2.5774,8.3122,76.0996,274.7297,0.4164,13.0108,670.4585,7.177,12.9228,11.8644,2.8247,65.1587,323.3077,261.5217,2.615217,3.4146314,0.555374996
554,PU,Colza seed,84.7682,15.2318,62.4167,8.0089,25.0475,4.3828,0.1441,1.3944,1.7405,92.6566,377.9495,0.4436,4.2085,736.1921,9.7026,18.4947,7.2155,2.1823,62.3766,444.1655,377.3218,3.773218,4.1594764,0.52461516
555,PS,Olive Pomace,66.3371,33.6629,78.6796,7.7277,13.393,0.1654,0.0344,1.7846,2.4935,92.4803,385.0152,0.3636,3.2416,791.4627,12.7492,27.6487,1.8967,2.138,55.5598,469.8038,425.5358,4.255358,5.6260538,0.461113904
556,PU,Safflower Seed,6.8074,93.1926,50.607,6.9911,39.3087,3.0817,0.0116,1.3108,8.8385,64.2701,164.0267,0.2812,25.5806,844.7922,13.8803,13.4861,10.7644,0.7189,61.1444,195.498,168.2723,1.682723,3.4556872,1.029230096
557,PU,Nectarine Stone,10.2647,89.7353,50.3273,6.4315,42.1376,0.8798,0.2238,1.4801,7.569,73.3656,191.2517,0.3421,17.5853,942.9217,12.49,17.4383,10.4928,0.0802,59.4262,234.2666,198.6027,1.986027,3.5748574,0.716239542
558,PS,Banana Stems,75.2801,24.7199,77.5341,7.74,14.5235,0.2025,0,1.0299,2.2878,93.7797,443.4282,0.4214,2.9026,758.4829,9.9404,23.5188,4.2369,2.0468,60.2549,521.4264,451.9263,4.519263,4.7696864,0.422657619
559,PET,Hazelnut Shell,71.2671,28.7329,58.9034,4.5837,36.0889,0.424,0,0.3082,2.6099,91.4926,214.484,0.3273,5.5893,682.577,7.7704,24.741,9.2123,3.1643,55.1084,289.3912,239.4655,2.394655,5.0893886,0.314069763
560,PET,Beetroot Pellets,62.7726,37.2274,53.522,4.6673,41.1586,0.4622,0.1899,0.3011,2.7516,88.8559,226.9621,0.3937,8.0914,949.7671,9.9073,24.071,9.1985,0.0917,56.6789,295.7228,246.4003,2.464003,4.135763,0.411586556
561,PP,Castor Seed Hull,63.0926,36.9074,70.3062,10.7645,18.8481,0.0812,0,0.7426,1.2067,90.6379,315.1906,0.2949,7.4128,889.3766,23.0149,25.9499,1.3568,1.4037,48.2725,394.8608,400.8675,4.008675,6.2578212,0.886897445
562,PU,Chlorella Vulgaris,41.4226,58.5774,57.7293,7.2373,27.0726,7.5682,0.3926,1.1279,5.6221,83.1519,218.7614,0.2965,10.0981,687.3817,13.1927,22.1445,5.7622,3.9768,54.8176,285.0617,255.2263,2.552263,5.638713,0.595755154
563,PE,Sugarcane Straw,29.5428,70.4572,55.7506,7.5081,36.4839,0.2071,0.0502,8.4489,5.2643,79.2553,212.4455,0.3324,7.0315,767.0245,14.763,23.3147,6.4536,2.3274,53.1257,273.2663,245.6987,2.456987,5.3652654,0.63320566
564,PET,Soy Peel,25.3403,74.6597,49.3841,6.1009,42.3419,2.1731,0,5.3911,8.5172,78.0874,202.9622,0.3968,8.0043,679.0221,8.0046,15.8976,13.0327,2.9429,60.1179,258.822,209.7034,2.097034,3.9211526,0.503509964
565,PP,Hazelnut Shell,72.802,27.198,76.1063,11.4984,12.0145,0.3807,0,0.2917,2.3288,95.1653,409.5444,0.3473,2.2142,974.2007,21.4934,25.6806,1.0695,0.5666,51.1888,494.1199,491.6183,4.916183,5.7598856,0.83695085
566,PET,Banana Stems,12.1241,87.8759,41.7749,5.3011,52.2004,0.7236,0,3.1261,8.1581,77.779,124.428,0.322,10.9368,976.3841,12.4877,20.986,13.964,0.0297,52.532,176.2758,146.3543,1.463543,4.0035402,0.59504908
567,PE,Cocoa Pod Husk,60.8685,39.1315,66.9543,9.0086,23.0975,0.75,0.1896,4.2132,4.8235,86.8005,379.7608,0.4278,4.1628,995.264,14.8873,22.6099,4.0009,0.0875,58.3836,442.2842,400.1562,4.001562,4.4880008,0.658441656
568,PS,Nectarine Stone,27.3206,72.6794,59.9437,6.8421,32.6837,0.3634,0.1672,1.2534,6.0805,78.5471,239.5957,0.3319,14.119,680.2445,10.2358,19.0711,8.9239,3.4012,58.3199,297.2306,252.6,2.526,4.7260546,0.536717861
569,PS,Rice Husk,35.458,64.542,63.6527,5.4604,30.4254,0.4038,0.0577,2.8462,5.0988,82.051,211.3816,0.2926,10.004,836.2941,14.2619,30.6219,3.4388,1.5291,50.1323,285.5134,259.3775,2.593775,5.9460624,0.465741838
570,PU,Hazelnut Shell,95.9145,4.0855,65.0817,8.1543,22.5153,4.0856,0.1631,0.0438,0.9252,97.324,355.5606,0.3879,1.707,888.258,15.3777,25.1841,3.184,0.8928,55.3325,436.0366,400.237,4.00237,5.1536106,0.610611457
571,PU,Banana Stems,20.0547,79.9453,44.3214,6.0052,48.142,1.4972,0.0341,2.844,7.519,79.9509,183.0293,0.4035,9.6861,871.9729,10.6644,16.8954,12.9776,0.3744,59.0762,233.5829,191.9732,1.919732,3.4146108,0.631201392
572,PP,Cocoa Pod Husk,59.5584,40.4416,66.0671,10.5136,22.6873,0.643,0.089,4.3543,4.985,86.0733,297.7733,0.3223,4.5874,782.0533,19.0801,24.0562,2.7972,2.4873,51.5596,367.86,355.3568,3.553568,5.9821854,0.793146881
573,PET,Chlorella Vulgaris,96.6699,3.3301,61.8346,4.4057,33.3805,0.3609,0.0183,0.0641,0.5085,93.9582,298.4932,0.4204,5.4692,700.5717,5.8071,22.3246,9.5879,2.2815,59.9927,378.8438,305.8458,3.058458,4.2568434,0.260121122
574,PE,Rice Straw,64.5062,35.4938,73.4748,9.3862,16.8181,0.2113,0.1097,1.8501,3.0187,91.4991,395.8074,0.3822,3.6321,653.2538,9.0044,16.194,7.2573,4.0139,63.5053,450.0342,382.7679,3.827679,4.4498954,0.556033099
575,PET,Rice Husk,81.901,18.099,59.7986,4.2356,35.8114,0.1383,0.0162,0.7783,1.6018,90.6376,231.6311,0.3517,6.9823,884.8505,10.5225,29.5958,5.8556,0.6497,53.3715,310.8345,266.5684,2.665684,5.0980934,0.355540313
576,PP,Açaí Seed,81.8257,18.1743,78.6697,12.4972,8.6912,0.1419,0,2.5826,1.6811,93.7478,523.7895,0.4245,1.9885,895.2687,16.4983,21.224,2.9357,0.7929,58.5477,590.5391,549.2667,5.492667,4.7398986,0.777341689
577,PET,Rice Straw,15.5669,84.4331,52.5259,5.8163,41.4725,0.1852,0,4.4012,7.2136,78.982,148.6797,0.2699,9.4032,902.6637,17.834,29.4141,5.8033,0.8186,46.1285,213.9463,198.1049,1.981049,5.9253074,0.606307859
578,PU,Durian Shell,41.316,58.684,62.5328,8.3915,25.4158,3.531,0.1289,3.9357,2.8287,82.7132,254.1395,0.3052,10.5224,753.8009,16.4926,23.5526,4.0754,2.72,53.1272,320.3747,298.5482,2.985482,5.7225884,0.700245408
579,PET,Rice Straw,56.3123,43.6877,57.1799,5.1008,37.6087,0.1106,0,2.2773,3.8338,86.5623,156.9778,0.2507,7.3266,734.1767,13.6355,32.2738,5.1018,3.1415,45.8438,233.7307,210.3342,2.103342,6.6637898,0.422494407
580,PU,Soybean Cake,40.1692,59.8308,59.8277,7.259,25.5994,7.2456,0.0683,3.0933,19.9851,70.358,220.0972,0.3454,6.5636,714.8019,12.2926,22.8251,5.3057,3.0644,56.493,278.8712,247.0666,2.470666,5.3006186,0.538556239
581,PU,Cocoa Pod Husk,34.0832,65.9168,47.0158,6.5134,43.7883,2.4796,0.203,7.0971,8.3296,77.0738,176.0672,0.3616,7.4995,994.3426,15.0288,22.8855,7.9672,0.051,54.0073,230.0837,203.2148,2.032148,4.5249414,0.656695287
582,PE,Sugarcane Straw,61.972,38.028,69.6642,9.2074,20.8146,0.2084,0.1054,4.5601,2.8413,88.7943,360.4999,0.3807,3.8043,773.3126,13.9251,23.0715,3.9959,2.1769,56.8102,430.7313,389.7316,3.897316,5.19025,0.603562837
583,PE,Nectarine Stone,79.3201,20.6799,78.2437,10.1701,11.1338,0.27,0.1824,0.3411,1.7301,93.8956,502.1175,0.4295,4.0332,934.9931,14.7863,22.516,3.1069,0.4005,59.1661,572.4976,521.2208,5.212208,4.5773154,0.656701901
584,PET,Peach Stone,83.0826,16.9174,58.5418,4.778,35.9373,0.692,0.0508,0.4266,1.1106,90.4507,237.8952,0.3563,8.0121,923.6099,11.6804,27.7801,6.119,0.3511,54.0564,313.4406,271.112,2.71112,4.8874696,0.42045925
585,PP,Beetroot Pellets,92.1502,7.8498,81.9004,13.1733,4.7928,0.0934,0.04,0.0635,0.5524,97.8922,522.3854,0.385,1.4919,742.9096,15.3986,21.2228,2.7821,2.8478,57.7396,597.5002,555.3881,5.553881,5.356634,0.725568728
586,PE,Olive Pomace,37.9582,62.0418,67.3652,8.1051,24.0173,0.3845,0.128,3.0446,4.5957,86.3777,231.8056,0.2656,5.982,963.4575,22.6918,31.4047,0.4209,1.1243,44.3312,316.3057,321.5658,3.215658,6.810206,0.722560636
587,PET,Beetroot Pellets,45.1905,54.8095,49.4377,4.8249,44.7918,0.6661,0.2795,0.4433,3.952,86.1004,176.0643,0.3425,9.5043,711.6905,8.4735,20.2753,13.4615,2.4959,55.1957,242.8177,196.6941,1.966941,4.363358,0.4179223
588,PE,Açaí Seed,13.1744,86.8256,52.6977,7.0379,39.5364,0.7056,0.0224,12.3379,8.0314,72.0829,189.6832,0.3497,7.5478,878.8425,15.5233,23.4031,6.8208,0.8244,53.4213,243.7198,218.7749,2.187749,4.9204422,0.663301016
589,PU,Rice Straw,94.572,5.428,64.8789,8.1611,22.8156,3.9836,0.1608,0.2829,1.029,96.7256,399.2332,0.4386,1.9625,784.0909,11.1484,20.9452,5.6298,1.6982,60.55,472.0212,409.8638,4.098638,4.451078,0.532265149
590,PE,Coffee Husk,94.5058,5.4942,83.5948,10.9259,5.1202,0.1985,0.1607,0.1245,0.5131,98.6312,525.189,0.4046,0.7312,974.8689,17.1294,24.8356,1.5427,0.3582,56.1139,609.3368,574.7104,5.747104,5.1074964,0.689711543
591,PE,Safflower Seed,20.4947,79.5053,56.9806,7.7788,32.7776,2.4282,0.0348,1.1183,7.5055,69.6351,302.1459,0.4257,21.7411,651.0873,5.3428,7.0158,13.4651,2.5315,71.6323,332.0318,261.3556,2.613556,2.3672902,0.761538242
592,PE,Olive Pomace,21.7373,78.2627,62.4983,7.2959,29.6587,0.4301,0.117,3.8407,5.7972,82.8214,279.3013,0.3688,7.5407,904.3953,14.85,24.5999,4.6571,0.6264,55.2416,344.2922,310.8749,3.108749,4.9276386,0.60366099
593,PP,Cotton Stem,29.2515,70.7485,59.5155,8.322,31.1956,0.8058,0.1612,3.3005,10.3003,70.4457,278.612,0.3868,15.9535,932.8962,13.995,18.0331,6.8159,0.1944,60.926,319.6431,281.583,2.81583,3.8532258,0.776072888
594,PET,Açaí Seed,89.121,10.879,60.59,4.5591,34.7387,0.1122,0,1.5459,1.1935,91.77,175.7732,0.2584,5.4906,758.7679,12.505,33.9537,3.9444,2.6177,46.9767,257.1529,229.8288,2.298288,6.5658428,0.36829565
595,PU,Rice Husk,92.6207,7.3793,64.4634,7.9488,23.4875,3.9362,0.1641,0.3173,1.1386,96.0204,235.4393,0.2633,2.5237,832.7052,20.4888,29.6655,1.1777,2.2676,46.3634,321.0658,318.3569,3.183569,6.7624442,0.690660869
596,PET,Safflower Seed,36.4601,63.5399,54.1228,5.9623,37.9976,1.9174,0,0.8938,6.0749,73.7998,188.0113,0.3064,19.2315,894.1555,13.4535,19.9276,9.1989,0.439,56.9799,237.2174,205.0191,2.050191,4.1210176,0.675118931
597,PET,Banana Stems,54.1464,45.8536,51.5278,4.8384,43.2416,0.3922,0,1.6312,4.3573,85.8659,183.9712,0.3439,8.1456,990.9376,12.4618,27.0228,8.1258,0.0563,52.3328,251.5682,216.3227,2.163227,4.7709026,0.461158725
598,PU,Olive Pomace,85.7287,14.2713,64.3037,7.9848,23.8804,3.6707,0.1603,0.7003,1.5714,95.0768,277.6871,0.3139,2.6515,963.1921,20.3254,29.4688,1.2048,0.6696,48.3004,365.659,358.7963,3.587963,6.1479288,0.689726083
599,PE,Colza seed,4.9258,95.0742,46.258,6.7315,41.8578,5.1444,0.0084,8.7035,7.6898,65.2201,139.6673,0.2863,18.3866,723.9975,12.3289,13.9605,12.3151,2.6091,58.7791,179.1579,151.7329,1.517329,4.024602,0.883127395
600,PU,Sorghum Stalk,59.1617,40.8383,57.5287,7.6977,30.9441,3.0161,0.8133,2.0689,4.445,83.8769,207.7125,0.2819,9.6092,980.3441,21.7889,27.4243,2.8044,0.3611,47.4256,277.8531,273.5678,2.735678,5.9379368,0.794510708
601,PET,Rice Straw,41.9697,58.0303,55.5417,5.3527,38.9688,0.1369,0,3.0249,5.0235,83.894,159.3667,0.266,8.0576,890.5356,17.0451,32.3454,4.3417,1.0241,45.2423,233.2055,216.4155,2.164155,6.283019,0.526971378
602,PE,Elephant Grass,59.4086,40.5914,68.0956,8.7646,22.0917,0.9472,0.101,0.2474,4.7571,88.3516,283.1053,0.3032,6.6439,918.2632,20.6838,27.9854,1.4706,1.0265,48.8133,362.7686,357.4319,3.574319,6.1274978,0.739092527
603,PE,Sorghum Bagasse,40.6757,59.3243,75.5077,9.6834,14.5238,0.1329,0.1523,3.602,5.3591,82.6027,413.7502,0.4009,8.4362,718.4358,11.1864,19.6173,5.1934,2.7218,61.254,473.862,414.7162,4.147162,4.6543154,0.570231377
604,PE,Castor Seed Hull,43.1624,56.8376,62.2503,7.9546,29.5061,0.2157,0.0734,1.1436,1.8583,86.0596,313.3259,0.3771,10.9385,728.7181,11.2714,18.9063,7.476,2.4958,59.8315,372.8643,321.6815,3.216815,4.4930014,0.596171646
605,PU,Cherry Stone,36.1919,63.8081,54.7661,6.9592,36.2976,1.7944,0.1828,0.6487,5.0529,80.2545,245.1833,0.3673,14.0439,806.887,11.786,17.8143,9.1585,1.3049,59.887,297.0428,253.5347,2.535347,3.984644,0.661603319
606,PET,Beetroot Pellets,62.501,37.499,53.4589,4.6697,41.2147,0.4654,0.1912,0.3033,2.7702,88.8132,206.4087,0.3587,8.1133,938.3511,11.3705,26.3699,8.1858,0.1969,53.8214,277.4547,236.0483,2.360483,4.6211116,0.431192382
607,PU,Peach Stone,53.4949,46.5051,54.0796,7.6665,33.9442,4.0793,0.2305,1.1726,2.8942,84.7593,306.3177,0.4348,11.1739,905.9824,11.7441,16.8302,8.2217,0.2421,62.9102,355.8045,303.8216,3.038216,3.4756398,0.697799194
608,PS,Colza seed,65.5909,34.4091,74.3721,7.8099,15.96,1.8581,0,3.2811,2.7831,87.2817,296.016,0.3003,6.6541,789.4097,15.7899,27.404,1.7993,2.4417,52.5624,371.4353,348.299,3.48299,6.0323418,0.576189607
609,PET,Elephant Grass,45.8651,54.1349,51.2079,4.8027,42.8786,1.1109,0,0.3299,6.4407,82.0455,134.1353,0.2545,11.1839,997.8754,16.7714,31.3816,6.4325,0.1239,45.2899,202.0551,183.6045,1.836045,5.809749,0.534434191
610,PE,Coffee Husk,4.242,95.758,44.4078,6.4234,49.1527,0.0089,0.0072,2.1704,8.9421,76.472,178.0168,0.3874,12.4155,921.372,11.2295,16.0261,12.942,0.0908,59.7084,221.6878,182.9965,1.829965,3.264581,0.700700732
611,PET,Corn Cobs,95.8778,4.1222,61.5693,4.4064,33.9735,0.0508,0,0.0249,0.7699,93.6331,217.575,0.3095,5.5721,910.5453,13.1615,34.2588,2.9389,0.7481,48.8918,304.3791,273.2086,2.732086,6.0058706,0.384178664
612,PU,Beetroot Pellets,5.4598,94.5402,40.4005,5.3965,52.3572,1.3543,0.4914,0.7646,6.6858,80.0498,149.6993,0.3838,12.4998,926.0972,8.517,13.9588,17.2051,0.0253,60.0877,196.9653,154.5767,1.545767,2.6877022,0.610152735
613,PE,DDGS,44.2294,55.7706,67.1816,8.9518,20.4721,2.8724,0.522,6.8683,4.8044,81.4502,267.4157,0.306,6.8771,727.0261,15.8412,24.0149,3.3135,3.4255,53.2965,334.1019,311.7612,3.117612,5.963056,0.659640473
614,PET,Soy Peel,61.7954,38.2046,55.6272,5.2379,38.0079,1.127,0,2.7587,4.4609,86.1942,188.7434,0.3118,6.5862,654.187,8.1422,20.6666,11.3546,3.983,55.8481,253.8484,208.9134,2.089134,4.9092632,0.39397869
615,PU,Colza seed,41.632,58.368,53.1467,7.241,34.641,4.9004,0.0708,5.3432,4.9707,77.7785,192.3252,0.3029,11.9076,946.0057,18.9056,23.9658,5.0756,0.3738,51.6591,250.567,235.3233,2.353233,5.195316,0.788857455
616,PET,Sunflower Seed Hulls,91.8852,8.1148,63.2922,4.2335,32.3245,0.1498,0,0.0811,1.045,92.8326,219.9346,0.305,6.0413,683.4998,7.2424,24.3711,9.0608,3.043,56.2793,291.4678,240.0532,2.400532,4.9423318,0.29717165
617,PE,Cherry Stone,4.6297,95.3703,50.302,6.441,42.6481,0.4198,0.1891,0.9695,7.2277,71.6172,209.9297,0.3735,20.1856,914.6741,9.4584,13.1028,12.6788,0.0568,64.642,245.8395,199.7979,1.997979,2.6927944,0.721860976
618,PS,Corn Cobs,39.3522,60.6478,64.3642,7.0433,28.2772,0.3154,0,0.4447,8.3652,81.1519,307.6605,0.3946,10.0382,716.5541,9.3047,19.3781,7.931,2.4815,60.9014,367.9163,310.4248,3.104248,4.3349252,0.480165754
619,PP,Safflower Seed,98.9264,1.0736,85.1729,13.7754,1.0195,0.0322,0,0.0151,0.1013,99.0955,466.8475,0.3247,0.7881,875.6572,21.9891,24.5235,0.6214,1.8182,51.0455,555.4385,561.3597,5.613597,6.1156994,0.89665423
620,PE,Rice Husk,8.0781,91.9219,52.0497,4.3905,42.8718,0.592,0.0959,3.9526,7.2618,74.5361,220.527,0.4414,14.2495,779.5082,5.1206,12.7498,16.5164,0.7416,64.8422,273.1221,209.3858,2.093858,2.4249924,0.401621986
621,PS,Soybean Cake,43.5089,56.4911,70.8191,7.4104,16.5222,5.2483,0,3.0076,18.6421,72.7181,262.9417,0.336,5.6322,682.916,10.1012,19.8973,5.8151,3.5188,60.6629,313.6473,271.4818,2.714818,4.8577198,0.507666869
622,PE,Sugarcane Straw,49.0593,50.9407,64.1241,8.5308,27.0539,0.2079,0.0834,6.1086,3.8061,84.996,297.0934,0.3623,5.0893,862.1634,16.3013,24.506,3.8395,1.1804,54.1555,364.5525,336.9736,3.369736,5.2708796,0.665196278
623,PU,Rubber Wood,23.3907,76.6093,54.4029,6.9514,37.4692,1.1367,0.0398,3.7057,5.4851,79.0584,200.8669,0.3161,11.7508,946.8579,17.3356,24.2576,5.8926,0.3117,52.1908,258.9937,237.7992,2.377992,5.040291,0.714646132
624,PU,Sugarcane Straw,98.5213,1.4787,65.3556,8.2457,22.0903,4.1409,0.1675,0.1773,0.7015,97.5059,286.5657,0.3096,1.6153,852.9138,18.8839,29.133,1.2428,1.8053,48.902,377.3781,366.368,3.66368,6.3565166,0.648196204
625,PU,Chlorella Vulgaris,15.1834,84.8166,54.1634,6.7703,29.497,9.077,0.4923,1.6331,7.8717,76.5412,279.1213,0.4257,13.954,993.5624,10.4975,16.8518,7.8556,0.0146,64.6667,325.7998,275.092,2.75092,3.2622836,0.622930488
626,PET,Sugarcane Straw,3.7813,96.2187,43.7974,5.8986,50.1047,0.1993,0,11.5381,7.197,71.4777,158.0398,0.3954,9.7872,768.2737,9.0553,14.7964,15.4756,1.4782,59.1927,204.6665,164.0861,1.640861,3.3715144,0.611993458
627,PP,Banana Stems,84.0033,15.9967,78.1057,12.5038,9.2595,0.131,0,0.5691,1.4804,95.6521,413.1422,0.3296,2.2984,818.6738,20.3224,24.6557,1.2394,2.2535,51.526,497.6508,492.3014,4.923014,6.1081904,0.824247537
628,PET,Coconut Shell,45.8002,54.1998,53.4138,5.2588,41.2105,0.117,0,2.0596,7.8468,85.102,206.2502,0.3727,4.9916,835.1412,11.2624,25.4262,8.2232,1.1061,53.9809,275.001,234.6567,2.346567,4.8160242,0.442944679
629,PS,Soy Peel,72.8356,27.1644,77.9341,8.009,13.269,0.7878,0,2.1072,3.0796,92.3711,281.58,0.268,2.4421,861.3495,19.0106,28.2115,0.8675,1.8545,50.0538,355.3129,346.4581,3.464581,6.2717048,0.673859951
630,PP,Nectarine Stone,93.4448,6.5552,83.1352,13.3498,3.4671,0.0328,0.0151,0.1081,0.5484,97.6028,375.0807,0.2714,1.7407,868.8375,25.0977,23.7114,0.6101,2.0472,48.5286,451.6884,474.4141,4.744141,6.4310856,1.058465548
631,PS,Coffee Husk,93.6633,6.3367,87.182,8.3522,4.4658,0,0,0.3309,0.5917,98.2559,553.6859,0.4426,0.8215,836.3314,10.7851,24.4732,2.837,1.2095,60.6939,637.4285,559.8972,5.598972,4.681415,0.440690224
632,PET,Sugarcane Straw,12.7702,87.2298,45.5138,5.7524,48.5503,0.1835,0,10.4602,6.5443,73.6462,126.9553,0.2985,9.3493,682.17,10.9672,19.7632,14.0264,3.5884,51.6494,181.839,151.0919,1.510919,4.959268,0.554930376
633,PS,Sorghum Stalk,37.7475,62.2525,62.5012,7.4743,28.128,0.8099,1.0865,3.2293,6.2348,77.2317,228.6701,0.2969,13.3042,878.5569,17.9234,25.514,3.798,1.0879,51.4235,291.566,274.0634,2.740634,5.5399594,0.702492749
634,PE,Cotton Stem,91.0073,8.9927,82.6318,10.7357,6.1639,0.2935,0.1752,0.4195,1.3093,96.2438,495.3399,0.3924,2.0274,752.4139,13.3051,23.0166,2.7721,2.5521,58.3283,574.6267,521.5986,5.215986,5.2506942,0.578065396
635,PU,Soybean Cake,42.37,57.63,60.0433,7.2966,25.4545,7.1336,0.072,2.9795,19.2721,71.3714,263.9606,0.4079,6.377,783.3236,11.2648,20.438,6.2737,1.7017,60.3054,318.799,276.0527,2.760527,4.400995,0.55116939
636,PU,Cherry Stone,9.649,90.351,50.2219,6.4097,42.3865,0.7938,0.1881,0.9185,6.9052,72.9102,194.2697,0.3448,19.2661,988.9179,11.3717,16.2106,11.036,0.0121,61.307,233.8969,195.4414,1.954414,3.275011,0.701497785
637,PE,Durian Shell,95.3,4.7,84.7735,11.0717,3.6442,0.344,0.1667,0.3152,0.2067,98.6656,459.5048,0.347,0.8125,812.5988,16.9254,25.2056,1.2197,2.2088,54.4158,544.9249,518.7653,5.187653,5.7945992,0.671493636
638,PE,Pistachio Soft Shell,84.4842,15.5158,79.7039,10.3249,9.3802,0.4474,0.1436,3.0287,1.5438,93.0848,351.9458,0.3014,2.3427,725.3279,16.0148,21.7411,2.9024,3.4546,55.8579,413,387.3049,3.873049,5.7057238,0.736614063
639,PET,Cherry Stone,29.6556,70.3444,52.6031,5.6535,41.2981,0.3116,0.1337,0.7151,5.3934,77.491,255.3696,0.4406,16.4005,843.4108,6.7957,12.4698,14.0754,0.2773,66.3441,300.4891,236.5962,2.365962,2.4044038,0.544972654
640,PET,Banana Stems,39.6723,60.3277,48.1685,4.9978,46.3273,0.5063,0,2.1461,5.6665,83.0804,136.7915,0.2837,9.107,861.1135,14.3761,27.5005,9.4859,1.0104,47.6256,202.8001,177.0666,1.770666,5.379405,0.522757768
641,PS,Soy Peel,28.1886,71.8114,57.7733,7.2071,32.9369,2.0827,0,5.2418,8.1411,80.1613,166.5501,0.2501,6.4558,838.2569,21.1044,30.8792,2.3092,1.9728,43.7318,239.6445,237.0549,2.370549,6.8763168,0.683450348
642,PS,Hazelnut Shell,29.1625,70.8375,62.2911,6.1643,30.5529,0.9917,0,0.8181,6.0653,88.2977,226.2454,0.3069,4.8189,808.6935,14.9023,30.5492,2.9914,1.958,49.5969,306.1746,281.4593,2.814593,6.1596116,0.487813101
643,PS,Castor Seed Hull,10.5392,89.4608,49.0749,5.8069,44.9214,0.1968,0,1.821,2.9249,78.0508,241.5213,0.4474,17.2033,968.8668,5.7573,10.8421,15.2095,0.0017,68.1891,281.0541,217.6075,2.176075,1.9885016,0.531013365
644,PS,Olive Pomace,25.4009,74.5991,64.6695,6.7921,28.0956,0.3664,0.0763,3.7117,5.5259,83.5788,297.2289,0.3842,7.1836,765.1236,10.8347,22.9023,6.1532,1.9843,58.1077,363.903,314.3964,3.143964,4.7662168,0.473083489
645,PS,Sunflower Seed Hulls,22.2595,77.7405,79.1609,4.3013,15.3716,1.1661,0,0.8219,8.1628,78.0326,396.4825,0.4415,12.9827,921.1107,6.8766,23.7271,5.4897,0.1525,63.7537,462.8426,383.0242,3.830242,3.7868824,0.289820501
646,PP,DDGS,36.4149,63.5851,64.3947,9.6018,22.3251,3.169,0.5094,7.8306,5.4775,78.6792,265.7782,0.3152,8.0127,742.8014,17.1232,22.9637,3.5348,3.0257,53.248,329.2625,310.4798,3.104798,5.8259324,0.745663809
647,PP,Elephant Grass,38.3176,61.6824,58.642,8.5145,31.5937,1.2498,0,0.3759,7.2289,82.1257,243.6272,0.3194,10.2695,687.1264,13.7966,20.2091,6.701,3.8384,55.4485,303.081,271.32,2.7132,5.4105266,0.68269245
648,PU,Chlorella Vulgaris,44.686,55.314,58.1728,7.2954,26.771,7.3806,0.3802,1.0651,5.3423,83.9741,234.3869,0.3132,9.6185,905.3209,18.0933,25.3783,3.4434,0.8173,52.1793,303.5717,286.2904,2.862904,5.4443356,0.712943735
649,PE,Sorghum Bagasse,79.2639,20.7361,82.3195,10.6699,6.6638,0.183,0.1638,1.259,1.8732,93.906,414.9571,0.3355,2.9618,982.8734,20.4716,27.4725,0.3126,0.8576,50.8627,506.0274,500.9969,5.009969,5.9794886,0.745166985
650,PP,Plum Stone,27.8603,72.1397,58.623,8.6199,32.0069,0.6276,0.1226,15.3048,5.3065,76.576,281.4089,0.4244,2.8127,718.0532,10.9013,18.6257,7.6766,2.6876,60.0811,335.3374,288.1323,2.881323,4.4863394,0.585282701
651,PP,Chlorella Vulgaris,64.2575,35.7425,73.6006,11.2229,11.4236,3.5564,0.1966,0.6882,3.2788,89.9267,489.3863,0.4335,6.1063,944.8478,15.6724,20.237,3.5148,0.2969,60.2517,549.1133,503.0459,5.030459,4.3487714,0.774442852
652,PU,Safflower Seed,38.4447,61.5553,55.7274,7.4286,33.3173,3.4613,0.0654,0.8658,6.0416,75.6904,230.0592,0.3304,17.4022,839.2124,14.4518,18.4121,7.5786,1.0917,58.4468,278.0913,245.9969,2.459969,4.2715476,0.784907751
653,PU,DDGS,27.5611,72.4389,55.9712,7.4751,31.1587,4.7678,0.6272,8.921,6.4056,75.3418,186.1722,0.2869,9.3316,657.4554,12.2326,19.1693,7.8988,4.8522,55.6623,240.4119,211.108,2.11108,5.4735402,0.638134935
654,PET,Cotton Stalk,27.0871,72.9129,50.5575,6.1109,41.3994,0.9896,0.9426,13.4173,7.7354,67.9133,192.4407,0.3957,10.934,877.581,10.9601,18.68,10.388,0.4245,59.2838,239.4029,200.2956,2.002956,3.6893418,0.586729122
655,PU,Cotton Stem,97.7047,2.2953,65.3011,8.2285,22.1693,4.1297,0.1713,0.1071,0.9203,97.0041,307.3614,0.3332,1.9685,703.373,12.9775,22.6363,4.645,3.5295,56.1731,380.4548,341.6337,3.416337,5.5173048,0.573304825
656,PS,Plum Stone,19.1055,80.8945,56.2406,6.9624,35.9557,0.7038,0.1375,17.2004,5.9505,73.8513,181.5211,0.321,2.9978,729.4041,13.9393,26.4999,5.5459,3.129,50.8477,244.3826,219.9573,2.199573,5.9646138,0.526013306
657,PU,Chlorella Vulgaris,34.272,65.728,56.7576,7.11,27.7333,7.9794,0.4198,1.2656,6.2352,81.3503,289.8045,0.4053,11.1489,688.5305,8.4669,15.2991,9.3787,2.7594,63.9972,345.7463,287.1583,2.871583,3.829977,0.553424711
658,PS,Sorghum Stalk,75.8218,24.1782,79.4423,8.0998,11.7213,0.3146,0.422,1.3765,2.4215,91.0348,447.5211,0.4099,5.1672,981.4362,13.989,25.509,2.3757,0.1944,57.8714,524.2493,475.0336,4.750336,4.7945412,0.548394684
659,PP,Colza seed,61.385,38.615,69.5888,11.0118,17.3142,2.0852,0,3.535,3.1233,85.5673,256.8653,0.2506,7.7744,795.4401,24.0755,25.1127,1.2929,2.969,46.5456,329.6873,342.0388,3.420388,6.8272562,0.958698189
660,PE,Nectarine Stone,99.2044,0.7956,85.6824,11.1604,2.7745,0.2123,0.1705,0.0131,0.0666,99.7459,355.9354,0.2642,0.1744,975.0582,24.6366,25.3169,0.2798,1.0466,48.6921,431.2568,448.9912,4.489912,6.225365,0.973128622
661,PP,Cotton Stem,92.0199,7.9801,82.6223,13.2265,4.0421,0.0909,0.0182,0.3723,1.1618,96.2228,375.1492,0.2764,2.2431,835.2043,23.9356,23.4751,0.8114,2.3816,49.3904,450.0971,466.3124,4.663124,6.3955202,1.01961653
662,PS,Cotton Husk,6.9763,93.0237,53.177,8.4051,37.1141,1.3038,0,2.6373,5.579,79.5414,222.5663,0.3293,12.2423,955.835,18.9351,21.4143,5.7383,0.2455,53.6657,274.2175,256.3252,2.563252,4.8310816,0.884226895
663,PE,Chlorella Vulgaris,54.2786,45.7214,70.4896,9.0511,15.4523,4.6633,0.3437,0.8804,4.1942,87.5144,291.4899,0.2928,7.411,776.7774,18.0259,25.6969,1.8158,2.7727,51.6205,367.2145,353.4257,3.534257,6.1772332,0.701481502
664,PU,Cocoa Beans Husk,82.3281,17.6719,61.7244,7.8576,26.3024,3.9243,0.1912,1.4137,2.4574,92.546,360.2161,0.4352,3.5829,802.4082,11.363,20.4931,6.2042,1.4494,60.4538,428.013,370.6968,3.706968,4.3282198,0.554479313
665,PU,Cotton Stem,12.8826,87.1174,50.9299,6.3254,40.9911,1.5333,0.2204,4.0641,12.7608,63.5187,157.2086,0.3019,19.6564,959.283,14.2406,18.8577,9.6596,0.0756,57.0902,197.0003,170.8061,1.708061,3.9411198,0.755161022
666,PE,Cherry Stone,6.5965,93.4035,51.0377,6.5392,41.8189,0.4155,0.1887,0.9495,7.0787,72.2021,167.1226,0.2896,19.7697,840.6607,14.228,17.8289,10.5833,0.9823,56.3094,211.0581,182.6989,1.826989,4.1347288,0.798030165
667,PS,DDGS,87.2685,12.7315,85.3717,8.3279,5.5639,0.6345,0.102,1.7425,1.0968,95.5928,374.6296,0.3118,1.5679,902.7945,17.0304,27.7371,0.6008,1.3403,53.2743,453.8912,432.5178,4.325178,5.8139852,0.613993532
668,PP,Coffee Husk,39.3688,60.6312,59.4924,9.2189,31.2888,0,0,1.3742,5.6619,84.9065,349.8141,0.437,8.0574,785.4014,11.6778,16.5878,7.7776,1.5795,62.3752,399.7585,344.201,3.44201,3.9167262,0.703999325
669,PP,Colza seed,41.1808,58.8192,61.2324,9.5268,26.0646,3.1762,0,5.3845,4.7574,78.2776,323.0152,0.3926,11.5805,892.8365,15.6155,18.8399,5.3598,0.6056,59.5778,371.5018,336.6013,3.366013,4.2771062,0.828852595
670,PE,DDGS,85.128,14.872,80.9671,10.6005,7.2485,0.92,0.2639,1.8315,1.2812,95.0388,523.0437,0.4296,1.8485,707.2676,10.4887,20.0935,4.5239,2.9267,61.9296,594.7552,519.4985,5.194985,4.7123192,0.521994675
671,PET,Nectarine Stone,56.0161,43.9839,56.1881,5.1633,38.3103,0.2371,0.1012,0.7255,3.7974,84.0758,195.6075,0.3131,11.4013,874.0747,13.1244,26.708,7.1224,0.8202,52.1945,263.5492,230.3588,2.303588,5.0762748,0.491403325
672,PU,Açaí Seed,48.1863,51.8137,56.3416,7.3092,33.8389,2.4284,0.0819,7.3627,5.0818,82.335,286.9587,0.4362,5.2205,657.4726,7.537,15.6658,10.5951,3.369,62.8103,345.4035,283.112,2.83112,3.9939888,0.481111721
673,PET,Sugarcane Straw,27.1318,72.8682,48.2561,5.5188,46.0668,0.1583,0,8.738,5.5014,77.1109,153.4966,0.3282,8.6497,846.7275,13.1346,23.7966,10.2094,1.0244,51.8336,211.9535,181.9615,1.819615,4.7836436,0.5519528
674,PP,Coconut Shell,84.4327,15.5673,79.4038,12.6343,7.9323,0.0296,0,0.5916,2.2261,95.9973,478.7568,0.3776,1.185,712.1274,14.3876,20.667,3.3346,3.4538,58.152,549.9019,505.3126,5.053126,5.3943632,0.696162965
675,PU,Rubber Wood,43.0159,56.9841,57.2944,7.2918,33.4193,1.9214,0.0731,2.7564,4.2337,83.8877,178.5,0.2521,9.1222,810.1808,20.227,28.7569,3.3386,2.197,45.4579,250.8105,244.1447,2.441447,6.5944114,0.703379015
676,PP,Cotton Husk,55.068,44.932,69.7621,11.4004,18.2077,0.6298,0,1.2671,2.6948,89.8495,317.9781,0.2986,6.1886,911.5572,24.0384,25.5102,1.2564,1.1961,47.9968,396.8247,407.6112,4.076112,6.2386362,0.942305431
677,PP,Cotton Stalk,12.2024,87.7976,51.041,7.635,39.0074,1.1816,1.135,16.1563,9.2461,63.034,135.4529,0.2631,11.5636,902.8527,21.6782,25.1136,5.2443,0.8881,46.7375,185.1405,179.4116,1.794116,5.823499,0.863205594
678,PU,Sunflower Seed Hulls,79.7216,20.2784,67.7807,7.2296,21.2017,3.6525,0.1355,0.2028,2.6075,92.6154,404.1115,0.4468,4.5743,929.2296,11.6684,22.6426,4.7798,0.2767,60.6095,474.8043,413.9021,4.139021,4.2122134,0.515329512
679,PS,Rubber Wood,52.2871,47.7129,71.4761,7.566,20.8618,0.0961,0,2.4125,3.3288,87.1573,357.7374,0.3847,7.1014,906.6337,14.0249,25.1795,3.4455,0.6381,56.711,429.2246,387.2852,3.872852,4.915746,0.556996763
680,PP,Sorghum Stalk,56.8847,43.1153,68.3766,10.8337,19.4762,0.5609,0.7525,2.1843,4.3181,83.9988,336.6598,0.3369,9.4988,839.4432,19.1036,22.159,3.0664,1.5761,53.9641,399.7849,383.666,3.83666,5.4194666,0.862114716
681,PP,Sorghum Bagasse,26.8349,73.1651,72.9517,10.0407,16.8466,0.0585,0.1025,4.4424,6.6094,78.4197,311.5668,0.3162,10.5285,963.9777,21.4327,25.5126,1.5944,0.5521,50.8899,379.4718,375.8404,3.758404,5.726971,0.840082939
682,PU,Safflower Seed,99.1409,0.8591,65.551,8.2681,21.8227,4.1897,0.1685,0.0121,0.6758,97.6001,417.7931,0.4486,1.712,685.8325,8.5769,18.4785,7.1508,2.9722,62.79,490.4168,413.6695,4.136695,4.3186438,0.46415564
683,PU,Soy Peel,91.095,8.905,63.8515,8.1394,23.77,4.0843,0.1549,0.643,1.556,95.6432,346.1429,0.3908,2.1578,874.8222,15.0317,24.5384,3.6182,0.9818,55.8016,423.5707,386.4406,3.864406,5.0667464,0.612578652
684,PET,Spirulina Sp.,70.7691,29.2309,55.4731,4.8529,37.5419,1.9655,0.1666,0.5786,1.8292,88.9964,278.5878,0.4469,8.5958,817.8503,7.2673,18.7265,11.1733,0.785,62.0061,345.3243,278.2275,2.782275,3.4254374,0.388075722
685,PET,Olive Pomace,17.7632,82.2368,57.0765,5.878,36.552,0.4094,0.0841,4.0357,6.1289,81.0104,200.129,0.3191,8.825,996.7163,16.0634,28.4775,4.7258,0.1251,50.5857,266.9048,243.3975,2.433975,5.367798,0.564073391
686,PET,Cotton Husk,39.0514,60.9486,54.9966,6.8109,37.3263,0.8662,0,1.7188,3.7373,84.5312,260,0.3921,10.0127,814.3345,11.4155,19.2366,8.8962,1.2241,59.226,317.7029,270.5391,2.705391,4.0949134,0.593426073
687,PS,Coffee Husk,61.6205,38.3795,71.9186,7.62,20.4614,0,0,0.9931,3.584,90.4471,306.3742,0.3227,4.9758,756.0286,13.9279,27.0533,2.7683,2.7161,53.5313,384.0904,351.2575,3.512575,5.8852928,0.514831832
688,PET,Cherry Stone,99.736,0.264,62.134,4.3386,33.4953,0.0317,0.0005,0.0027,0.2295,94.6254,244.9976,0.3436,5.1424,933.1501,11.8789,32.2999,3.7253,0.4285,51.6667,330.7544,291.0825,2.910825,5.5061116,0.36776894
689,PS,Coconut Shell,91.7055,8.2945,86.5354,8.2933,5.1556,0.0158,0,0.4986,1.1861,97.9089,313.1891,0.2548,0.4064,927.7467,20.416,26.9722,0.4593,1.2699,50.8811,381.3817,377.8039,3.778039,6.0580494,0.756927503
690,PP,Corn Cobs,66.7283,33.2717,72.9301,11.2714,15.6255,0.173,0,0.2008,4.5892,89.3693,393.9034,0.3594,5.8407,786.4635,16.9798,22.1479,3.0655,2.1937,55.6099,462.366,434.9673,4.349673,5.4097984,0.766655078
691,PP,Soy Peel,69.737,30.263,73.2988,11.6864,14.1371,0.8777,0,2.1853,3.4309,91.3145,349.9179,0.315,3.0693,851.5439,21.7512,25.5172,1.1637,1.8745,49.6907,431.694,433.5239,4.335239,6.2353678,0.852413274
692,PS,Colza seed,91.3663,8.6337,86.2289,8.3246,4.9803,0.4662,0,0.9731,0.6983,96.659,398.5977,0.3247,1.6696,896.3264,16.2506,27.7878,0.642,1.3539,53.9643,480.6356,454.0127,4.540127,5.7410238,0.5848106
693,PET,Sunflower Seed Hulls,81.1076,18.8924,64.7827,4.1005,30.8085,0.3082,0,0.1889,2.154,90.3656,228.4415,0.3125,7.2915,865.4641,11.3347,33.9325,2.8502,1.1025,50.7792,313.2997,276.5825,2.765825,5.8943376,0.33403669
694,PET,Soybean Cake,45.12,54.88,58.7245,5.5629,30.6002,5.1124,0,2.8373,18.2052,71.1848,202.0085,0.3483,7.7727,897.0578,13.3447,26.8369,4.7828,0.6688,54.3658,263.4162,234.0316,2.340316,5.0621074,0.497251918
695,PU,Cotton Stalk,48.8326,51.1674,55.7397,7.508,33.2682,2.7396,0.7445,9.4157,5.6814,77.4717,214.5475,0.3346,7.4312,964.6886,18.1867,25.3079,4.2723,0.2822,51.7775,275.5457,257.9324,2.579324,5.2539866,0.718617507
696,PET,Pistachio Soft Shell,1.718,98.282,45.8159,5.5389,46.9346,1.7106,0,19.1846,9.7827,56.2126,159.8065,0.4287,14.8201,937.9294,6.8547,12.3408,15.4603,0.0089,65.3349,194.1992,151.6488,1.516488,2.2984346,0.555450214
697,PET,Rice Straw,19.0472,80.9528,52.9235,5.7552,41.1425,0.1788,0,4.2197,6.9249,79.6296,169.552,0.3044,9.2258,935.2867,16.1016,27.6847,6.3904,0.4039,49.4185,233.2785,210.8317,2.108317,5.3718412,0.581606447
698,PE,Sorghum Bagasse,25.5753,74.4247,72.842,9.2973,17.5996,0.1132,0.1477,4.5188,6.7232,78.1796,312.3894,0.3264,10.5784,954.0394,19.6911,25.6905,1.8918,0.5523,52.1481,379.5874,367.8153,3.678153,5.5613652,0.766473988
699,PET,Açaí Seed,48.9726,51.0274,54.7596,5.3913,39.4357,0.4134,0,7.251,4.8229,80.9942,232.1237,0.4104,6.9319,765.4881,8.5044,20.3972,10.4903,1.652,58.9543,294.7392,242.148,2.42148,4.0799384,0.41693958
700,PET,Elephant Grass,47.8676,52.1324,51.6133,4.7853,42.5304,1.071,0,0.3177,6.2102,82.5132,194.6437,0.3647,10.9589,968.0894,10.5271,23.1419,9.9994,0.0507,56.2805,256.1632,213.6869,2.136869,4.0709568,0.454893505
701,PU,Soy Peel,89.089,10.911,63.4374,8.1077,24.2453,4.0582,0.1515,0.7879,1.7714,95.1325,366.2611,0.4186,2.3082,768.7162,11.6452,21.4703,5.5101,1.974,59.3711,439.068,383.9477,3.839477,4.6696314,0.542386459
702,PP,Hazelnut Shell,27.9638,72.0362,60.5212,7.6217,30.8487,1.0084,0,0.7727,6.168,88.019,279.9395,0.3669,5.0403,844.6699,14.8546,24.4141,4.8309,1.2708,54.6277,349.1108,315.8881,3.158881,5.1354198,0.608443481
703,PU,Corn Cobs,26.9008,73.0992,52.4664,6.6864,39.2915,1.5099,0.0457,0.4411,10.244,76.8149,213.8354,0.363,12.5,710.4236,9.8432,16.3486,11.2507,2.5956,59.9453,265.3359,220.7312,2.207312,4.052214,0.602082135
704,PP,Beetroot Pellets,14.6576,85.3424,45.7734,6.4935,46.2823,1.0156,0.4352,0.6902,6.0058,82.0205,163.1214,0.32,11.2835,713.9643,11.6927,17.2716,12.8091,2.8242,55.2428,217.455,182.5959,1.825959,4.4500968,0.676989972
705,PU,Rubber Wood,70.1156,29.8844,61.287,7.7617,27.827,3.005,0.1192,1.4456,2.5056,90.5562,298.021,0.3666,5.4926,921.6915,16.2881,24.9358,3.8491,0.5647,54.3377,369.9698,340.8681,3.408681,5.1031882,0.653201421
706,PU,Cocoa Beans Husk,91.316,8.684,63.7413,8.0725,23.9413,4.0645,0.1804,0.6947,1.5127,95.2742,307.8497,0.3492,2.5184,854.6763,16.6596,26.5316,2.709,1.3944,52.6705,389.7543,364.7612,3.647612,5.6414136,0.627915391
707,PU,Cocoa Pod Husk,95.1551,4.8449,64.3174,8.1502,23.2864,4.0735,0.1724,0.5216,1.168,96.3788,333.4423,0.3713,1.9316,657.814,9.3523,17.5934,7.5594,4.0032,61.4517,397.0622,338.2265,3.382265,4.6599624,0.531580024
708,PP,Chlorella Vulgaris,24.1939,75.8061,60.1953,8.2782,23.5668,7.5427,0.4169,1.4596,6.9541,79.1959,287.7993,0.361,12.3904,860.6196,15.3385,20.2542,4.9568,0.9971,58.3663,343.9988,312.1136,3.121136,4.565549,0.757299721
709,PU,Olive Pomace,34.8248,65.1752,59.3591,6.9319,31.8004,1.7828,0.1259,3.1984,5.0367,84.9699,292.7312,0.409,6.795,660.3225,7.757,17.4893,9.7436,3.4341,61.5436,356.1162,294.0503,2.940503,4.2708156,0.443528329
710,PP,Peach Stone,78.2223,21.7777,75.7958,12.3497,10.9311,0.8581,0.0653,0.5491,1.205,92.9954,496.9344,0.4076,5.2505,841.3601,16.1932,20.1618,3.4242,1.3299,58.8807,560.3022,519.1259,5.191259,4.7653566,0.803162416
711,PU,Cotton Stem,87.5562,12.4438,63.5817,8.0008,24.4212,3.8191,0.1772,0.5805,2.337,92.9977,336.9417,0.3877,4.0848,725.6209,11.5959,21.8047,5.5053,2.6892,58.3678,409.7933,359.3755,3.593755,4.962483,0.531807363
712,PP,Olive Pomace,9.3665,90.6335,58.7473,6.9271,33.7878,0.4452,0.0927,4.4477,6.7136,80.0642,196.8491,0.2894,8.7745,927.7883,19.2389,28.715,3.4414,0.7029,47.8776,265.0218,253.0054,2.530054,5.9475294,0.669994776
713,PE,DDGS,63.422,36.578,73.6508,9.7255,14.2667,1.9562,0.4009,4.5047,3.151,87.827,352.905,0.343,4.5173,888.7851,18.5405,26.0275,1.5528,1.2072,52.6078,430.8508,414.4656,4.144656,5.7140166,0.712342714
714,PU,Chlorella Vulgaris,46.5081,53.4919,58.4205,7.3278,26.6027,7.2758,0.3733,1.03,5.1861,84.4332,193.136,0.2561,9.3507,945.191,22.7043,29.176,1.5979,0.827,45.6034,270.1828,271.9063,2.719063,6.4243064,0.778184124
715,PP,Pistachio Soft Shell,76.5975,23.4025,76.192,11.9099,11.4909,0.4072,0,4.5682,2.3286,89.2122,399.6555,0.3492,3.891,685.2999,13.8706,18.5701,4.3581,4.0563,59.1384,456.0932,415.264,4.15264,5.2900128,0.746931896
716,PS,Rubber Wood,1.905,98.095,51.7043,6.583,41.5152,0.1976,0,4.7489,6.8438,73.8071,223.9967,0.396,14.6002,972.7433,10.9152,17.2426,10.2301,0.0239,61.5876,267.2646,223.4517,2.234517,3.3599654,0.633036781
717,PET,Sugarcane Straw,30.3316,69.6684,48.8671,5.4668,45.5134,0.1527,0,8.3543,5.269,77.8829,151.336,0.317,8.4938,846.4602,13.6152,25.0024,9.574,1.0968,50.7101,211.6712,183.3717,1.833717,5.0133984,0.544555723
718,PU,Rubber Wood,50.4852,49.5148,58.3948,7.4213,31.8779,2.2201,0.0858,2.3951,3.7574,85.7257,255.1207,0.3464,8.1218,770.9737,13.7562,22.6251,6.0689,2.1475,55.3796,320.6418,285.7473,2.857473,5.1052372,0.608006152
719,PET,Hazelnut Shell,23.8065,76.1935,53.5078,4.9967,40.4215,1.0739,0,0.8173,6.5739,86.2114,212.0427,0.3759,6.3974,663.1417,7.0042,20.4129,11.9577,3.2954,57.3257,282.3681,228.403,2.28403,4.5082322,0.34312616
720,PS,Coffee Husk,17.647,82.353,50.9722,6.6151,42.4127,0,0,1.9018,7.6903,79.7312,164.6252,0.2902,10.6767,842.0055,16.8426,24.5417,7.5735,1.3623,49.678,223.9668,203.3847,2.033847,5.3989584,0.686284976
721,PU,Hazelnut Shell,68.1482,31.8518,60.9477,7.3002,28.3281,3.3081,0.1159,0.3416,3.1361,93.3401,350.1439,0.4401,3.1822,699.1601,8.5436,18.7937,8.1195,2.6792,61.8383,419.9977,351.6449,3.516449,4.2498686,0.454599148
722,PE,Soy Peel,21.4899,78.5101,53.8415,7.6676,36.1322,2.3222,0.0365,5.6691,8.9005,78.368,188.6062,0.304,7.0624,827.1681,18.2506,25.1401,5.0244,1.7115,49.8616,250.6132,235.3548,2.353548,5.7514344,0.725955744
723,PU,DDGS,77.4235,22.5765,62.661,8.0292,24.6204,4.377,0.3125,2.7803,2.4093,90.8765,313.1436,0.3731,3.9339,845.5672,15.0917,24.3055,3.8442,1.3091,55.389,386.6328,352.9813,3.529813,5.1610544,0.620917076
724,PU,Castor Seed Hull,28.0848,71.9152,50.257,6.2736,42.0839,1.3378,0.0477,1.4469,2.5197,81.7857,158.7386,0.2718,14.2477,885.1222,17.3051,23.8975,8.0309,0.8128,49.9359,217.2853,197.1594,1.971594,5.1710182,0.724138508
725,PS,Sugarcane Straw,42.0015,57.9985,62.8686,7.0256,29.9863,0.1194,0,7.0389,4.3334,82.8444,250.6846,0.3397,5.7833,748.6731,13,25.6611,4.9232,2.5606,53.8518,320.287,285.8569,2.858569,5.5539934,0.50660338
726,PET,Banana Stems,16.5953,83.4047,42.8126,5.2519,51.2472,0.6883,0,2.967,7.7537,78.6395,170.7425,0.4252,10.6398,673.4895,5.1834,9.5474,20.2491,2.2451,62.7722,221.765,167.7248,1.677248,2.5665254,0.542912206
727,PP,Cherry Stone,74.3871,25.6129,76.0858,11.8932,11.8622,0.1101,0.0487,0.2604,1.9411,92.0057,428.1557,0.3575,5.7928,755.6715,16.5446,21.7658,2.92,2.684,56.0745,498.9553,468.7679,4.687679,5.4901796,0.760119086
728,PP,Coffee Husk,81.0467,18.9533,77.4112,12.4023,10.1864,0,0,0.4296,1.7699,94.938,422.3521,0.3415,2.8625,894.0191,21.2174,24.5835,1.2689,1.2668,51.6615,504.7534,501.7572,5.017572,5.8425146,0.863074827
729,PS,Soybean Cake,77.5321,22.4679,82.492,8.0649,7.3558,2.0874,0,1.3167,7.4144,89.0288,375.9277,0.3467,2.2401,823.2536,14.013,27.2658,1.2732,1.9015,55.5447,454.1612,418.1304,4.181304,5.6296318,0.513940541
730,PET,Olive Pomace,1.6969,98.3031,56.0814,6.1797,37.1549,0.4834,0.1006,4.8241,7.2853,78.3379,204.0238,0.3339,9.5527,827.4876,13.4913,24.3977,7.0156,1.3601,53.7071,265.6215,233.7862,2.337862,5.0180864,0.552974256
731,PE,Peach Stone,49.4039,50.5961,63.0823,9.0551,25.5294,2.0974,0.2358,1.2758,2.7996,84.625,310.9309,0.352,11.2996,753.557,14.3691,19.868,5.5567,2.4033,57.7518,369.8929,333.2185,3.332185,4.9156122,0.723228307
732,PET,Beetroot Pellets,29.4075,70.5925,45.7713,4.9664,48.0532,0.849,0.36,0.571,5.0296,83.6269,126.4489,0.2753,10.7725,667.7765,9.7767,20.5293,15.4156,3.7551,50.3648,190.5845,155.358,1.55358,4.9869012,0.476231532
733,PU,Hazelnut Shell,38.3939,61.6061,56.5177,6.3849,34.5571,2.475,0.0653,0.6608,5.5052,89.071,174.3111,0.2595,4.763,812.01,18.5422,32.1028,2.7096,2.1961,44.4291,255.3492,244.974,2.44974,6.8337142,0.577588248
734,PE,Rubber Wood,36.6093,63.3907,63.7785,8.2497,27.705,0.2045,0.0622,3.0663,4.4226,83.0689,306.2127,0.3707,9.4422,893.082,15.4758,22.6902,4.7429,0.7181,56.3597,367.212,333.7293,3.337293,4.7874314,0.682047756
735,PET,Plum Stone,72.5939,27.4061,58.3468,4.9547,36.3913,0.2606,0.0466,5.8143,2.1684,87.2994,223.8176,0.3572,4.7179,685.2104,7.8727,24.6875,8.7236,3.1369,55.5636,298.0684,247.5664,2.475664,5.0838868,0.318894177
736,PE,Corn Cobs,60.0455,39.9545,70.6455,9.1623,19.7563,0.3339,0.1021,0.2411,5.511,87.6227,367.7855,0.3768,6.6252,786.874,14.0443,22.5483,4.0725,1.9599,57.3553,435.5696,393.9942,3.939942,5.0595144,0.622854051
737,PP,Açaí Seed,57.2707,42.7293,69.3603,10.6694,19.6367,0.3336,0,6.0718,3.9525,85.9762,401.0412,0.4144,3.9995,949.4249,16.8297,21.8688,3.4831,0.3254,57.4919,461.8446,428.5462,4.285462,4.6895696,0.769575834
738,PE,Rubber Wood,37.8553,62.1447,64.2149,8.3077,27.2085,0.2047,0.0644,3.0061,4.3356,83.4013,257.7731,0.3084,9.257,840.2598,18.2394,25.8008,3.2771,1.6043,51.0627,326.5837,310.1238,3.101238,5.7950954,0.706931568
739,PP,Chlorella Vulgaris,94.6641,5.3359,83.7746,13.4578,2.2073,0.5309,0.0293,0.1027,0.4895,98.0709,392.3335,0.2804,1.3369,732.9199,20.3877,19.829,2.0511,3.7405,53.9812,450.3903,446.8318,4.468318,6.0394246,1.028175904
740,PE,Sorghum Bagasse,98.3053,1.6947,85.6808,11.1567,2.7852,0.2078,0.1695,0.1029,0.1531,99.4836,336.4168,0.2502,0.2604,808.5497,22.3234,23.0818,1.0508,2.652,50.8592,399.8945,406.2893,4.062893,6.26865,0.967142944
741,PP,Durian Shell,0.6826,99.3174,60.4824,8.5067,27.8725,3.0391,0.0993,6.6608,4.3678,72.2016,309.888,0.4028,16.7698,988.7212,13.2827,17.3202,6.4513,0.0335,62.8914,349.1935,305.868,3.05868,3.6288698,0.766890683
742,PP,Cherry Stone,9.5904,90.4096,52.1175,6.9427,40.3792,0.3888,0.1718,0.9191,6.8518,73.0464,218.4405,0.359,19.1827,823.8251,10.9445,14.1411,11.4384,0.8436,62.5795,257.6586,214.6941,2.146941,3.2657934,0.773949693
743,PU,Cotton Stalk,20.3286,79.6714,50.1967,7.0779,39.7348,1.926,1.0646,14.661,8.5122,66.0859,218.6446,0.4343,10.7409,738.2937,8.3651,13.1823,12.2072,1.8394,64.1284,259.8612,211.1307,2.111307,3.2229058,0.634570598
744,PU,Elephant Grass,81.0264,18.9736,61.1801,7.6956,27.199,3.7876,0.1377,0.1156,2.7097,92.8675,268.9499,0.3274,4.3072,809.3831,16.4104,26.5691,3.2828,1.9302,51.7761,348.0609,324.4934,3.244934,5.8110414,0.617649826
745,PS,Hazelnut Shell,4.2172,95.7828,52.4629,5.3428,40.8534,1.3409,0,1.0358,8.2012,84.2471,195.7203,0.3551,6.5159,879.2472,12.6163,25.7845,7.7128,0.7069,53.1785,262.951,227.7193,2.277193,4.8644776,0.489297834
746,PE,Rubber Wood,88.6839,11.3161,82.0167,10.6733,6.9501,0.209,0.1508,0.5474,0.7895,96.9611,433.6794,0.3456,1.702,664.3276,10.9882,16.2539,5.5342,4.1212,63.072,481.314,422.254,4.22254,4.7101066,0.676034675
747,PE,Spirulina Sp.,62.0956,37.9044,68.2711,9.2707,19.4856,2.651,0.3216,0.7502,2.1792,90.5919,272.3783,0.2769,6.4787,955.4149,23.59,28.7863,0.5616,1.0516,45.9508,358.97,368.2849,3.682849,6.5512666,0.819487048
748,PP,Sorghum Stalk,98.7108,1.2892,85.0462,13.7598,1.1547,0.0168,0.0225,0.0653,0.1291,99.0365,449.2073,0.3133,0.7691,957.6406,24.0766,24.9697,0.3224,1.1702,49.4567,538.8491,557.4811,5.574811,6.1653866,0.96423265
749,PP,Cherry Stone,77.1258,22.8742,77.0988,12.1024,10.657,0.0984,0.0435,0.2325,1.7335,92.8072,403.7074,0.3298,5.2268,689.8319,15.0568,18.7443,3.9637,4.1062,58.1153,461.2189,426.4628,4.264628,5.4579358,0.803273528
750,PE,Hazelnut Shell,60.6602,39.3398,72.1408,8.8411,18.2368,0.6781,0.1031,0.422,3.3684,93.5213,410.3858,0.4069,2.6883,663.9847,8.6396,17.7468,7.0494,3.6253,62.9164,473.5775,401.1477,4.011477,4.467031,0.486825794
751,PS,Corn Cobs,28.2877,71.7123,59.6507,6.7781,33.1983,0.3729,0,0.4893,9.8913,77.7498,275.1946,0.3982,11.8696,865.8626,11.5156,19.9538,7.7889,0.6552,60.0854,328.9323,281.5457,2.815457,3.9924252,0.577113131
752,PS,Cherry Stone,15.7732,84.2268,55.1365,6.5707,37.7706,0.3622,0.16,0.8878,6.3832,74.9028,222.3668,0.3461,17.8262,792.8223,11.0173,16.642,10.5001,1.3914,60.4015,269.3253,226.394,2.26394,3.7848816,0.662017786
753,PET,Pistachio Soft Shell,21.5976,78.4024,49.1238,5.2951,44.2102,1.3708,0,15.3041,7.8464,63.9955,133.9569,0.3106,12.854,900.855,13.3048,23.0265,10.2592,0.416,52.9925,182.856,156.7616,1.567616,4.4871854,0.577803835
754,PP,Durian Shell,24.9473,75.0527,66.6092,9.8122,21.207,2.2966,0.0751,5.0335,3.3007,78.871,324.5317,0.3516,12.7948,686.434,12.7341,17.9055,5.9425,3.6066,59.7909,378.0149,335.9373,3.359373,4.9225386,0.711183715
755,PP,Rice Straw,79.3617,20.6383,78.3754,12.2484,9.3321,0.0441,0,1.0758,1.7552,94.6678,444.5373,0.3591,2.5012,696.8493,14.149,19.4552,3.8643,3.7779,58.7477,507.6765,464.456,4.64456,5.3319354,0.727260578
756,PET,Chlorella Vulgaris,59.8091,40.1909,58.1227,5.2043,32.4346,4.0173,0.2211,0.7739,3.8125,85.8583,286.254,0.4267,9.5553,807.1671,8.0092,19.5346,9.4207,1.0251,61.9582,351.6333,288.5106,2.885106,3.693339,0.410000717
757,PS,Peach Stone,65.0445,34.9555,72.9057,7.96,17.652,1.3774,0.1049,1.0115,1.9342,89.2545,290.0926,0.2903,7.7998,752.2934,15.5045,25.8383,2.6297,2.9321,53.0707,362.162,337.4918,3.374918,5.9798036,0.600058827
758,PU,Cotton Husk,44.0641,55.9359,57.1376,8.3461,31.8067,2.6347,0.0749,1.5774,3.619,86.7857,233.4545,0.3071,8.0179,888.2091,20.0367,25.1158,3.7608,1.0551,50.0127,301.7082,290.4875,2.904875,5.7062802,0.797772717
759,PE,Soybean Cake,74.2914,25.7086,78.2448,10.0106,9.0739,2.5444,0.1263,1.3291,8.4838,87.6091,279.1568,0.2582,2.578,820.9355,21.5589,24.9845,1.0444,2.4469,49.9392,344.7302,346.755,3.46755,6.3523984,0.862890992
760,PE,Cotton Husk,19.9704,80.0296,57.5058,8.9577,32.3389,1.1636,0.0339,2.2569,4.7997,82.4072,207.4319,0.2705,10.5362,869.4033,22.8425,25.1784,3.4075,1.4129,47.1482,272.2978,271.8565,2.718565,6.1452866,0.907226035
761,PS,Hazelnut Shell,13.1361,86.8639,55.9769,5.6365,37.1706,1.216,0,0.958,7.4376,85.6952,242.6686,0.3935,5.9092,923.1085,12.0063,24.8181,6.8806,0.3068,55.9874,309.894,267.6136,2.676136,4.5335954,0.483771925
762,PP,Banana Stems,37.2665,62.7335,56.3268,8.5707,34.5885,0.5139,0,2.2317,5.8058,84.4099,290.4402,0.4003,7.5526,962.9905,15.7072,20.949,5.8216,0.1499,57.3714,345.1043,311.3679,3.113679,4.3896158,0.749782806
763,PE,Cotton Husk,5.0117,94.9883,52.1836,8.5386,37.9274,1.3419,0.0085,2.6788,5.6968,79.1226,177.6355,0.267,12.5018,664.7966,15.8878,19.1679,7.9739,4.9755,51.9832,231.8819,211.6072,2.116072,5.9122668,0.828875359
764,PU,Peach Stone,47.0508,52.9492,52.4707,7.5814,35.6464,4.0625,0.2388,1.3351,3.2121,82.937,239.4206,0.3554,12.5158,677.5447,10.5021,15.3263,10.1172,3.335,60.6493,292.5501,247.3939,2.473939,4.2592706,0.685233879
765,PU,Soybean Cake,54.5738,45.4262,61.2391,7.5048,24.651,6.5124,0.0928,2.3485,15.318,76.9914,288.8815,0.4108,5.3421,672.3208,8.6669,18.3734,7.6815,3.3493,61.9058,347.9869,293.3556,2.933556,4.450123,0.471709101
766,PS,Sorghum Bagasse,96.6511,3.3489,89.4679,8.5019,2.0228,0.0027,0.0047,0.3966,0.3025,98.8251,367.7408,0.2839,0.4758,805.6104,16.2276,26.2041,0.8983,2.406,54.2606,438.8791,415.9541,4.159541,5.9156454,0.619277136
767,PS,Soy Peel,78.5109,21.4891,80.4968,8.111,10.7689,0.6232,0,1.7087,2.4362,93.9232,300.7141,0.2725,1.9319,712.357,13.9229,21.6031,3.7139,3.5116,57.2436,354.2817,323.2413,3.232413,5.4828166,0.644486208
768,PET,Spirulina Sp.,61.4974,38.5026,53.349,5.0176,38.8347,2.5792,0.2195,0.7621,2.3428,87.1904,249.5605,0.4191,9.7047,662.9421,5.5151,14.9765,14.1581,2.7049,62.582,315.5193,247.938,2.47938,3.451024,0.368250259
769,PU,Sunflower Seed Hulls,13.3675,86.6325,74.6218,3.7924,19.7021,1.8609,0.0227,0.8663,9.1766,75.2903,208.3531,0.2577,14.6668,855.5335,11.2832,33.8543,1.2424,1.4485,52.1648,277.4446,247.7087,2.477087,6.0027904,0.333287057
770,PE,Cotton Husk,75.1504,24.8496,77.1386,10.5038,11.7238,0.5061,0.1278,0.7008,1.4903,94.5236,430.9698,0.3703,3.2853,680.5797,11.464,18.5897,5.1025,3.759,61.0597,491.609,433.8269,4.338269,4.9261362,0.616685584
771,PS,DDGS,68.2857,31.7143,78.1721,8.0758,11.9174,1.5806,0.2541,4.0423,2.732,89.32,319.9576,0.3066,3.9057,975.7271,18.9239,29.3101,0.3387,0.8865,50.4974,402.2005,391.2158,3.912158,6.0542208,0.645644334
772,PS,DDGS,29.5017,70.4983,63.4625,7.5607,24.8984,3.5136,0.5648,8.741,6.0731,76.5039,210.2514,0.2798,8.682,739.482,16.1195,26.5142,3.2375,3.2633,50.7307,276.9409,259.1074,2.591074,6.2499566,0.607957246
773,PS,Durian Shell,84.3316,15.6684,85.5171,8.4928,5.495,0.4795,0.0157,1.2195,0.6891,95.4463,526.9165,0.4318,2.6451,839.3139,11.3531,24.1941,2.8827,1.2053,60.3615,607.3163,536.3847,5.363847,4.7060888,0.469250768
774,PP,Plum Stone,10.8869,89.1131,52.2852,7.3893,39.3987,0.7753,0.1515,18.9058,6.5551,71.1823,221.905,0.4302,3.3568,909.2013,13.4081,21.3742,7.3393,0.3772,57.4664,272.2333,237.8154,2.378154,4.2762616,0.62730301
775,PE,Castor Seed Hull,62.0419,37.9581,70.1325,9.0326,20.5156,0.2138,0.1055,0.7637,1.241,90.6836,362.971,0.3624,7.3117,726.1405,13.0349,22.1583,4.5312,2.882,57.3725,433.4835,388.5746,3.885746,5.231471,0.588262637
776,PS,Plum Stone,33.413,66.587,62.2469,7.2338,29.8268,0.5793,0.1132,14.1936,4.8981,78.4407,250.0481,0.369,2.4676,768.1168,12.7667,25.3036,4.8866,2.2283,54.7892,315.8129,280.7898,2.807898,5.3647886,0.504540856
777,PE,Pistachio Soft Shell,57.1929,42.8071,68.6645,8.7857,21.5876,0.8649,0.0972,8.3559,4.2593,80.9566,272.1581,0.3127,6.4282,994.2426,21.1913,28.0637,1.3132,0.4093,49.0041,345.9387,342.1013,3.421013,5.971216,0.755114258
778,PS,Beetroot Pellets,82.7647,17.2353,81.3655,7.9339,10.4075,0.2051,0.0879,0.3049,1.2129,96.2182,334.5109,0.2937,2.264,766.7635,14.6968,25.4466,2.1827,2.6437,55.0112,403.6739,373.4933,3.734933,5.7399706,0.577554565
779,PP,Sunflower Seed Hulls,30.6457,69.3543,78.9297,6.3944,13.6356,1.0403,0,0.6935,7.2822,80.2889,427.0092,0.4366,11.7354,732.4711,6.8919,19.7532,6.7437,1.918,64.6912,490.7021,406.301,4.06301,3.9198724,0.348900431
780,PP,Spirulina Sp.,85.2681,14.7319,78.7391,12.7098,7.4875,0.9797,0.084,0.2916,0.847,95.9219,513.9786,0.3994,2.9395,755.4583,14.8914,20.2433,3.3807,2.4686,59.002,583.1276,535.9511,5.359511,5.0426858,0.735621168
781,PU,Cocoa Pod Husk,97.8229,2.1771,65.0732,8.2217,22.3909,4.1432,0.1711,0.2344,0.8552,97.222,293.9134,0.3201,1.6884,836.7237,17.9941,28.3798,1.6599,1.8578,50.0748,382.5792,366.7818,3.667818,6.18431,0.634046047
782,PET,Cherry Stone,95.6667,4.3333,61.5806,4.4149,33.9484,0.0479,0.0082,0.0441,0.5293,93.6305,291.5976,0.4136,5.7961,890.6211,8.8527,26.0295,6.9393,0.4227,57.7535,370.1948,309.949,3.09949,4.3871352,0.340102576
783,PP,Chlorella Vulgaris,10.2732,89.7268,55.5374,7.2551,27.7862,8.9278,0.4935,1.7277,8.2311,75.4673,179.1461,0.2603,14.5739,764.6388,17.9107,23.3023,4.58,2.6029,51.4625,240.0006,226.1632,2.261632,5.8022836,0.768623698
784,PP,Castor Seed Hull,6.3198,93.6802,46.842,6.0183,46.9336,0.2061,0,1.8848,3.0629,77.006,227.5109,0.4435,18.0463,981.4586,5.247,9.184,16.1811,0.0006,69.3872,262.7992,201.4673,2.014673,1.7240748,0.571319686
785,PS,Corn Cobs,90.442,9.558,86.1287,8.2679,5.5538,0.0497,0,0.2386,1.3183,96.8611,458.8931,0.375,1.582,814.0074,12.7011,27.1446,1.4193,1.8898,56.8434,546.3306,495.541,4.95541,5.4684868,0.467905219
786,PP,Chlorella Vulgaris,79.0745,20.9255,78.5583,12.312,6.9325,2.0821,0.1151,0.4029,1.9196,93.8953,544.7389,0.4328,3.7822,694.1607,11.1676,17.3793,5.0963,3.1597,63.1777,606.0821,531.7543,5.317543,4.5270652,0.642580541
787,PE,Corn Cobs,77.5764,22.4236,77.3738,10.0564,12.1584,0.2795,0.1319,0.1353,3.0929,93.0448,379.7534,0.3338,3.727,822.119,17.6798,26.4722,1.321,2.0896,52.4148,464.2281,445.0765,4.450765,5.9929924,0.66786289
788,PE,Hazelnut Shell,80.527,19.473,79.1297,10.0324,10.2594,0.4417,0.1369,0.2089,1.6673,96.783,499.1704,0.4229,1.3408,681.046,9.3692,18.813,5.5585,3.344,62.8917,567.1416,487.6693,4.876693,4.5794636,0.498017328
789,PU,Cherry Stone,36.3396,63.6604,54.7913,6.9622,36.2637,1.8,0.1827,0.6472,5.0426,80.2954,245.0486,0.3667,14.0148,911.6106,13.4578,19.5552,7.9057,0.3186,58.7152,296.8555,258.4631,2.584631,4.0314564,0.688195467
790,PU,DDGS,65.7837,34.2163,61.0993,7.8998,26.1467,4.4682,0.386,4.2138,3.3422,87.2501,328.0822,0.4141,5.1939,705.0911,9.8987,18.831,7.2599,2.7746,61.1573,392.2673,334.6538,3.346538,4.4350724,0.525659816
791,PE,Cotton Stem,77.8302,22.1698,77.7256,10.0552,11.6204,0.416,0.1828,1.0342,3.2277,90.7692,478.0254,0.4224,4.9689,698.2317,10.1332,19.2582,5.3002,3.0093,62.269,544.3291,471.662,4.71662,4.5982482,0.526175863
792,PE,Cotton Husk,66.1848,33.8152,73.9487,10.2526,15.0733,0.6129,0.1125,0.9536,2.028,92.5549,300.9282,0.2743,4.4635,837.6305,21.9442,26.6824,0.9599,2.2687,48.1221,380.9487,384.7845,3.847845,6.5441506,0.822422271
793,PP,Pistachio Soft Shell,73.628,26.372,75.0033,11.6638,12.8741,0.4589,0,5.1478,2.624,87.9069,356.3505,0.3215,4.3213,713.6594,16.5647,21.0216,3.1922,3.7515,55.4642,418.765,394.9202,3.949202,5.7807462,0.78798474
794,PS,Nectarine Stone,42.1896,57.8104,66.1337,7.1807,26.2636,0.2891,0.133,1.0379,4.8365,82.8951,353.4386,0.4225,11.2305,899.6096,11.3367,20.4907,6.3915,0.3869,61.3687,411.1192,353.8299,3.538299,3.944702,0.553260748
795,PP,Durian Shell,72.5413,27.4587,78.6267,12.3727,8.1329,0.8402,0.0275,1.8415,1.2076,91.9527,539.4089,0.4325,4.9982,879.7265,15.4396,19.8924,3.4965,0.8413,60.3254,600.0068,549.8723,5.498723,4.4751046,0.776155718
796,PS,Cocoa Pod Husk,22.6454,77.3546,49.3259,6.256,43.0179,1.2299,0.1702,8.3739,9.535,73.8863,179.9671,0.3663,8.2048,656.5203,8.4923,16.6076,12.9857,3.6739,58.1832,234.1583,191.2334,1.912334,4.3249822,0.511350225
797,PE,Elephant Grass,44.9538,55.0462,61.7268,7.8973,29.0898,1.2097,0.0764,0.3355,6.4511,84.2107,237.6718,0.2998,9.0027,746.2189,16.0885,25.1031,4.2959,2.8683,51.6225,306.6427,284.3113,2.843113,5.9274,0.640896941
798,PU,Açaí Seed,76.3218,23.6782,61.4179,7.8364,27.2256,3.3904,0.1297,3.3647,2.6481,90.7924,224.633,0.28,3.1948,723.4769,16.2404,25.5905,3.8485,3.5925,50.6923,296.3151,276.9937,2.769937,6.2644812,0.634626131
799,PS,Elephant Grass,11.1122,88.8878,47.2854,5.5665,45.3472,1.801,0,0.5639,10.4172,74.4961,160.5421,0.3364,14.5228,979.4303,11.8139,19.5674,11.5377,0.0262,57.0543,209.0594,174.9501,1.749501,3.7507732,0.603754203
800,PU,Cotton Husk,26.2348,73.7652,54.4116,8.3672,35.0409,2.1358,0.0446,2.0803,4.5814,83.2396,258.3467,0.3652,10.0987,870.4195,15.9303,20.0245,6.4721,0.8581,56.7031,312.5683,282.4462,2.824462,4.5507592,0.795540463
801,PP,Spirulina Sp.,40.0151,59.9849,57.787,9.2072,28.6749,3.989,0.3419,1.1873,3.4487,84.9309,215.6636,0.2654,10.4331,979.5606,25.552,25.8655,2.2107,0.4613,45.8319,285.6722,295.443,2.95443,6.1838144,0.987879608
802,PS,Coconut Shell,68.8238,31.1762,76.425,7.7312,15.7846,0.0592,0,1.3223,4.4582,92.6919,335.3849,0.3325,1.5276,736.9529,12.4233,24.9654,3.3212,2.8393,56.4475,406.3897,364.7324,3.647324,5.5038262,0.497620707
803,PS,Soybean Cake,65.4181,34.5819,78.3358,7.8319,10.6195,3.2128,0,1.9187,11.412,83.2215,385.2856,0.3969,3.4478,827.035,12.312,25.5812,2.5093,1.4751,58.1207,458.7517,410.6986,4.106986,5.081013,0.481290948
804,PET,Sunflower Seed Hulls,13.5786,86.4214,74.1221,3.2675,21.3099,1.3005,0,0.8642,9.1028,74.9081,204.6912,0.2618,15.1249,752.1136,7.6825,30.5092,4.0821,2.0998,55.6247,268.1689,227.5353,2.275353,5.4255976,0.25180929
805,PET,Castor Seed Hull,1.1156,98.8844,44.4301,5.4771,49.8749,0.2179,0,1.9896,3.2354,75.7026,160.864,0.3529,19.0724,872.1923,7.4496,10.7658,18.0496,0.0745,63.66,200.6839,155.3503,1.553503,2.1877186,0.691969013
806,PU,Cherry Stone,44.9919,55.0081,56.2726,7.1413,34.2789,2.1262,0.181,0.5592,4.4388,82.6895,300.2869,0.4271,12.3125,896.0052,11.018,17.3639,8.6239,0.2884,62.6644,350.7189,296.6882,2.966882,3.4810426,0.634534868
807,PE,Banana Stems,14.9443,85.0557,45.9877,6.2962,46.9626,0.7282,0.0254,3.0258,7.8716,79.1123,207.2718,0.4305,9.9903,960.0297,10.0783,16.7124,12.0048,0.0247,61.1717,254.43,208.8121,2.088121,3.2030614,0.603043249
808,PET,Peach Stone,42.345,57.655,49.8053,5.8483,41.8887,2.2848,0.173,1.4538,3.2792,80.2426,146.7653,0.2614,15.0244,967.7401,17.7322,25.29,7.6235,0.18,49.1117,205.2303,186.9602,1.869602,5.1660576,0.701154607
809,PET,Plum Stone,4.0749,95.9251,48.7884,6.5076,43.705,0.8358,0.1631,20.351,7.0647,68.8217,169.6192,0.3869,3.7626,973.5856,14.683,24.3738,7.322,0.1039,53.4735,221.2912,195.6086,1.956086,4.694059,0.602409144
810,PU,Castor Seed Hull,71.3356,28.6644,59.5386,7.4803,29.8007,3.0592,0.1213,0.5767,1.3651,91.4832,204.9878,0.2587,6.575,877.1474,21.687,30.4116,1.7567,1.5371,44.5784,288.3592,287.6039,2.876039,6.7243394,0.713116048
811,PU,Nectarine Stone,58.1155,41.8845,58.5194,7.4172,31.2181,2.6503,0.1951,0.6908,3.8528,86.4539,264.3208,0.3513,9.0025,807.9099,14.1729,22.4537,5.888,1.6364,55.8025,329.3057,294.3407,2.943407,4.9456706,0.631205547
812,PU,Sunflower Seed Hulls,60.7705,39.2295,69.7346,6.2479,20.7734,3.1408,0.1033,0.3923,4.4837,87.6673,366.2966,0.4179,7.4567,857.2339,10.3157,23.5257,4.9987,0.8274,60.3133,437.5232,376.7081,3.767081,4.374543,0.438486421
813,PET,Cotton Stem,65.7313,34.2687,57.5701,4.9171,37.0243,0.4104,0.0781,1.5987,5.1272,82.2652,270.7458,0.4348,11.0089,949.5474,8.0731,20.1341,9.933,0.0424,61.7981,330.5047,269.3891,2.693891,3.4239706,0.400966519
814,PP,Spirulina Sp.,65.016,34.984,69.3624,11.1422,16.9695,2.3264,0.1994,0.6924,2.0113,91.0032,278.6405,0.2603,6.2931,806.7791,23.9022,25.3867,1.1758,2.7763,46.7196,357.4043,369.911,3.69911,6.7740772,0.941524499
815,PU,Beetroot Pellets,11.236,88.764,41.9456,5.5727,50.4817,1.5282,0.4718,0.7179,6.314,81.141,148.5021,0.3525,11.8271,733.4295,8.6719,13.6315,17.3931,1.9316,58.1761,200.4239,158.6205,1.586205,3.345647,0.636166233
816,PP,Elephant Grass,75.394,24.606,74.8221,11.7216,12.9578,0.4986,0,0.1499,2.8837,92.5692,401.786,0.3454,4.3972,843.01,19.4915,23.7879,1.9335,1.6802,53.1044,478.3476,465.082,4.65082,5.703869,0.819387167
817,PET,Safflower Seed,7.4294,92.5706,50.4461,6.7065,40.068,2.7794,0,1.3021,8.7545,64.2554,153.2869,0.2687,25.688,677.3211,9.953,10.2951,13.8366,3.0776,62.8324,186.0424,152.9137,1.529137,3.4738874,0.9667706
818,PU,Sunflower Seed Hulls,65.6818,34.3182,69.2282,6.5023,20.8844,3.2734,0.1117,0.3432,3.9974,88.9497,300.6779,0.3402,6.7097,800.4099,12.9783,27.8557,2.7617,1.8956,54.4849,380.6753,343.2958,3.432958,5.5900994,0.465911824
819,PU,Pistachio Soft Shell,48.5422,51.4578,55.3161,6.8803,34.7869,2.9341,0.0825,10.0446,5.4113,76.1073,272.3886,0.446,8.4368,895.4702,10.809,18.535,8.4003,0.3106,61.9264,323.1173,273.1892,2.731892,3.6139768,0.583166981
820,PE,Corn Cobs,72.0209,27.9791,75.2416,9.7731,14.5661,0.2967,0.1224,0.1688,3.8592,91.3266,435.9438,0.4016,4.6454,867.3207,14.9109,23.0337,3.2033,1.0464,57.7864,507.0397,463.4079,4.634079,4.8872346,0.647351489
821,PS,Cocoa Beans Husk,3.0127,96.9873,44.6645,5.9685,46.5252,2.5605,0.2813,7.765,10.7764,68.527,121.1493,0.2861,12.9316,847.8669,15.0406,20.8246,11.2943,1.0206,51.7084,169.2302,147.0566,1.470566,4.6136592,0.722251568
822,PU,Coconut Shell,63.8278,36.1722,58.573,7.47,31.0991,2.7495,0.1085,1.3745,5.5555,90.3466,194.1122,0.2635,2.7234,806.4831,20.0439,31.2182,1.8116,2.5208,44.3766,277.6681,273.0767,2.730767,7.0006808,0.642058158
823,PET,Corn Cobs,45.0454,54.9546,54.1631,5.3043,40.2331,0.2995,0,0.3316,7.6745,80.6007,204.2773,0.3537,11.3932,924.8607,11.9663,23.6078,8.633,0.2452,55.547,264.8379,226.1075,2.261075,4.3547248,0.506879082
824,PET,Coconut Shell,60.3688,39.6312,55.7674,5.0101,39.1288,0.0938,0,1.506,5.794,87.6793,187.1263,0.3148,5.0207,797.4177,12.4561,30.1459,5.9728,1.8152,49.608,263.6699,231.6501,2.316501,5.7934838,0.413193834
825,PU,Beetroot Pellets,93.3925,6.6075,63.9225,8.0785,23.8055,4.0011,0.1925,0.0534,1.0253,96.6619,359.5216,0.402,2.2594,770.6171,12.3365,22.5919,4.9072,2.0424,58.0859,435.7613,385.3253,3.853253,4.9101006,0.546058543
826,PU,Cocoa Beans Husk,26.6003,73.3997,49.2191,6.5257,40.9421,3.055,0.2581,5.872,8.3151,75.63,141.5538,0.2691,10.1829,770.3465,16.5837,24.4055,7.6502,2.4423,48.8293,200.3166,182.2379,1.822379,5.740476,0.679506669
827,PET,Corn Cobs,45.5706,54.4294,54.2396,5.295,40.1684,0.297,0,0.3284,7.6032,80.7353,183.4917,0.3171,11.3331,741.7741,10.6771,23.1363,9.8489,2.3185,54.0163,247.2923,208.8899,2.088899,4.8983236,0.461486927
828,PE,Olive Pomace,67.6659,32.3341,76.2786,9.587,13.6854,0.3009,0.1481,1.5868,2.3951,92.8909,375.5063,0.3428,3.1272,746.4487,14.6513,24.4406,2.6509,2.9078,55.3218,451.7307,417.0007,4.170007,5.7028484,0.599465643
829,PET,Hazelnut Shell,69.1821,30.8179,58.6664,4.6018,36.2792,0.4526,0,0.3306,2.784,91.2606,287.9591,0.4422,5.6248,856.7271,7.9784,22.855,8.9092,0.5673,59.6894,361.2957,296.6793,2.966793,3.9444906,0.349087727
830,PS,Coconut Shell,21.5294,78.4706,55.5275,6.5694,37.7539,0.1491,0,3.0249,11.2213,81.9087,263.4064,0.439,3.8451,796.3542,10.0168,20.2867,8.8532,1.3791,59.4626,323.5803,272.0489,2.720489,4.1316564,0.493761923
831,PET,Sunflower Seed Hulls,41.0306,58.9694,70.3254,3.6062,25.1713,0.8971,0,0.5897,6.2779,81.192,320.7363,0.4202,11.9404,865.5013,6.2891,24.2463,7.1399,0.425,61.8992,391.0664,319.1012,3.191012,3.8864066,0.259383906
832,PE,Castor Seed Hull,40.5118,59.4882,61.1437,7.8032,30.7683,0.2159,0.0689,1.1969,1.945,85.4104,219.593,0.272,11.4477,895.1432,20.9447,27.4683,3.0155,1.107,47.4462,290.8057,284.4084,2.844084,6.1193394,0.762504414
833,PS,Soybean Cake,41.9162,58.0838,70.2726,7.3798,16.9513,5.3962,0,3.0868,19.1677,71.9545,212.0487,0.2755,5.791,825.5894,17.7517,28.4624,1.2491,2.1671,50.3672,276.0278,265.1024,2.651024,6.2792678,0.623689499
834,PU,Olive Pomace,35.9202,64.0798,59.4655,6.9546,31.6299,1.8234,0.1266,3.1446,4.9621,85.1875,222.2314,0.309,6.7058,781.5189,15.4647,26.9654,4.3148,2.2542,50.9678,294.3526,270.2382,2.702382,5.8748316,0.573501598
835,PU,Cotton Stem,89.5244,10.4756,63.9151,8.045,23.9845,3.8793,0.1761,0.4887,2.0622,93.7747,287.0898,0.3265,3.6744,761.7301,15.5435,26.3615,3.0073,2.6602,52.389,368.3823,342.0983,3.420983,5.9525986,0.589628815
836,PU,Corn Cobs,90.9115,9.0885,64.0459,8.0819,23.8522,3.8655,0.1545,0.0548,1.799,95.2874,311.7419,0.3508,2.8588,730.9627,13.5233,24.6977,3.9402,2.9756,54.8295,391.7828,354.4833,3.544833,5.6376914,0.547553011
837,PP,Açaí Seed,46.7997,53.2003,65.3905,9.89,24.3042,0.4154,0,7.5598,4.921,82.6621,306.6743,0.3558,4.8571,691.0814,13.435,20.8535,5.1587,3.849,56.6979,369.1091,332.4727,3.324727,5.456463,0.64425636
838,PP,Corn Cobs,6.1775,93.8225,49.945,6.5788,42.9884,0.4879,0,0.5661,12.941,70.9328,156.3476,0.2956,15.5601,730.5293,12.6471,17.859,11.4743,2.6212,55.3945,203.5532,173.8322,1.738322,4.5545104,0.708163951
839,PP,Coconut Shell,14.6978,85.3022,51.8269,7.1884,40.8226,0.1621,0,3.2415,12.1982,80.307,198.2444,0.3522,4.2533,960.4627,17.38,25.7704,5.5691,0.2595,51.0199,259.3555,238.6957,2.386957,5.2170114,0.674417161
840,PE,Durian Shell,2.0158,97.9842,60.8275,8.525,27.5436,3.0025,0.1014,6.5714,4.3091,72.5778,258.5712,0.3332,16.5417,653.8053,10.8264,15.5025,8.3589,4.199,61.0818,305.8355,263.3144,2.633144,4.6258082,0.69836478
841,PE,Rice Husk,21.353,78.647,56.9497,5.3739,37.0328,0.5369,0.1066,3.3818,6.2131,78.2105,223.3561,0.3649,12.1946,854.1243,10.6668,22.1304,8.8177,0.7621,57.5937,282.8543,238.6958,2.386958,4.2132766,0.481997614
842,PE,Rice Husk,89.335,10.665,82.0433,10.4099,7.131,0.2543,0.1614,0.4586,0.8425,97.028,342.0255,0.2745,1.6709,939.3409,22.9406,26.4192,0.4008,1.2859,48.9264,420.7606,429.4554,4.294554,6.2667562,0.868330608
843,PET,Cocoa Beans Husk,37.3134,62.6866,50.3097,5.3093,42.5329,1.6663,0.1818,5.0149,7.0435,77.6804,193.294,0.3815,10.2612,802.0484,9.4211,19.1144,11.8509,1.1858,58.3717,250.1867,205.2551,2.052551,3.8504096,0.492879714
844,PP,Sugarcane Straw,3.9315,96.0685,44.7457,6.2703,48.7862,0.1978,0,11.5201,7.1779,71.703,147.1209,0.3472,9.599,924.0841,14.2837,20.9539,10.8171,0.227,53.7174,195.2857,168.3352,1.683352,4.264097,0.681672624
845,PS,Soybean Cake,75.6762,24.3238,81.8552,8.0292,7.8558,2.2598,0,1.4089,8.0269,88.1391,270.6377,0.2538,2.4251,996.8351,21.5902,27.8897,0.2419,0.8353,49.4418,338.1267,339.273,3.39273,6.1448812,0.774128083
846,PET,Coconut Shell,44.5946,55.4054,53.219,5.2794,41.3827,0.1189,0,2.1054,8.0166,84.8888,149.267,0.2713,4.9892,975.7591,18.33,34.1674,3.7946,0.3531,43.354,224.6991,211.5098,2.115098,6.4111422,0.53647629
847,PU,Sunflower Seed Hulls,71.5286,28.4714,68.6254,6.8052,21.0165,3.4313,0.1216,0.2847,3.4186,90.4763,379.7294,0.4255,5.8204,810.3537,10.1135,22.36,5.4305,1.3084,60.765,451.6225,387.8905,3.878905,4.3780252,0.45230322
848,PET,Soybean Cake,81.5763,18.4237,61.0132,4.7463,32.5039,1.7366,0,0.9525,6.2511,86.7992,299.9483,0.4486,5.9972,861.551,7.9466,22.568,8.1641,0.5286,60.7921,369.9184,304.9471,3.049471,3.8910396,0.352118043
849,PP,Cotton Stalk,75.7349,24.2651,76.0198,12.1323,11.2076,0.3266,0.3137,4.4652,2.5554,89.4217,364.081,0.3167,3.5577,671.9879,14.6639,16.9215,4.5622,4.621,59.1696,411.1948,378.04,3.7804,5.3701282,0.866583932
850,PE,Banana Stems,20.9623,79.0377,48.8173,6.6432,43.8124,0.6915,0.0356,2.8117,7.3147,80.5887,235.0606,0.4373,9.2849,874.4619,10.4497,16.6703,11.1357,0.3681,61.3658,284.534,235.9082,2.359082,3.3608052,0.626845348
851,PE,Plum Stone,27.8826,72.1174,58.7485,7.8826,32.5129,0.686,0.17,15.3001,5.3049,76.7169,254.8869,0.3967,2.6781,729.5779,11.5986,21.2688,6.8889,2.6393,57.5659,313.4985,272.5109,2.725109,4.877387,0.54533401
852,PET,Colza seed,67.4477,32.5523,56.3203,5.0388,36.8624,1.7785,0,2.98,2.7745,84.5106,181.2671,0.2922,9.7349,746.8024,11.7876,27.7319,6.9703,2.4727,51.0345,253.6221,220.6205,2.206205,5.6525068,0.425055622
853,PE,Peach Stone,61.8125,38.1875,68.6979,9.5811,19.8668,1.6345,0.2196,0.9629,2.113,88.3908,349.5805,0.3511,8.5333,698.1387,13.1421,20.7353,4.8241,3.547,57.7065,416.2192,373.9861,3.739861,5.3018206,0.633803224
854,PU,Pistachio Soft Shell,44.0275,55.9725,54.406,6.7575,35.9386,2.8231,0.0748,10.9258,5.8334,74.1946,228.502,0.3901,9.0462,669.9639,8.4171,16.3948,10.8392,3.2657,61.0593,282.1536,232.7785,2.327785,4.1439122,0.51340059
855,PE,Sorghum Bagasse,98.9915,1.0085,85.802,11.1742,2.6454,0.2087,0.1697,0.0612,0.0911,99.6846,560.4798,0.4155,0.1631,957.2001,16.4324,24.3643,1.6661,0.4362,57.0805,644.4221,602.9392,6.029392,5.0007606,0.674445808
856,PS,Olive Pomace,73.9785,26.0215,81.2948,7.9023,10.6485,0.1278,0.0266,1.4249,1.9275,94.1418,363.5053,0.326,2.5058,868.3392,15.7239,28.6424,0.8595,1.5856,53.1828,446.9914,419.6817,4.196817,5.8747684,0.548972851
857,PP,Corn Cobs,93.7058,6.2942,83.1707,13.3622,3.4344,0.0327,0,0.038,0.8682,97.5835,448.7653,0.3254,1.5103,718.1981,17.1101,19.8923,2.6954,3.6734,56.6231,511.2246,486.4513,4.864513,5.6693978,0.860136837
858,PET,Rice Husk,93.827,6.173,61.3611,4.3002,34.2659,0.0673,0.0055,0.2654,0.6847,93.3079,271.3719,0.3907,5.742,844.0781,8.8285,27.1943,6.7148,0.8825,56.3777,351.8443,295.5208,2.955208,4.6958948,0.324645238
859,PP,Durian Shell,71.6534,28.3466,78.4025,12.325,8.3768,0.8674,0.0283,1.9011,1.2466,91.7087,429.7264,0.3464,5.1436,903.2558,20.7805,23.9149,1.4185,1.1026,52.778,507.5033,500.9929,5.009929,5.6523022,0.868935266
860,PU,DDGS,59.0968,40.9032,60.2022,7.8255,27.0235,4.5206,0.4282,5.0373,3.8781,85.1668,291.4971,0.3805,5.9178,997.3975,16.272,24.2093,3.8363,0.1115,55.487,357.2957,328.3796,3.283796,4.8476648,0.672138393
861,PET,Coffee Husk,70.9052,29.0948,56.4662,4.8801,38.632,0.0217,0,0.6594,2.8658,89.0866,277.9994,0.4458,7.3882,760.8842,6.6601,18.6829,11.7363,1.426,61.4933,346.4974,277.4904,2.774904,3.5838442,0.35648106
862,PP,Rice Husk,41.1061,58.8939,64.0684,7.9265,27.584,0.3684,0.0527,2.5324,4.6526,83.4809,221.3168,0.2692,9.3341,751.4772,17.8353,27.6539,2.9313,3.1695,48.3935,294.436,281.2405,2.812405,6.5452848,0.644947006
863,PP,Elephant Grass,84.629,15.371,78.8522,12.5204,8.316,0.3114,0,0.0937,1.8014,95.1704,431.8024,0.3404,2.9345,995.9318,22.8403,25.2368,0.7994,0.4937,50.6286,517.6114,523.9365,5.239365,5.8233338,0.905039466
864,PU,Banana Stems,13.983,86.017,42.6985,5.8325,50.1533,1.2919,0.0238,3.06,8.0445,78.587,120.4846,0.2865,10.3085,824.6953,14.8745,21.7518,12.5126,1.3553,49.4941,175.3696,151.2664,1.512664,4.8323702,0.683828465
865,PE,Sunflower Seed Hulls,71.4593,28.5407,83.1316,8.8882,7.2805,0.5782,0.1215,0.2854,2.9968,91.9372,318.7035,0.2695,4.7806,878.2467,19.9062,26.7187,0.6915,1.7114,50.9489,390.4673,384.7957,3.847957,6.129107,0.745028763
866,PE,Cocoa Beans Husk,20.3825,79.6175,51.9594,6.9723,38.658,2.1447,0.2655,6.3694,8.8464,74.1645,250.5591,0.4409,10.6197,735.8369,8.097,13.4966,12.0127,1.8391,64.4864,296.5808,240.7384,2.407384,3.2334454,0.599928871
867,PP,Hazelnut Shell,48.7434,51.2566,67.7439,9.4183,22.1202,0.7175,0,0.5498,4.3887,91.3309,371.4522,0.3903,3.7306,687.6127,11.3075,20.2353,5.6872,3.5238,59.2411,439.8906,385.7393,3.857393,5.0323782,0.55880071
868,PU,DDGS,32.212,67.788,56.5952,7.5268,30.5488,4.7314,0.5979,8.3482,6.0328,76.7908,271.7154,0.4083,8.8282,799.3614,11.5088,18.4526,7.5971,1.436,60.8747,324.8829,279.3021,2.793021,4.082066,0.623695306
869,PP,Sugarcane Straw,50.4445,49.5555,64.5065,9.9401,25.4513,0.102,0,5.9425,3.7026,85.1613,388.8322,0.4438,5.1936,687.8554,9.7742,15.8367,7.8407,3.0082,63.5355,441.9531,375.715,3.75715,4.1279734,0.617186661
870,PS,Soy Peel,57.7704,42.2296,71.1312,7.7384,19.9056,1.2248,0,3.1649,4.7875,88.2512,334.736,0.3661,3.7964,710.265,10.9014,23.3746,4.6594,3.0805,57.9804,405.752,355.8829,3.558829,5.2253698,0.466378034
871,PP,Cotton Stem,48.0867,51.9133,66.4493,9.7937,23.0475,0.5913,0.1183,2.4218,7.5581,78.1808,249.1773,0.2777,11.8393,824.347,21.6912,24.9466,2.3627,2.0281,48.9444,314.6651,313.326,3.13326,6.211981,0.869505263
872,PU,Castor Seed Hull,98.227,1.773,65.3095,8.2305,22.1635,4.1294,0.167,0.0357,0.6472,97.5127,411.8149,0.4448,1.8044,981.8726,13.7222,22.9827,4.0707,0.1111,59.0865,484.9508,433.3193,4.333193,4.4175916,0.597066489
873,PP,Coffee Husk,74.0247,25.9753,74.3922,11.866,13.7418,0,0,0.5887,2.4256,93.248,454.4495,0.3917,3.7377,852.8619,17.1772,21.7333,2.9976,1.3053,56.7847,523.0921,491.1807,4.911807,5.0608308,0.790363175
874,PP,Açaí Seed,33.3225,66.6775,60.281,8.8868,30.3116,0.5206,0,9.4749,6.1677,78.3965,297.8298,0.4067,5.9609,711.2396,11.221,18.0338,7.5419,2.814,60.3851,351.3371,303.2896,3.032896,4.4915388,0.622220497
875,PP,Açaí Seed,21.2697,78.7303,55.7115,7.9896,35.6842,0.6147,0,11.1876,7.2826,74.5818,216.8212,0.3482,6.948,738.4679,13.8681,21.2519,7.0178,2.6971,55.1611,272.1228,241.9734,2.419734,5.141056,0.652558124
876,PU,Cocoa Pod Husk,44.8676,55.1324,50.071,6.8025,40.1679,2.761,0.1976,5.936,7.0649,80.4828,198.9474,0.36,6.5163,821.9867,13.9119,21.9714,7.971,1.391,54.6995,258.0521,226.7551,2.267551,4.7688596,0.633182228
877,PS,Chlorella Vulgaris,25.0992,74.9008,61.6629,7.0012,23.4713,7.4526,0.412,1.4924,6.871,79.5137,200.3982,0.2591,12.1229,786.0761,18.0597,27.6159,2.4176,2.511,49.2912,272.1922,260.6173,2.606173,6.328989,0.653960219
878,PP,Durian Shell,36.1188,63.8812,69.43,10.4132,18.1382,1.9548,0.0639,4.2843,2.8094,81.9415,444.2336,0.4458,10.9648,745.8254,10.5233,15.2017,6.9469,2.0281,65.2872,489.7395,419.8359,4.198359,3.7779904,0.692244946
879,PS,Cherry Stone,68.4324,31.5676,77.0587,7.775,14.9706,0.1357,0.06,0.4578,2.3924,90.4687,293.6696,0.2793,6.6811,966.5921,19.9439,29.9024,0.3744,0.9922,48.7749,375.609,369.7481,3.697481,6.2768512,0.666966531
880,PE,Coconut Shell,0.8986,99.1014,46.3737,6.087,47.3476,0.1902,0.0015,3.7659,14.1715,77.2064,191.4328,0.4336,4.8562,780.8461,9.5464,17.8135,12.6017,1.4552,58.581,245.1928,200.7761,2.007761,3.7964738,0.53590816
881,PU,Plum Stone,56.2945,43.7055,58.0547,7.5457,31.485,2.7446,0.17,9.2723,3.5526,84.7167,296.3563,0.4309,2.4584,758.2494,10.671,20.1783,7.3349,2.0085,59.7709,359.0982,307.5203,3.075203,4.4139768,0.528835432
882,PET,Banana Stems,77.0409,22.9591,56.8413,4.5864,38.3606,0.2117,0,0.8167,2.2866,90.2717,161.6187,0.2599,6.625,810.7796,14.2143,35.0794,3.9756,1.9129,44.8159,244.5446,221.6983,2.216983,6.639967,0.405203624
883,PET,Nectarine Stone,54.9624,45.0376,56.0448,5.1832,38.4264,0.242,0.1036,0.7428,3.8834,83.8215,245.7471,0.3946,11.5523,696.36,6.68,16.9729,12.7541,2.3725,61.1896,308.6673,246.7894,2.467894,3.7093804,0.393568571
884,PS,Chlorella Vulgaris,74.2481,25.7519,80.3888,7.9827,8.9245,2.5623,0.1416,0.6443,2.3624,92.8253,431.6016,0.3858,4.168,653.3523,7.0441,15.599,7.5335,3.4904,66.3042,484.316,402.5031,4.025031,3.9758,0.451573819
885,PE,Sorghum Stalk,10.6704,89.3296,50.0029,7.3179,39.9173,1.1846,1.5772,4.5255,8.9466,67.4348,212.6428,0.3764,19.0931,766.1087,9.2864,11.0973,12.4611,1.3759,65.3009,246.3622,201.1188,2.011188,2.8937632,0.836816162
886,PET,Cherry Stone,1.1496,98.8504,48.7263,6.1884,44.472,0.4254,0.1878,1.0049,7.4939,70.5214,157.0553,0.2971,20.9798,951.5339,12.9461,16.6795,11.8876,0.0509,58.3628,196.2496,165.6956,1.656956,3.518018,0.77616835
887,PET,Pistachio Soft Shell,68.2613,31.7387,56.8886,4.7228,37.8154,0.5731,0,6.1954,3.3013,82.2643,250.8932,0.426,8.239,958.5892,8.7864,22.7579,8.9175,0.0513,59.4864,314.3887,259.5587,2.595587,3.834792,0.386081317
888,PE,Spirulina Sp.,75.3408,24.6592,74.4592,9.9448,13.5292,1.7981,0.2686,0.4881,1.4177,93.8724,459.2918,0.4134,4.2218,745.7371,12.0243,20.6039,4.4928,2.3581,60.4803,529.2476,468.4104,4.684104,4.7389156,0.583593397
889,PU,Soybean Cake,42.0959,57.9041,60.0164,7.2919,25.4725,7.1476,0.0716,2.9936,19.3609,71.2453,267.3684,0.414,6.4002,829.7735,11.9091,20.8385,5.9311,1.1578,60.148,321.6909,280.2587,2.802587,4.3263262,0.571495069
890,PP,Sorghum Bagasse,18.8956,81.1044,71.5835,9.6273,18.6107,0.0649,0.1136,4.9244,7.3266,76.1323,332.2413,0.3534,11.6167,887.1832,17.2695,22.7684,3.2562,0.9279,55.7574,390.5994,365.7945,3.657945,5.0661126,0.758485445
891,PE,Safflower Seed,68.3977,31.6023,74.4531,9.8401,14.4988,1.0917,0.1163,0.4445,2.9834,87.9183,337.8788,0.311,8.6538,919.7528,20.8392,26.5221,1.1485,1.0503,50.4193,417.3877,412.9668,4.129668,5.9684256,0.785729637
892,PET,Durian Shell,64.3331,35.6669,61.5065,5.8089,31.5378,1.1111,0.0357,2.392,1.7037,86.6022,240.9578,0.3278,9.3021,752.6049,11.5363,25.8951,5.9245,2.3164,54.3163,313.7895,273.8371,2.738371,5.3379742,0.445501272
893,PE,Cocoa Beans Husk,23.5002,76.4998,53.2916,7.1379,37.2398,2.0689,0.2618,6.12,8.5,75.1754,241.209,0.4053,10.2046,823.0601,11.4319,17.7795,9.1304,1.0641,60.5289,290.5964,246.9287,2.469287,3.85581,0.642982086
894,PP,Rice Husk,22.1862,77.8138,57.1641,6.0236,36.2559,0.4868,0.0696,3.346,6.1473,78.3346,218.2515,0.342,12.1721,842.2306,12.5974,22.8952,7.6623,1.0645,55.7609,277.6406,240.8576,2.408576,4.6264054,0.550220133
895,PET,Elephant Grass,74.8847,25.1153,57.0842,4.5512,37.8328,0.5318,0,0.1531,3.1006,88.8237,262.1297,0.4197,7.9226,739.2049,6.5227,20.0254,11.4134,1.7433,60.2935,333.3936,267.5125,2.675125,3.8517534,0.325721334
896,PE,Cotton Stalk,53.1789,46.8211,67.375,9.1264,22.0612,0.7418,0.6957,8.6159,4.9308,80.3085,278.1399,0.3244,6.1448,774.0353,16.7695,25.0204,2.9716,2.5063,52.5989,346.1693,325.5194,3.255194,5.8609318,0.67023309
897,PET,Corn Cobs,30.7065,69.2935,52.0739,5.5576,41.9988,0.3697,0,0.4181,9.6222,76.9244,229.6874,0.422,13.0353,886.7295,8.6221,16.5841,12.1873,0.1973,62.4085,279.6551,226.3108,2.263108,3.0914168,0.519901592
898,PET,Pistachio Soft Shell,84.058,15.942,59.5172,4.5291,35.6506,0.3031,0,3.1119,1.7627,88.4487,260.548,0.4013,6.6767,678.5712,5.913,21.4304,10.6254,2.7088,59.3194,335.442,269.961,2.69961,4.3085848,0.275916455
899,PU,Beetroot Pellets,72.3351,27.6649,58.2896,7.4362,30.6428,3.3673,0.2641,0.2238,2.3808,92.6837,296.8557,0.3865,4.7117,663.4025,9.2834,19.2621,8.2027,3.82,59.3686,367.4495,311.296,3.11296,4.7971918,0.481951604
900,PET,Sunflower Seed Hulls,14.5745,85.4255,73.9843,3.2798,21.45,1.2858,0,0.8543,9.0003,75.136,221.5855,0.2836,15.0094,876.8268,9.5706,35.4085,1.0635,1.1582,52.7984,295.6882,259.3382,2.593382,5.9097314,0.270291032
901,PS,Coconut Shell,40.8342,59.1658,64.0575,7.0437,28.7864,0.1124,0,2.33,8.4607,86.3102,237.0012,0.3122,2.8991,845.3907,16.8799,30.4246,2.1709,1.6616,48.8612,315.9112,297.8604,2.978604,6.2513816,0.55481091
902,PU,Cotton Stalk,73.9545,26.0455,60.6251,7.887,27.5689,3.4566,0.4624,4.7928,3.1865,87.5066,246.9757,0.3175,4.5141,661.1449,11.3062,18.8001,7.4003,4.4404,57.9341,305.4096,266.0305,2.660305,5.1795454,0.601390418
903,PS,Safflower Seed,4.8592,95.1408,51.4826,6.9747,38.6885,2.8542,0,1.348,8.9816,63.6586,263.5207,0.4444,26.0118,728.8594,3.5716,3.7525,15.6377,0.5442,76.4934,282.0123,214.1191,2.141191,1.0533714,0.951792139
904,PP,Cotton Stalk,20.4213,79.5787,54.2725,8.2168,35.411,1.071,1.0288,14.6439,8.3805,66.4477,233.2403,0.3983,10.5279,847.7148,13.3586,17.8427,7.8182,0.9013,59.8436,275.526,240.3274,2.403274,4.0135744,0.748687138
905,PP,Hazelnut Shell,87.5942,12.4058,81.2479,12.7774,5.801,0.1737,0,0.1331,1.0622,97.5228,463.9242,0.3504,1.2819,934.4517,21.377,24.9755,0.8863,0.9537,51.806,551.5595,549.8751,5.498751,5.7970536,0.8559188
906,PU,Sugarcane Straw,38.0656,61.9344,51.6838,6.8432,39.682,1.7263,0.0647,7.4269,4.8558,80.9744,254.7883,0.4424,6.7429,951.0914,11.6274,19.5748,8.5403,0.083,60.1587,307.9299,261.9622,2.619622,3.751898,0.593998406
907,PU,Sunflower Seed Hulls,16.3043,83.6957,74.319,3.9446,19.7685,1.9402,0.0277,0.837,8.8859,76.057,286.5481,0.3526,14.2201,924.0332,9.3653,29.3954,3.1936,0.3727,57.6668,357.1974,307.4072,3.074072,4.8486994,0.318597468
908,PET,Cotton Husk,82.5397,17.4603,60.1149,5.0433,34.5718,0.27,0,0.4924,1.2205,91.7797,313.3267,0.4483,6.5074,719.0125,6.1361,18.9313,10.8452,1.956,62.1295,385.9522,309.8607,3.098607,3.7482906,0.324124598
909,PU,Cocoa Pod Husk,40.5402,59.4598,48.845,6.6865,41.6206,2.6481,0.1997,6.4019,7.5724,79.1149,178.678,0.3398,6.9108,879.1211,15.786,23.5873,7.3841,0.823,52.3615,237.452,212.9347,2.129347,4.9715218,0.669258457
910,PS,Rubber Wood,52.3195,47.6805,71.4888,7.5667,20.8485,0.096,0,2.411,3.3265,87.1659,243.6261,0.2619,7.0966,737.4629,15.9464,25.7078,3.1951,3.2734,51.873,308.606,288.383,2.88383,6.1332712,0.62029423
911,PP,Castor Seed Hull,13.6388,86.3612,49.8669,6.6302,43.3129,0.19,0,1.7376,2.8236,78.7633,210.8527,0.3618,16.6755,925.8053,11.9527,16.5058,10.9795,0.1093,60.452,254.8028,214.3123,2.143123,3.4097518,0.72415151
912,PP,Plum Stone,14.2154,85.7846,53.528,7.6306,37.9492,0.7463,0.1458,18.1996,6.3102,72.2401,209.6768,0.3857,3.2501,861.2654,14.9763,23.0716,6.3121,1.0128,54.5927,263.9568,236.5623,2.365623,4.8870444,0.649122731
913,PS,DDGS,27.1482,72.8518,62.5699,7.5295,25.6862,3.6309,0.5837,9.0261,6.2758,75.7263,254.6413,0.3465,8.9718,760.9923,13.2901,22.8524,5.1038,2.3008,56.3265,315.7062,281.8564,2.818564,5.1384196,0.581562549
914,PU,Spirulina Sp.,27.6105,72.3895,46.5574,6.7091,40.3003,5.9735,0.4596,1.4328,4.3275,81.4791,235.1092,0.4239,12.7606,899.9448,10.3108,14.4723,10.9511,0.1501,63.9848,280.9166,232.564,2.32564,2.990812,0.712450682
915,PE,Cherry Stone,56.4315,43.5685,69.681,9.0259,20.8085,0.3059,0.1787,0.4429,3.3019,87.0229,361.217,0.3696,9.2323,690.641,11.3646,19.9547,5.7453,3.4112,59.487,425.6008,373.0642,3.730642,4.9628786,0.569519963
916,PE,Sorghum Bagasse,71.1974,28.8026,80.8956,10.4637,8.3068,0.1726,0.1614,1.7488,2.6019,91.5432,305.8234,0.2564,4.1061,685.67,16.4418,17.7967,3.8278,4.5455,57.3476,347.8775,327.5115,3.275115,5.6453876,0.923867908
917,PS,Açaí Seed,13.0771,86.9229,53.2123,6.6798,39.4292,0.6787,0,12.3779,8.0404,72.0281,195.5639,0.3639,7.5536,818.8649,13.1107,22.1455,8.009,1.3897,55.3433,249.7611,217.6664,2.176664,4.7038012,0.592025468
918,PE,Cocoa Beans Husk,9.6876,90.3124,47.3895,6.4044,43.5231,2.4046,0.2784,7.225,10.0347,70.6967,126.9537,0.2652,12.0436,751.6873,15.5554,22.1383,9.7161,2.6511,49.8334,179.49,159.5742,1.595742,5.4185028,0.702646545
919,PP,DDGS,70.3168,29.6832,75.6795,11.8668,10.7365,1.4794,0.2378,3.6555,2.5571,89.7803,327.6273,0.2851,4.0071,743.944,20.0047,22.1017,2.107,3.4984,52.2425,392.5038,387.0098,3.870098,6.197749,0.905120421
920,PU,Durian Shell,59.474,40.526,63.5097,8.357,24.2537,3.738,0.1416,2.7179,2.139,87.4156,382.7711,0.4433,7.7275,939.3158,12.8042,19.8879,5.5627,0.1921,61.5279,440.5564,386.4477,3.864477,3.9575008,0.643818603
921,PS,Nectarine Stone,11.4869,88.5131,53.3521,6.4816,39.5202,0.4426,0.2036,1.4829,7.4052,73.917,224.476,0.3721,17.1949,745.9966,8.8122,13.7653,12.5624,1.7683,63.0303,269.0329,219.091,2.19091,3.3191968,0.640174933
922,PU,Plum Stone,9.7295,90.2705,49.9197,6.7635,41.9528,1.194,0.17,19.1513,6.6986,70.6599,198.3097,0.4231,3.4902,829.9268,11.8265,20.5459,9.0324,1.0939,57.4578,249.593,213.0824,2.130824,4.2576616,0.575613626
923,PU,Cocoa Beans Husk,38.6645,61.3355,51.9263,6.8141,37.7728,3.2432,0.2436,4.9068,7.047,79.2921,150.1211,0.2558,8.7541,907.5756,21.3352,28.7164,4.1246,0.9483,44.8024,216.4326,210.7683,2.107683,6.2619594,0.74296221
924,PU,Nectarine Stone,32.6529,67.3471,54.1602,6.8926,37.0286,1.7082,0.2104,1.1108,5.8303,79.4893,190.777,0.2946,13.5696,675.8312,12.1605,19.597,9.3008,3.8776,54.9941,248.479,215.2162,2.152162,5.1707368,0.620528652
925,PU,Cotton Stem,94.0952,5.9048,64.6896,8.1475,22.9703,4.0193,0.1734,0.2755,1.4242,95.5791,290.5658,0.3216,2.7212,893.8293,18.9265,28.3799,1.6279,1.2051,49.8271,377.185,364.2482,3.642482,6.0513552,0.666898051
926,PS,Soy Peel,50.6337,49.3663,67.9086,7.6102,23.0494,1.4318,0,3.666,5.5966,86.2994,319.0175,0.3743,4.438,951.2621,15.7635,26.5883,2.8034,0.3998,54.4441,392.2061,361.5424,3.615424,5.1957122,0.592873557
927,PP,Cotton Stalk,82.8995,17.1005,78.8367,12.6395,8.0726,0.2301,0.2211,3.1468,1.8009,92.3974,550.5413,0.446,2.6549,945.78,16.0901,20.4757,3.1697,0.3214,59.9166,611.7047,564.2329,5.642329,4.4327302,0.785814404
928,PE,Spirulina Sp.,1.3315,98.6685,39.8821,6.1778,46.8112,6.5643,0.5647,1.9529,5.6727,75.5419,152.5903,0.3543,16.8325,972.4135,9.3664,11.7222,14.2786,0.0047,64.3891,190.2745,152.9922,1.529922,2.490251,0.799030899
929,PE,Sugarcane Straw,35.0367,64.9633,58.1078,7.796,33.8293,0.2073,0.0596,7.7901,4.8538,80.8713,236.5053,0.3434,6.4848,791.1414,15.0987,23.6042,5.6289,1.9874,53.6647,298.9755,270.7516,2.707516,5.316278,0.639661586
930,PP,Rice Straw,74.6036,25.3964,76.719,11.8792,11.3476,0.0543,0,1.3238,2.1599,93.5537,503.8058,0.423,2.9626,821.7705,14.7676,20.4208,3.7021,1.4937,59.6137,569.0434,518.7554,5.187554,4.7026662,0.723164616
931,PP,Beetroot Pellets,86.4652,13.5348,79.2501,12.6833,7.8365,0.1611,0.069,0.1095,0.9525,96.7278,476.2072,0.3688,2.2102,876.3145,19.3286,23.3742,1.7431,1.2808,54.2627,555.6728,538.8533,5.388533,5.4911644,0.82692028
932,PS,Banana Stems,98.7878,1.2122,89.5793,8.4599,1.9509,0.0099,0,0.2407,0.1122,99.5048,494.074,0.3801,0.1423,893.5429,13.8952,28.0372,0.6765,1.2477,56.1422,587.0065,540.1368,5.401368,5.4800454,0.495598705
933,PS,Hazelnut Shell,81.9834,18.0166,83.1021,7.9037,8.742,0.2522,0,0.3572,1.5426,96.8746,440.0151,0.3793,1.2256,721.453,9.8337,22.9679,3.9247,2.7174,60.5531,512.9,446.3059,4.463059,4.9288242,0.428149722
934,PP,Sugarcane Straw,71.9747,28.0253,73.6535,11.6388,14.6499,0.0577,0,3.3607,2.0939,91.391,429.9315,0.3863,3.1544,863.0214,17.6037,22.3689,2.8055,1.2345,55.9855,499.2173,471.3923,4.713923,5.161632,0.786972091
935,PE,Cotton Stalk,10.8018,89.1982,50.5357,7.2496,39.82,1.2231,1.1715,16.4141,9.3936,62.504,191.3003,0.3862,11.6883,678.2569,8.7575,13.5384,12.2696,3.035,62.0689,232.3106,190.3498,1.903498,3.7381784,0.646863736
936,PU,Açaí Seed,79.2879,20.7121,61.953,7.8919,26.5284,3.4918,0.1348,2.9432,2.3915,91.6841,292.411,0.3574,2.9812,720.8062,12.8531,23.8762,4.7846,3.0558,55.3991,367.7032,328.7213,3.287213,5.4905124,0.538322681
937,PU,Soy Peel,77.2205,22.7795,60.9871,7.9202,27.0575,3.9039,0.1313,1.6449,3.0457,92.111,354.9348,0.4372,3.1984,880.2761,12.8252,21.5243,5.4908,0.6741,59.4609,422.1266,371.3684,3.713684,4.3385112,0.595847484
938,PET,Cotton Stalk,63.7356,36.2644,56.3943,5.2176,37.4118,0.5075,0.4688,6.6733,3.9529,81.3722,224.0265,0.3774,8.0016,740.3188,8.644,22.0031,9.6627,2.087,57.4785,289.6507,239.8436,2.398436,4.4530886,0.392853734
939,PET,Spirulina Sp.,6.164,93.836,40.6722,6.0005,46.5505,6.242,0.5349,1.8573,5.4079,76.4126,145.5306,0.3337,16.3222,936.8381,10.9485,13.6717,13.82,0.0327,61.3001,187.2799,153.2721,1.532721,2.9167788,0.800814822
940,PE,Soybean Cake,75.8944,24.1056,78.7271,10.0848,8.6603,2.3989,0.129,1.2463,7.9549,88.3803,277.0648,0.2525,2.4185,687.6886,16.578,17.9623,3.7576,4.5128,57.1546,318.6719,300.5588,3.005588,5.6692562,0.922933032
941,PET,Cotton Stem,18.758,81.242,51.265,5.717,41.9019,0.9311,0.1851,3.79,11.8675,65.2341,213.1338,0.418,19.1084,680.4224,4.4121,7.3459,17.5075,1.8049,68.87,250.7992,190.8542,1.908542,2.0482444,0.600620754
942,PE,Chlorella Vulgaris,57.2246,42.7754,71.4877,9.1896,14.6139,4.3763,0.3325,0.8236,3.924,88.3176,308.6568,0.3033,6.9348,763.192,17.0924,25.0121,2.0947,2.8878,52.8485,383.4367,364.7582,3.647582,6.0313362,0.683365251
943,PU,Safflower Seed,57.9232,42.0768,58.88,7.698,29.6285,3.6951,0.0985,0.5919,4.3197,82.7215,296.4835,0.3855,12.3669,969.5349,14.3703,20.506,5.8246,0.1052,59.1721,351.0497,312.2735,3.122735,4.17341,0.700785136
944,PS,Beetroot Pellets,79.8694,20.1306,79.8814,7.8393,11.9371,0.2396,0.1027,0.3226,1.4167,95.6164,358.8212,0.3233,2.6443,916.6889,16.7711,29.3967,0.5725,1.2282,52.0138,446.1428,423.76,4.2376,5.9549586,0.570509615
945,PU,Peach Stone,96.86,3.14,64.9061,8.2386,22.4894,4.1918,0.1741,0.0792,0.7548,97.0222,350.3658,0.3813,2.1438,894.9109,15.887,25.2918,3.0484,0.8575,54.8846,430.7855,397.8569,3.978569,5.2095478,0.628148254
946,PU,Rice Straw,87.4,12.6,63.8073,8.004,24.3424,3.6977,0.1486,0.6568,1.5959,95.1604,311.1951,0.3545,2.5869,949.0454,17.8786,27.1417,2.3381,0.5233,52.0904,393.196,372.2135,3.722135,5.5380844,0.658713345
947,PS,Castor Seed Hull,55.3822,44.6178,69.6894,7.1553,23.0571,0.0982,0,1.0085,1.4588,88.9527,274.8134,0.2991,8.58,912.7165,18.1156,30.0523,1.4425,1.0381,49.3501,357.1117,341.9285,3.419285,6.1147144,0.602802448
948,PU,Elephant Grass,22.2697,77.7303,47.2138,5.886,44.3521,2.5103,0.0379,0.4737,9.2432,77.2514,161.0772,0.3241,13.0317,883.0467,13.4868,20.2889,10.6737,0.5243,55.0121,213.5246,183.0053,1.830053,4.2006752,0.664737862
949,PET,Durian Shell,0.6403,99.3597,60.3219,8.4435,28.0946,3.0406,0.0994,6.6637,4.371,72.1591,197.216,0.2578,16.8062,746.5049,18.9707,22.4458,4.5396,3.0142,50.999,252.725,241.5885,2.415885,5.95609,0.845178163
950,PS,Banana Stems,69.5555,30.4445,74.6008,7.5647,17.5851,0.2494,0,1.2221,2.8175,92.3856,397.1506,0.3995,3.5748,995.6624,14.4866,26.7956,2.3575,0.1603,56.1993,476.4856,434.0676,4.340676,4.9981858,0.540633537
951,PE,Coffee Husk,41.0695,58.9305,60.396,8.2604,31.1875,0.0862,0.0698,1.3357,5.503,85.513,304.468,0.3895,7.6483,707.2992,11.037,18.6865,7.7383,2.864,59.6554,364.0195,313.343,3.13343,4.571807,0.590640302
952,PE,Safflower Seed,63.0515,36.9485,72.5031,9.6101,16.5388,1.2409,0.1072,0.5197,3.488,85.8779,417.6483,0.4007,10.1144,657.9844,9.102,16.7305,6.9402,3.8545,63.3493,476.457,406.1209,4.061209,4.47097,0.544036341
953,PE,Plum Stone,83.7551,16.2449,79.8459,10.4527,9.2141,0.3172,0.17,3.4464,1.195,94.7398,443.5334,0.378,0.6188,877.7122,16.8848,25.5296,1.5707,1.2429,54.7478,526.8078,497.6611,4.976611,5.4852462,0.661381299
954,PU,DDGS,15.3346,84.6654,54.3308,7.3393,32.7619,4.8637,0.7044,10.4267,7.3855,71.5326,184.8741,0.3049,10.6552,900.9943,18.4631,24.3142,4.7356,0.7927,51.5127,241.4131,226.5342,2.265342,5.3413906,0.759354616
955,PU,Sugarcane Straw,62.8631,37.1369,57.2916,7.4185,32.4663,2.7167,0.1069,4.4533,3.1518,87.7552,306.9842,0.4316,4.6397,971.5611,13.2822,22.025,5.8951,0.0973,58.6785,369.0887,324.5194,3.245194,4.244461,0.603051078
956,PE,Soybean Cake,6.2232,93.7768,57.7643,6.8615,26.6383,8.7253,0.0106,4.8483,30.9463,54.8546,220.2982,0.4298,9.3508,672.1426,7.2497,14.91,9.8417,2.892,65.1002,262.0791,214.7326,2.147326,3.6969636,0.486230718
957,PP,Soybean Cake,18.83,81.17,61.4783,7.9437,23.0369,7.541,0,4.1965,26.7861,60.8306,157.2185,0.2562,8.1868,661.3669,13.8393,18.0229,6.3025,5.0067,56.8203,196.308,177.2571,1.772571,5.5579284,0.767873095
958,PP,Castor Seed Hull,18.6228,81.3772,51.9268,7.0469,40.8473,0.179,0,1.6373,2.6606,79.9602,169.9623,0.2695,15.7419,792.3477,16.8156,21.4202,8.374,2.0096,51.3775,224.3928,203.2975,2.032975,5.2344668,0.785034687
959,PS,Cotton Stem,61.0622,38.9378,74.0594,7.5389,17.8695,0.4435,0.0887,1.9386,5.669,83.6926,416.6781,0.4385,8.6998,672.5521,6.8962,17.6648,7.8624,2.9432,64.6153,479.5895,396.2818,3.962818,4.02422,0.390392192
960,PU,Cotton Stem,46.1008,53.8992,56.558,7.0707,33.6201,2.5501,0.2012,2.5144,8.1238,76.6324,185.1734,0.2781,12.7294,826.823,17.8439,25.0898,5.0926,1.6846,50.2318,246.0469,229.8855,2.298855,5.6915428,0.711201365
961,PU,Sugarcane Straw,56.2246,43.7754,55.7904,7.2645,34.398,2.4516,0.0956,5.2493,3.608,85.94,272.893,0.4049,5.2027,880.7845,13.4837,22.0605,6.4432,0.6851,57.3056,335.5029,295.3967,2.953967,4.4811284,0.611214614
962,PP,Cotton Stalk,30.7949,69.2051,58.351,8.9511,30.8718,0.9314,0.8947,12.735,7.2881,70.7562,206.6493,0.3041,9.2207,751.1248,17.5071,22.5497,4.8892,2.8348,52.0083,261.4382,245.0173,2.450173,5.7468874,0.7763784
963,PP,Beetroot Pellets,69.3311,30.6689,71.2621,11.2063,17.0101,0.365,0.1564,0.2481,2.1583,93.2184,421.8142,0.3845,4.3752,885.6795,17.8312,22.3134,2.9788,0.9716,55.8803,491.2054,463.7978,4.637978,5.0850908,0.799125189
964,PE,Plum Stone,4.35,95.65,49.8626,6.8001,42.3261,0.8413,0.17,20.2926,7.0359,69.126,159.5383,0.3471,3.5455,769.7572,13.862,23.7152,7.9551,2.2654,52.1527,213.949,188.7021,1.887021,5.2962244,0.584519633
965,PP,Peach Stone,39.4474,60.5526,58.4107,9.6783,29.3433,2.386,0.1817,1.5268,3.3506,81.414,213.0687,0.2568,13.7086,811.5638,23.3323,23.0522,3.4677,2.177,47.9235,274.5495,276.6567,2.766567,6.2038316,1.012150684
966,PU,Cotton Husk,41.8174,58.1826,56.7941,8.3488,32.2142,2.5718,0.0711,1.6408,3.7403,86.3388,252.9617,0.3357,8.2801,672.2149,12.4564,19.3771,7.3967,4.1096,56.6365,315.3448,277.551,2.77551,5.2580426,0.642841292
967,PP,Sorghum Stalk,96.2618,3.7382,84.0702,13.5885,2.2275,0.0486,0.0652,0.1894,0.3744,98.156,626.5287,0.4452,1.2802,692.4582,11.1162,17.3168,4.8453,3.2075,63.5019,689.343,605.5855,6.055855,4.5307514,0.641931535
968,PET,Cocoa Pod Husk,12.643,87.357,40.4967,5.4399,52.4784,1.3928,0.1922,9.4056,10.7944,69.8894,135.1972,0.3952,9.9106,701.8391,6.8254,11.3774,19.4932,2.1621,60.0616,181.3241,139.6511,1.396511,2.9447274,0.599908591
969,PU,Coffee Husk,90.4991,9.5009,63.493,8.0835,24.4687,3.801,0.1538,0.2153,1.4301,95.7745,387.6269,0.4395,2.5801,843.6053,12.1974,21.4081,5.3797,1.0374,59.9503,458.5767,401.8262,4.018262,4.386129,0.569756307
970,PS,Castor Seed Hull,58.2605,41.7395,71.0126,7.2419,21.6537,0.0918,0,0.9563,1.3647,89.6525,406.9834,0.4312,8.0265,783.1586,9.4621,20.5956,6.3721,1.5391,62.0294,474.2159,402.8029,4.028029,4.1679502,0.459423372
971,PE,Rice Husk,73.4399,26.5601,76.1761,9.2325,14.1225,0.3204,0.1486,1.1421,2.0983,92.6281,369.3488,0.3391,4.1315,908.4272,18.3225,27.5252,1.1262,1.1051,51.8965,454.5352,437.2822,4.372822,5.842631,0.665662738
972,PU,Hazelnut Shell,12.3239,87.6761,52.6363,5.583,40.0148,1.745,0.021,0.9404,7.581,85.3306,145.7135,0.2565,6.148,953.4757,19.6139,33.3537,3.6165,0.5521,42.8563,221.2158,211.6594,2.116594,6.5185192,0.588057697
973,PET,Castor Seed Hull,68.3336,31.6664,56.489,4.6998,38.7206,0.0906,0,0.6371,1.1788,88.6096,187.0062,0.2976,9.5745,864.9853,13.1314,29.9847,6.1993,1.0048,49.6786,262.6965,231.1774,2.311774,5.5559818,0.437936681
974,PS,Corn Cobs,40.6612,59.3388,64.9218,7.0746,27.695,0.3086,0,0.4394,8.1847,81.5543,294.2034,0.3722,9.8216,872.6088,13.4343,23.6488,5.1187,0.8443,56.9526,357.4355,317.4432,3.174432,4.7329126,0.568075336
975,PET,Sorghum Bagasse,57.5988,42.4012,64.7807,6.161,28.9473,0.0515,0.0594,2.5745,3.9513,84.5129,296.764,0.3836,8.9613,697.0887,8.3334,21.2449,7.9183,2.7832,59.7039,364.5667,305.1282,3.051282,4.5732502,0.392254141
976,PS,Coffee Husk,22.4316,77.5684,53.2513,6.7244,40.0243,0,0,1.803,7.2435,80.8971,254.6817,0.4196,10.0564,699.8737,7.9296,14.608,12.3594,2.456,62.6437,307.6316,249.5187,2.495187,3.5762528,0.542825849
977,PS,Spirulina Sp.,43.9695,56.0305,61.6583,7.1596,27.1368,3.726,0.3194,1.1969,3.2214,86.0232,261.7438,0.3287,9.5585,943.7214,17.2335,26.1088,3.4119,0.4562,52.7197,332.4484,310.122,3.10122,5.3142464,0.660064806
978,PU,Sugarcane Straw,80.2425,19.7575,61.2219,7.8216,27.4092,3.4109,0.1364,2.3692,1.9576,92.5076,219.7965,0.2704,3.1656,961.1069,22.9662,31.4084,0.7585,0.9365,43.8999,308.189,313.238,3.13238,6.773075,0.731212032
979,PE,Cherry Stone,80.9822,19.0178,78.8654,10.251,10.4579,0.2518,0.1738,0.1933,1.4413,94.3242,383.2245,0.3229,4.0412,853.0689,18.8779,26.9319,0.8778,1.9071,51.3781,470.5213,458.17,4.5817,6.1149744,0.700949432
980,PS,Elephant Grass,60.4294,39.5706,71.0957,7.1924,20.9102,0.8018,0,0.362,4.6375,88.5353,260.1174,0.2827,6.4652,704.8231,12.9052,23.1781,4.7714,3.5322,55.6083,321.3955,288.1778,2.881778,5.5787298,0.556784206
981,PP,Banana Stems,46.3699,53.6301,60.5689,9.3368,29.6549,0.4393,0,1.9078,4.9633,86.5998,212.0756,0.2574,6.5291,811.8978,23.2769,27.5766,2.1545,2.3967,44.5917,287.4587,292.6214,2.926214,6.8465754,0.844081576
982,PE,Coffee Husk,16.1887,83.8113,49.5943,7.0193,43.3248,0.034,0.0275,1.8996,7.8265,79.4049,240.3777,0.4285,10.869,848.8438,10.5426,15.6512,11.2167,0.5851,61.996,286.6722,238.0091,2.380091,3.3201178,0.673596913
983,PP,Cotton Stem,72.1676,27.8324,75.3141,11.6753,12.6302,0.317,0.0634,1.2984,4.0521,88.0701,426.2637,0.3735,6.5794,892.3141,18.4807,22.3334,2.5369,0.9589,55.6795,493.0734,470.2946,4.702946,5.1532102,0.82749156
984,PET,Cocoa Pod Husk,35.8054,64.1946,46.2433,5.1466,47.4373,1.0317,0.1412,6.9117,7.988,76.4652,189.9928,0.4431,8.6351,674.5754,5.3509,11.9382,17.7388,2.3709,62.5531,244.1382,187.5414,1.875414,2.9308926,0.448216649
985,PET,Rice Straw,71.0109,28.9891,58.8588,4.8427,36.2149,0.0837,0,1.5111,2.6146,89.2968,218.2593,0.3333,6.5775,722.598,9.4226,27.4192,7.2011,2.6198,53.3345,295.9762,251.2788,2.512788,5.4103484,0.343649705
986,PET,Plum Stone,12.5937,87.4063,49.9768,6.3146,42.7957,0.7643,0.1486,18.5437,6.456,71.1189,126.0684,0.2744,3.8814,707.7752,14.7286,27.8478,7.2395,3.8692,46.2626,186.7655,168.2494,1.682494,6.4846852,0.528896358
987,PP,Soybean Cake,36.6835,63.3165,66.7751,9.2428,18.0997,5.8824,0,3.2735,20.8945,69.3359,288.3518,0.3764,6.4961,852.3125,15.8892,22.4406,3.4657,1.2432,56.9595,343.5216,317.0247,3.170247,4.9886148,0.708055934
988,PU,Durian Shell,44.4779,55.5221,62.7029,8.3855,25.2134,3.567,0.1311,3.7236,2.7086,83.5321,332.7746,0.3971,10.0357,654.0822,8.7281,15.7734,8.5535,3.7667,63.1461,389.7638,327.6612,3.276612,4.2785618,0.55334297
989,PS,Coffee Husk,11.3446,88.6554,47.9701,6.471,45.5588,0,0,2.0321,8.2788,78.1953,173.8697,0.3373,11.4938,878.4775,14.236,20.5251,10.1034,0.6206,54.5137,225.7922,195.7526,1.957526,4.3458254,0.6935898
990,PET,Chlorella Vulgaris,24.373,75.627,54.5543,5.972,31.5254,7.5323,0.4159,1.4562,6.9888,78.0715,245.7297,0.3873,13.4835,688.666,7.4938,14.9374,11.1182,2.5908,63.7475,301.324,245.2443,2.452443,3.6189492,0.501680346
991,PP,Cotton Husk,92.0659,7.9341,82.7704,13.4174,3.7009,0.1112,0,0.2237,0.4758,97.796,389.2207,0.2824,1.5045,811.3091,23.0906,23.0175,0.9965,2.638,50.2537,463.6159,475.5178,4.755178,6.3383938,1.003175844
992,PS,Chlorella Vulgaris,80.4358,19.5642,82.7464,8.1063,7.0931,1.9466,0.1076,0.5376,1.7947,94.5012,323.0058,0.2774,3.1665,655.7451,10.3195,15.3561,6.1519,4.3311,63.8111,360.2853,313.044,3.13044,4.5999084,0.672013076
993,PET,Olive Pomace,69.0537,30.9463,60.2532,4.9148,34.6272,0.1731,0.0317,1.5187,2.4373,89.5423,193.3227,0.2842,6.5017,779.8069,12.9072,32.968,3.7934,2.2452,48.0753,275.5303,247.0767,2.470767,6.3517272,0.391506916
994,PET,Nectarine Stone,57.8517,42.1483,56.4378,5.1287,38.1082,0.2284,0.0969,0.6952,3.6477,84.5188,168.0495,0.2675,11.1383,734.3476,12.6118,28.5006,7.0541,2.8029,48.9964,240.1533,210.8569,2.108569,5.9565882,0.442509982
995,PS,Soybean Cake,62.9677,37.0323,77.4952,7.7847,11.2797,3.4404,0,2.0405,12.2206,82.0468,288.8497,0.3045,3.6921,734.5031,13.2902,23.6433,3.107,2.9827,56.973,347.4327,315.3138,3.153138,5.482204,0.562112734
996,PP,Peach Stone,58.6128,41.3872,67.0037,10.9987,20.2426,1.6308,0.1242,1.0436,2.2901,87.1384,437.6272,0.4293,9.5279,822.8838,13.7289,17.0902,5.5921,1.2615,62.3059,486.7171,433.1097,4.331097,4.0877034,0.803320031
997,PP,Sorghum Stalk,70.2872,29.7128,73.7181,11.7714,13.6054,0.3866,0.5186,1.5053,2.9758,88.8174,293.3268,0.2588,6.7015,705.7428,20.0203,19.7204,3.0009,4.4241,52.7256,347.3222,341.9843,3.419843,6.2307906,1.015207602
998,PS,Sorghum Stalk,42.9044,57.0956,64.7958,7.559,25.9058,0.7428,0.9965,2.9783,5.7183,79.1013,224.1537,0.2761,12.2021,659.5422,11.7935,18.6952,7.3992,4.6087,57.2321,275.5529,241.316,2.41316,5.2792078,0.630830374
999,PET,Cotton Husk,61.0148,38.9852,57.5815,5.9182,35.9352,0.5651,0,1.0994,2.4662,88.192,274.0149,0.4024,8.2424,909.0342,11.4049,22.7407,7.4887,0.3366,58.0283,339.72,290.5701,2.905701,4.2175602,0.501519302
1000,PE,Durian Shell,36.551,63.449,69.6926,9.4678,18.6956,2.0183,0.1256,4.2553,2.7904,82.2358,352.5799,0.3644,10.7185,741.0186,13.5126,20.2862,4.7909,2.5704,58.8142,412.552,370.4778,3.704778,4.9356252,0.666098136
1001,PP,Cocoa Beans Husk,90.3666,9.6334,81.4841,13.0832,5.1505,0.2543,0.0279,0.7707,1.0704,96.4226,536.1804,0.4029,1.7363,793.4136,15.7886,21.0282,2.8543,1.9951,58.3276,607.641,564.5264,5.645264,5.0689678,0.750829838
1002,PP,Cocoa Beans Husk,7.6669,92.3331,46.4939,6.5003,44.3005,2.4376,0.2678,7.3866,10.2592,70.0048,177.0042,0.3782,12.3494,999.7373,12.1489,18.1723,10.2909,0.0134,59.2903,219.8964,185.9623,1.859623,3.6065882,0.66853948
1003,PP,Coconut Shell,19.5735,80.4265,53.755,7.5692,38.523,0.1528,0,3.0562,11.501,81.404,175.8004,0.2897,4.0388,880.3313,20.529,28.6084,3.8676,1.2421,45.751,243.7648,236.0624,2.360624,6.2664622,0.717586443
1004,PET,Nectarine Stone,11.5031,88.4969,50.1344,6.003,43.213,0.446,0.2035,1.4597,7.428,73.3339,143.1751,0.2649,17.7784,913.2717,16.3533,22.2081,9.5007,0.4159,51.4452,193.0261,171.4424,1.714424,4.7132692,0.736366461
1005,PS,Coconut Shell,97.2941,2.7059,89.0048,8.4305,2.5596,0.0051,0,0.2974,0.3869,99.1831,500.8114,0.3896,0.1326,992.0183,15.0376,28.7174,0.3674,0.5585,55.3184,597.3239,555.651,5.55651,5.4423962,0.52364072
1006,PS,Elephant Grass,62.6688,37.3312,72.1769,7.2662,19.8005,0.7564,0,0.3528,4.375,89.1729,358.1618,0.3804,6.0993,983.5089,14.8353,26.8439,2.5616,0.2077,55.5508,434.3953,396.7511,3.967511,5.0589004,0.552650695
1007,PU,Rubber Wood,80.8834,19.1166,62.8735,7.9485,25.6049,3.4356,0.1375,0.9247,1.8189,93.2061,309.2891,0.3613,4.0503,696.9855,11.7312,22.6364,5.3794,3.4663,56.7545,384.4994,339.1687,3.391687,5.3600914,0.518244951
1008,PE,Coconut Shell,2.0942,97.9058,46.8516,6.1486,46.8058,0.1904,0.0036,3.7204,14.0005,77.4813,148.379,0.3291,4.7978,769.0132,13.6018,23.9708,9.7728,2.2022,50.4485,207.876,180.7623,1.807623,5.2777028,0.567432042
1009,PP,Banana Stems,56.719,43.281,65.3915,10.2077,24.0462,0.3546,0,1.5397,4.0055,89.0891,331.8173,0.3537,5.3657,766.0554,16.426,22.057,4.0594,2.4422,55.0116,398.5441,370.6772,3.706772,5.4274976,0.744706896
1010,PE,Soybean Cake,53.8539,46.1461,72.0955,9.0651,14.3476,4.4002,0.0916,2.3858,15.2282,77.7745,395.0092,0.4453,4.6115,804.0759,11.3313,20.0047,4.9866,1.4378,62.2243,451.9821,394.2965,3.942965,4.259105,0.566431889
1011,PS,Rubber Wood,26.8236,73.1764,61.4833,7.0692,31.3002,0.1474,0,3.5933,5.1053,80.41,325.3777,0.4392,10.8914,794.2991,9.146,17.1311,9.0519,1.2366,63.4328,378.5257,314.9909,3.149909,3.5889894,0.533882821
1012,PE,Beetroot Pellets,88.4299,11.5701,80.5374,10.5093,8.4206,0.3234,0.2093,0.0936,0.8142,97.5547,491.2698,0.3988,1.5375,866.05,15.5523,24.1272,2.217,1.1935,56.8817,572.3894,530.5244,5.305244,5.1469486,0.64459614
1013,PS,DDGS,58.5485,41.4515,74.4791,7.9465,15.1765,2.0659,0.3321,5.2219,3.5708,86.1025,430.0066,0.4449,5.1048,927.93,12.0336,22.7509,4.0361,0.3216,60.8085,496.4853,436.4975,4.364975,4.281375,0.528928526
1014,PET,Pistachio Soft Shell,5.199,94.801,46.3951,5.4962,46.4575,1.6511,0,18.5051,9.4436,57.5755,170.7386,0.4462,14.4758,797.7304,6.0519,10.2559,16.8112,0.5137,66.3665,206.673,159.3665,1.593665,2.1297532,0.590089607
1015,PP,Cotton Stem,50.1838,49.8162,67.2213,9.9576,22.1403,0.5674,0.1135,2.324,7.2528,79.042,361.3879,0.3937,11.3812,792.3277,13.6968,18.3996,5.6083,1.7186,60.5546,411.6594,366.9579,3.669579,4.4128628,0.744407487
1016,PS,Rice Husk,58.8834,41.1166,73.2881,6.5625,19.8554,0.2572,0.0368,1.8858,3.2482,88.4929,364.4677,0.3931,6.3731,896.7147,12.2202,26.3484,3.3625,0.6739,57.3878,440.2447,390.1304,3.901304,4.8809362,0.463792868
1017,PU,Sorghum Bagasse,18.779,81.221,67.832,8.5752,22.5933,0.8537,0.1457,4.9315,7.4498,75.8001,367.0366,0.4296,11.8186,737.2694,9.4812,16.376,7.7233,2.0848,64.3065,415.8154,351.2344,3.512344,3.833704,0.578969223
1018,PS,Cotton Stalk,35.7096,64.2904,61.9403,7.3875,28.9758,0.8652,0.8311,11.902,6.7705,72.9046,203.2365,0.2961,8.4229,854.9271,18.0692,27.7949,3.0621,1.4835,49.4002,267.5067,253.6496,2.536496,5.984724,0.650090484
1019,PS,Peach Stone,16.9003,83.0997,49.0857,7.2203,40.1702,3.2745,0.2493,2.1292,4.5982,74.7302,158.8223,0.2679,18.5424,893.8823,18.6574,19.5586,8.0378,0.6419,53.0164,204.9761,188.4749,1.884749,4.709183,0.953923082
1020,PE,Peach Stone,81.9388,18.0612,77.8062,10.4343,10.6822,0.8838,0.1935,0.4554,0.9994,94.4987,512.2216,0.4333,4.0465,922.5389,14.7015,21.93,3.2617,0.473,59.6088,581.4668,528.5667,5.285667,4.520276,0.670383037
1021,PP,Cocoa Pod Husk,80.6465,19.3535,76.2316,12.2533,11.1648,0.3077,0.0426,2.0838,2.3856,93.0746,385.5972,0.325,2.456,968.9921,23.5007,25.8306,0.7093,0.7746,49.1776,471.1804,481.711,4.81711,6.070038,0.909800779
1022,PET,Rubber Wood,0.0998,99.9002,50.9679,6.5436,42.2873,0.2012,0,4.8324,6.9699,73.3238,185.2681,0.3351,14.8739,796.488,12.169,17.7787,10.9419,1.4719,57.6365,232.8628,197.5306,1.975306,4.0813084,0.684470743
1023,PP,Soybean Cake,29.8621,70.1379,64.7514,8.7465,19.9861,6.5161,0,3.6261,23.1455,66.0863,245.9677,0.3485,7.1421,948.2677,18.6176,24.64,2.5085,0.4908,53.7419,302.238,288.0869,2.880869,5.2910472,0.755584416
1024,PS,Hazelnut Shell,32.4029,67.5971,63.5678,6.271,29.2149,0.9463,0,0.7899,5.7879,88.8237,316.1296,0.4148,4.5985,920.2484,11.9322,24.9078,5.1619,0.3681,57.6292,387.3261,337.9054,3.379054,4.5588402,0.479054754
1025,PS,Banana Stems,71.7621,28.2379,75.7315,7.6322,16.405,0.2313,0,1.1481,2.6133,92.9229,428.567,0.4216,3.3157,873.8426,12.0795,24.7365,3.4942,0.8501,58.8387,505.5295,447.343,4.47343,4.7257208,0.488326966
1026,PP,Açaí Seed,5.0443,94.9557,49.56,6.7819,42.9167,0.7414,0,13.4932,8.7834,69.4465,173.3112,0.3579,8.2769,671.5414,9.8981,17.2383,11.8633,3.572,57.4226,223.3594,186.0475,1.860475,4.5197966,0.574192351
1027,PET,Hazelnut Shell,16.3556,83.6444,52.6608,5.0616,41.1017,1.1759,0,0.8972,7.1962,85.3823,242.9671,0.4415,6.5243,892.1155,8.9517,20.887,10.2962,0.277,59.5875,306.5713,251.7083,2.517083,3.6977116,0.428577584
1028,PP,Soybean Cake,11.8886,88.1114,59.4189,7.4387,24.9565,8.1859,0,4.5554,29.0768,57.5237,193.2791,0.3457,8.8441,948.543,17.0989,24.4087,3.5429,0.3796,54.5689,242.3582,225.5098,2.255098,5.0580742,0.700524813
1029,PE,Hazelnut Shell,45.6442,54.3558,66.8584,7.9408,24.2665,0.8568,0.0776,0.583,4.6541,91.0561,235.5361,0.2668,3.7068,794.578,18.9766,29.0973,1.7476,2.6436,47.5149,314.1755,305.6012,3.056012,6.6621414,0.65217735
1030,PU,Elephant Grass,24.6018,75.3982,47.7682,5.9578,43.6713,2.561,0.0418,0.4595,8.9839,77.8712,178.8966,0.3514,12.6854,897.7907,12.5128,19.3112,10.701,0.3327,57.1278,230.4872,195.4463,1.954463,3.9037002,0.647955591
1031,PS,Cherry Stone,48.5185,51.4815,68.7684,7.3196,23.5928,0.2214,0.0978,0.6204,3.9016,84.5822,236.6161,0.2651,10.8958,682.4958,12.9799,21.2527,5.9439,4.1184,55.674,292.3957,261.137,2.61137,5.5540566,0.610741223
1032,PE,Soybean Cake,53.2665,46.7335,71.9187,9.0379,14.4992,4.4536,0.0906,2.4161,15.4221,77.4918,391.4383,0.4439,4.67,778.4403,10.8534,19.6501,5.2469,1.7266,62.5074,448.2445,389.0479,3.890479,4.2662026,0.552333067
1033,PS,Elephant Grass,18.0085,81.9915,50.6149,5.7938,41.9301,1.6613,0,0.5357,9.609,76.4592,187.2823,0.3493,13.3961,770.65,10.1735,17.7786,11.956,1.6718,58.4181,240.1934,198.8052,1.988052,3.937346,0.572232909
1034,PU,Coffee Husk,36.1527,63.8473,50.9261,6.9595,40.5345,1.5184,0.0615,1.4471,6.1791,83.5576,247.4472,0.4145,8.8162,788.433,10.5138,16.9305,10.4546,1.4217,60.6619,301.3614,252.2058,2.522058,3.777702,0.620997608
1035,PET,Durian Shell,14.9852,85.0148,60.5887,7.8502,28.8701,2.606,0.085,5.7016,3.7703,75.412,252.4811,0.3326,15.1161,948.8105,17.1101,22.1507,4.8455,0.2891,55.5844,306.009,282.1874,2.821874,4.7423768,0.7724406
1036,PE,Coffee Husk,4.2825,95.7175,44.4254,6.4254,49.1329,0.009,0.0073,2.1694,8.9383,76.4821,154.1848,0.3353,12.4102,906.3361,14.0238,18.8326,11.8308,0.2829,55.0263,201.2334,171.9853,1.719853,3.9887562,0.744655544
1037,PP,Banana Stems,61.5357,38.4643,67.636,10.6131,21.4358,0.3151,0,1.3683,3.5598,90.2477,395.4164,0.3985,4.8242,783.5071,14.6586,20.201,4.6682,1.9784,58.4909,457.8887,415.3162,4.153162,4.836722,0.725637345
1038,PU,Cherry Stone,16.8871,83.1129,51.4611,6.5596,40.7261,1.0666,0.1866,0.8449,6.4001,74.913,187.2719,0.3166,17.842,907.1424,14.2648,18.8812,9.4687,0.3279,56.9967,233.5689,203.0467,2.030467,4.0370178,0.755502828
1039,PET,Rubber Wood,48.3285,51.6715,56.3759,5.4767,38.0286,0.1189,0,2.4995,3.7065,83.6386,219.6415,0.3501,10.1554,872.9018,12.1718,24.5613,7.6565,0.7257,54.8836,284.952,245.7817,2.457817,4.6690788,0.495568231
1040,PU,Sugarcane Straw,71.4991,28.5009,59.2446,7.6188,29.9534,3.0616,0.1215,3.4177,2.5584,90.1167,330.4174,0.4342,3.9072,792.9305,11.0754,20.0484,6.9984,1.5335,60.319,395.4931,340.0211,3.400211,4.2712346,0.552433112
1041,PET,Pistachio Soft Shell,90.0133,9.9867,60.5081,4.4561,34.8345,0.2013,0,1.9494,1.1827,90.7802,258.1779,0.3837,6.0877,736.0809,7.4621,25.1027,8.2711,2.0539,57.1082,336.4198,277.738,2.77738,4.7041432,0.297262844
1042,PS,Cocoa Beans Husk,46.0402,53.9598,64.8661,7.0903,26.4626,1.4245,0.1565,4.4089,5.9955,82.401,346.2987,0.443,7.1946,721.0398,8.0524,18.0275,8.4152,2.2074,63.2657,406.6733,337.5635,3.375635,3.9313734,0.446673138
1043,PU,Sorghum Bagasse,83.902,16.098,66.1146,8.3385,21.845,3.5368,0.1652,0.9774,1.9575,93.5281,371.4222,0.4042,3.537,709.1371,10.662,20.8276,5.7174,2.8795,59.8805,443.6814,385.2703,3.852703,4.8066346,0.51191688
1044,PU,Chlorella Vulgaris,32.9576,67.0424,56.5789,7.0866,27.8547,8.0549,0.4248,1.2909,6.3478,81.0193,180.1829,0.2535,11.342,868.0257,20.9288,27.5371,2.6761,1.4538,47.2907,251.0382,246.4399,2.464399,6.2504454,0.760021934
1045,PET,Cocoa Beans Husk,4.3785,95.6215,44.0784,5.8219,47.2967,2.5257,0.2773,7.6497,10.6338,68.7437,172.4894,0.4184,12.9728,701.6223,5.9938,9.4351,17.6105,1.8993,64.9624,214.5391,165.5297,1.655297,2.5161024,0.635266187
1046,PET,Sunflower Seed Hulls,9.8649,90.1351,74.6357,3.2217,20.7876,1.355,0,0.9014,9.4849,74.058,333.3278,0.425,15.5557,835.4246,4.965,22.6154,7.7336,0.5207,64.1648,398.7138,320.3519,3.203519,3.572171,0.219540667
1047,PP,Spirulina Sp.,39.2956,60.7044,57.4539,9.1515,29.0118,4.0368,0.346,1.2015,3.4901,84.7561,248.4874,0.3086,10.5523,896.1235,20.8796,22.9152,3.7372,0.9438,51.4461,311.3311,302.4278,3.024278,5.4801924,0.911168133
1048,PS,Elephant Grass,64.4649,35.5351,73.0441,7.3254,18.9105,0.72,0,0.3455,4.1645,89.6841,394.4616,0.4114,5.8059,836.5314,11.447,23.8274,4.284,1.1627,59.2776,467.2161,409.3451,4.093451,4.654775,0.480413306
1049,PU,Rice Husk,46.5433,53.4567,56.8044,5.8809,34.8985,2.2892,0.1269,2.2986,4.5023,84.2199,251.4734,0.3849,8.9792,880.0607,11.6778,22.7541,7.3704,0.5959,57.5703,315.4708,271.0611,2.710611,4.3415512,0.513217398
1050,PS,Açaí Seed,93.4836,6.5164,87.4275,8.3608,4.1608,0.0509,0,1.1129,0.6028,97.718,355.8378,0.2857,0.5663,680.817,11.2832,17.8089,4.8908,3.8119,62.1996,398.0331,351.1715,3.511715,4.8271672,0.633570855
1051,PET,Sugarcane Straw,32.7361,67.2639,49.3262,5.4276,45.0976,0.1485,0,8.0659,5.0944,78.463,180.2719,0.3719,8.3767,751.1514,9.3868,19.5841,12.5108,1.9561,56.5598,238.826,195.7998,1.957998,4.1816548,0.479307193
1052,PS,Cotton Stalk,42.7728,57.2272,65.0451,7.5094,25.9355,0.7702,0.7398,10.6164,6.0267,75.8594,230.5322,0.3089,7.4975,785.0536,15.8114,27.1708,3.1571,2.3126,51.388,297.6093,276.3364,2.763364,5.9590628,0.581926185
1053,PE,Sorghum Bagasse,81.6073,18.3927,82.7332,10.7298,6.1864,0.1861,0.1645,1.1168,1.6615,94.5924,534.4615,0.4276,2.6293,670.7869,8.9317,17.2725,5.8753,3.4735,64.4206,595.8043,509.4027,5.094027,4.3844716,0.517105225
1054,PS,Corn Cobs,56.9331,43.0669,71.8537,7.4647,20.4576,0.2239,0,0.3737,5.9403,86.5577,370.9044,0.4005,7.1283,764.5349,10.5689,22.5416,5.1752,1.9667,59.7452,439.875,381.299,3.81299,4.6857614,0.468862015
1055,PU,Corn Cobs,69.3948,30.6052,60.1535,7.6128,29.042,3.0737,0.118,0.1847,4.6377,89.078,332.8113,0.425,6.0996,875.0747,12.5364,20.9216,6.1424,0.6785,59.6973,396.1472,346.0849,3.460849,4.2329558,0.599208474
1056,PU,Peach Stone,15.0841,84.9159,44.49,7.1597,44.0904,3.9796,0.2804,2.1412,4.7891,73.8973,198.3541,0.3778,19.1724,711.4566,7.2912,7.3667,15.0049,1.7906,68.444,230.1236,182.2003,1.822003,2.3566886,0.989751178
1057,PS,Plum Stone,40.4303,59.5697,65.1928,7.367,26.8207,0.5183,0.1013,12.7189,4.3819,80.6917,296.8816,0.4035,2.2075,871.1198,13.3086,25.0855,4.287,0.9208,56.3785,363.0316,323.8049,3.238049,4.9277482,0.530529589
1058,PET,Pistachio Soft Shell,86.2615,13.7385,59.8838,4.5021,35.3486,0.2654,0,2.6818,1.5481,89.3114,201.2525,0.3059,6.4587,695.4859,8.5565,26.7075,8.11,3.0861,53.5365,275.4445,231.0931,2.310931,5.3940708,0.320378171
1059,PU,Olive Pomace,65.6053,34.3947,62.349,7.5686,27.0113,2.9244,0.1467,1.6879,2.9413,91.0813,231.96,0.2843,4.2895,948.3981,21.3084,30.7692,1.1529,0.8713,45.8658,317.2402,315.2612,3.152612,6.4901518,0.692523693
1060,PS,Nectarine Stone,43.5767,56.4233,66.7112,7.2122,25.6647,0.2821,0.1298,1.0178,4.7205,83.3007,366.4734,0.4324,10.961,678.606,7.0709,15.9538,9.5037,2.7415,64.7018,424.8551,347.9518,3.479518,3.755293,0.443211022
1061,PP,Chlorella Vulgaris,93.4076,6.5924,83.3542,13.3655,2.5881,0.6559,0.0363,0.1269,0.6048,97.7343,541.3515,0.3901,1.534,847.2628,17.7281,22.2351,2.0197,1.4913,56.5195,618.5743,588.7729,5.887729,5.2501428,0.797302463
1062,PP,Rubber Wood,35.6222,64.3778,63.2831,9.1477,27.4395,0.1297,0,3.1141,4.4914,82.6346,234.0516,0.2756,9.7599,668.9882,14.9911,19.5325,6.0384,4.9234,54.5065,288.1419,263.7032,2.637032,5.842711,0.7674952
1063,PET,Peach Stone,76.6862,23.3138,57.1701,4.9461,36.8718,0.9421,0.0699,0.5879,1.4511,88.8479,175.3139,0.2694,9.1131,893.4312,15.7897,32.653,4.1,0.9493,46.4861,254.23,233.0516,2.330516,6.159415,0.483560469
1064,PE,Plum Stone,31.3133,68.6867,60.0439,8.0404,31.0823,0.6633,0.17,14.5722,5.0525,77.8236,301.9174,0.4499,2.5517,829.0491,11.671,20.2877,6.7591,1.1254,60.1242,357.3282,308.9128,3.089128,4.2196114,0.575274674
1065,PET,Cocoa Pod Husk,69.588,30.412,54.6247,4.7187,40.0848,0.5048,0.0669,3.2744,3.8948,86.0561,161.2511,0.2827,6.7747,992.1047,16.061,33.7547,4.2538,0.1945,45.7153,237.4872,217.3088,2.173088,6.0573112,0.47581522
1066,PET,Cotton Stalk,0.9097,99.0903,46.3884,6.749,44.2477,1.3338,1.281,18.2344,10.4372,58.2999,128.2111,0.3068,13.0285,967.9066,16.761,21.388,8.6929,0.1029,52.6202,168.8554,151.0275,1.510275,4.5419142,0.783663737
1067,PE,Castor Seed Hull,71.2575,28.7425,73.98,9.5588,16.1272,0.2129,0.1211,0.5783,0.9397,92.9406,346.8627,0.3194,5.5414,725.2154,15.0751,23.1928,3.2652,3.3323,55.1099,417.6961,386.5862,3.865862,5.743367,0.649990514
1068,PE,Cherry Stone,41.9438,58.0562,64.2612,8.303,26.9165,0.3377,0.1816,0.5902,4.3998,82.7143,236.4394,0.2757,12.2957,669.0484,13.7026,19.8185,6.4301,4.6528,55.3425,292.0746,262.6599,2.626599,5.6427142,0.691404496
1069,PU,Beetroot Pellets,98.9526,1.0474,65.4098,8.2481,22.0001,4.1685,0.1736,0.0085,0.6673,97.7123,286.6471,0.3087,1.6119,697.5243,13.6244,21.9601,4.7842,3.7832,55.8059,355.1471,321.1749,3.211749,5.5927934,0.620416118
1070,PU,Sorghum Bagasse,72.6446,27.3554,66.4114,8.3794,21.9743,3.073,0.1618,1.6609,2.9069,90.4636,234.0042,0.2578,4.9686,843.9226,21.4934,29.1777,1.0236,2.1965,46.0721,315.5928,316.817,3.16817,6.7840244,0.736637912
1071,PS,Rubber Wood,49.5902,50.4098,70.4177,7.5134,21.9673,0.1015,0,2.5376,3.5169,86.4427,240.8344,0.2648,7.5028,732.6943,15.6539,25.6424,3.4264,3.3298,51.943,306.0176,284.7028,2.847028,6.113632,0.610469379
1072,PP,Colza seed,28.1562,71.8438,55.8454,8.5695,31.7056,3.8796,0,6.5769,5.8109,73.5781,179.5061,0.2567,14.0341,695.7635,17.8607,21.1605,5.6907,4.2105,51.0702,234.4826,221.0602,2.210602,6.1025376,0.844058505
1073,PET,Cocoa Beans Husk,98.6391,1.3609,61.9124,4.3548,33.6627,0.0661,0.0039,0.1089,0.3584,94.3207,232.7624,0.3284,5.212,771.4854,9.8226,31.5389,4.7159,2.0046,51.9152,318.9848,275.2739,2.752739,5.752389,0.311443963
1074,PE,Rice Husk,44.8404,55.1596,65.6194,7.1138,26.7019,0.4392,0.1255,2.3719,4.3576,84.7118,336.69,0.4105,8.5587,655.4306,7.2106,17.525,9.0861,3.4893,62.6595,400.463,330.3015,3.303015,4.2360642,0.411446505
1075,PU,Plum Stone,36.242,63.758,54.5515,7.2089,35.9928,2.0769,0.17,13.5266,4.9074,78.6633,207.9466,0.3537,2.9027,816.3111,15.0698,25.1075,5.5247,1.6753,52.5806,271.2213,245.3219,2.453219,5.3908408,0.600211092
1076,PP,DDGS,47.7305,52.2695,68.1612,10.3578,18.4571,2.6051,0.4188,6.4371,4.5028,82.3843,310.1036,0.3295,6.6758,684.2499,14.1177,19.4359,4.753,4.1721,57.4365,367.3383,334.5938,3.345938,5.4672468,0.726372332
1077,PS,Banana Stems,78.2386,21.7614,79.05,7.8306,12.9412,0.1783,0,0.9306,2.014,94.5002,367.2245,0.3391,2.5552,895.4549,15.877,29.5293,0.6974,1.3608,52.5341,456.4714,429.2852,4.292852,5.9225742,0.537669366
1078,PE,Coffee Husk,99.5014,0.4986,85.7635,11.1751,2.6833,0.209,0.1692,0.0113,0.0466,99.8576,501.2669,0.3715,0.0845,978.6012,18.9402,26.4717,0.6025,0.6189,53.3452,595.0038,577.032,5.77032,5.602542,0.715488616
1079,PS,Olive Pomace,76.0042,23.9958,81.988,7.9486,9.9209,0.1179,0.0245,1.3296,1.7775,94.5822,292.6331,0.259,2.3107,727.9029,14.9312,22.691,3.0935,3.3402,55.9344,347.2176,321.2493,3.212493,5.6674272,0.658023005
1080,PS,Safflower Seed,31.6458,68.3542,62.3835,7.4033,28.1626,2.0506,0,1.0248,6.4528,73.8341,236.8061,0.3027,18.6883,905.9581,17.1272,22.5637,4.9302,0.6436,54.7339,290.5494,268.3127,2.683127,4.9231726,0.759059906
1081,PP,Colza seed,67.2856,32.7144,72.0293,11.4455,14.7586,1.7666,0,2.9948,2.646,87.6964,391.3962,0.3602,6.6628,879.4006,19.1175,22.4527,2.5329,1.1315,54.7635,458.7578,441.0819,4.410819,5.2988072,0.851456618
1082,PS,Nectarine Stone,39.3244,60.6756,64.9409,7.1154,27.5008,0.3034,0.1396,1.0794,5.0762,82.0573,252.5285,0.3101,11.7871,841.0151,15.9833,26.1774,3.8628,1.4541,52.4895,320.6283,295.7078,2.957078,5.5451166,0.610576299
1083,PS,Sunflower Seed Hulls,7.0749,92.9251,77.0047,3.4818,18.1196,1.3939,0,0.9434,9.7571,73.781,303.5063,0.3684,15.5185,695.6236,4.3284,23.1503,7.3794,2.1338,63.0065,368.8134,297.2274,2.972274,4.1483054,0.186969499
1084,PU,Soybean Cake,93.578,6.422,65.0608,8.1704,22.0828,4.5269,0.1591,0.332,2.6806,94.9529,266.5143,0.2962,2.0345,819.9124,18.673,29.026,1.3288,2.2867,48.6514,353.9171,343.429,3.43429,6.4925986,0.643319782
1085,PU,Hazelnut Shell,24.5213,75.4787,54.4523,5.9582,37.4613,2.0865,0.0417,0.8096,6.6098,87.0806,207.4821,0.3368,5.5,697.7641,10.7325,24.0637,8.0695,3.2413,53.8775,278.8301,239.2174,2.392174,5.3515216,0.446003732
1086,PS,Soy Peel,89.6877,10.3123,85.5438,8.3118,5.8454,0.2991,0,0.924,1.1691,96.9798,475.3926,0.3926,0.9271,782.4487,11.5186,26.2547,1.9823,2.1185,58.1238,562.1679,502.3816,5.023816,5.310524,0.438725257
1087,PU,Sorghum Bagasse,82.6284,17.3716,66.1481,8.3431,21.8596,3.4843,0.1648,1.0548,2.065,93.1812,391.2203,0.4263,3.699,788.7423,11.6247,20.9683,5.3972,1.68,60.3,460.8855,402.671,4.02671,4.4989134,0.554394014
1088,PP,Cocoa Beans Husk,92.3538,7.6462,82.3249,13.2414,4.2097,0.2019,0.0222,0.6117,0.8496,97.0574,601.1861,0.4438,1.4813,968.1828,16.7229,20.9857,2.6844,0.2389,59.3647,667.6461,621.8123,6.218123,4.5357976,0.796871203
1089,PET,Beetroot Pellets,64.7023,35.2977,53.9703,4.65,40.7598,0.4398,0.18,0.2855,2.6199,89.1582,152.9716,0.2622,7.9364,755.2404,12.8485,31.7615,6.614,2.5173,46.196,231.4354,203.9696,2.039696,6.2907804,0.404530642
1090,PP,Castor Seed Hull,25.4931,74.5069,54.7663,7.6212,37.4486,0.1639,0,1.4991,2.436,81.6098,275.275,0.3949,14.4551,650.1728,7.6486,11.7997,12.5177,3.3388,64.6895,322.1385,261.3559,2.613559,3.5081014,0.64820292
1091,PET,Banana Stems,22.4936,77.5064,44.1815,5.1869,49.9897,0.6418,0,2.7572,7.2202,79.7745,115.8569,0.2747,10.2481,911.1084,15.4488,25.6803,11.4085,0.4425,47.0188,174.9951,152.216,1.52216,5.0626032,0.601581757
1092,PP,Sunflower Seed Hulls,75.5595,24.4405,83.2235,11.2226,5.1873,0.3666,0,0.2444,2.5663,92.7299,563.9419,0.4422,4.4594,898.3049,14.1527,21.1502,3.2706,0.6449,60.7806,630.0682,569.9245,5.699245,4.424291,0.669152065
1093,PP,Peach Stone,89.8886,10.1114,81.0265,13.1534,5.3914,0.3984,0.0303,0.255,0.5595,96.4799,574.1724,0.4282,2.7056,872.576,16.1141,20.4025,3.0421,0.9879,59.4483,640.373,593.3092,5.933092,4.664706,0.789810072
1094,PS,Soybean Cake,73.6418,26.3582,81.1573,7.99,8.4039,2.4488,0,1.51,8.6982,87.1639,362.2715,0.346,2.6279,818.1291,13.9815,27.2977,1.345,1.9539,55.42,439.4599,404.373,4.04373,5.6490084,0.512186008
1095,PU,Durian Shell,36.2177,63.7823,62.2585,8.4012,25.7421,3.4729,0.1254,4.2776,3.0223,81.393,233.5269,0.2833,11.3071,957.927,22.1907,26.5158,2.2333,0.5676,48.4642,302.676,301.0587,3.010587,5.9407872,0.836885932
1096,PU,Corn Cobs,52.7375,47.2625,57.1402,7.2497,33.0597,2.4607,0.0897,0.2852,6.8353,84.271,205.0025,0.2909,8.6085,866.6891,18.805,27.052,3.8984,1.2948,48.9256,274.6317,260.9017,2.609017,5.9030304,0.695142688
1097,PS,Sorghum Stalk,67.5012,32.4988,75.7401,7.9631,15.3068,0.4228,0.5672,1.7814,3.2549,88.0182,349.4367,0.343,6.9455,931.0844,16.7236,27.9543,1.4076,0.7683,53.052,429.9629,404.8625,4.048625,5.603442,0.598247855
1098,PE,Hazelnut Shell,51.5584,48.4416,68.9389,8.2954,21.8916,0.7864,0.0876,0.5196,4.1477,92.027,377.2209,0.4048,3.3057,833.2542,13.23,23.5548,4.1666,1.316,57.7165,450.0569,402.1686,4.021686,4.8678728,0.561668959
1099,PET,Cotton Stalk,46.9945,53.0055,53.728,5.6257,39.2333,0.7277,0.6853,9.754,5.6807,75.2242,195.4226,0.36,9.3411,849.1741,11.7347,23.0303,8.5786,0.9141,55.553,253.7629,216.794,2.16794,4.4964132,0.509533093
1100,PE,Rubber Wood,98.4895,1.5105,85.451,11.1297,3.042,0.2099,0.1674,0.0731,0.1054,99.577,444.0391,0.3311,0.2445,666.43,11.6951,15.9533,5.0543,4.2022,63.0614,487.6798,432.4098,4.324098,4.7775742,0.733083437
1101,PP,Spirulina Sp.,37.9676,62.0324,56.839,9.0487,29.6336,4.1252,0.3536,1.2278,3.5664,84.4336,309.6275,0.3911,10.7722,690.2881,11.0122,15.0342,8.3478,3.0853,62.4391,360.53,309.3746,3.093746,4.1881642,0.73247662
1102,PU,Cherry Stone,33.0647,66.9353,54.2307,6.8944,37.015,1.6765,0.1834,0.6805,5.2711,79.3892,229.7709,0.3507,14.6592,743.1961,10.9898,16.9365,10.0751,2.1744,59.7705,281.547,238.0459,2.380459,4.0993326,0.648882591
1103,PS,Plum Stone,97.1634,2.8366,89.0096,8.4432,2.5177,0.0247,0.0048,0.7961,0.2087,98.8901,396.2775,0.3091,0.1051,910.039,17.024,27.3059,0.5471,1.2743,53.8465,474.0394,451.7162,4.517162,5.7353348,0.623455004
1104,PS,Cherry Stone,37.4807,62.5193,64.1734,7.0672,28.3718,0.2688,0.1188,0.7105,4.7381,81.3195,338.0503,0.419,13.2319,724.0987,8.1309,16.1965,9.444,2.1091,64.0926,392.6193,324.0294,3.240294,3.673954,0.502015868
1105,PE,Chlorella Vulgaris,1.2863,98.7137,52.5358,6.5605,30.5339,9.8247,0.5451,1.9007,9.0555,73.0664,160.6573,0.2597,15.9774,964.4406,20.1663,24.4678,4.3462,0.3109,50.545,218.4981,208.9541,2.089541,5.3722054,0.824197517
1106,PS,Coffee Husk,30.4758,69.5242,57.0831,6.9082,36.0087,0,0,1.6367,6.4923,82.8575,207.4953,0.3075,9.0135,719.7592,13.5992,24.0583,6.8152,3.0966,52.4262,273.0569,242.9048,2.429048,5.6086422,0.565260222
1107,PS,Sorghum Stalk,56.1429,43.8571,70.6862,7.7765,20.2012,0.5706,0.7654,2.3341,4.3924,83.9006,344.6625,0.3741,9.3729,927.4918,14.8145,24.6212,3.4019,0.4812,56.5469,412.3361,374.844,3.74844,4.8745068,0.601696912
1108,PS,Hazelnut Shell,31.3782,68.6218,63.1641,6.2372,29.638,0.9606,0,0.7988,5.8756,88.6574,205.9709,0.2731,4.6682,703.3132,12.6871,25.4211,5.7482,3.5917,52.5472,272.0381,241.9303,2.419303,5.859094,0.499077538
1109,PP,Rice Husk,39.7121,60.2879,63.5597,7.7863,28.2229,0.3772,0.0539,2.5924,4.7627,83.1017,258.0588,0.3193,9.5432,779.8621,15.4728,24.7205,4.4013,2.2192,53.1713,325.2187,298.3942,2.983942,5.580319,0.62590967
1110,PU,Plum Stone,64.1097,35.8903,59.42,7.677,29.7281,3.0049,0.17,7.6143,3.0246,87.0759,320.332,0.4394,2.2852,997.9961,13.6232,22.9832,4.9841,0.0593,58.3183,384.1379,340.8161,3.408161,4.3884182,0.592746006
1111,PU,Pistachio Soft Shell,75.0416,24.9584,60.6584,7.6011,28.0269,3.586,0.1276,4.8719,2.9335,87.3353,259.0287,0.337,4.8593,724.9275,13.5025,24.396,4.7969,3.0593,54.2135,331.2524,298.1236,2.981236,5.6273954,0.553471881
1112,PP,Cotton Stalk,55.3447,44.6553,68.0031,10.6889,20.1297,0.601,0.5773,8.2174,4.7027,80.9528,232.4393,0.2517,6.1271,815.9884,24.3327,26.5291,1.1348,2.718,45.1702,304.5272,316.7473,3.167473,6.9436422,0.917207896
1113,PS,Cocoa Pod Husk,72.8679,27.1321,75.8637,7.711,15.9343,0.4314,0.0597,3.067,3.3444,90.7107,400.0481,0.402,2.8779,711.8228,9.4258,23.1076,4.6578,2.8158,59.9803,474.9187,409.881,4.09881,4.9376004,0.407909086
1114,PS,Peach Stone,11.269,88.731,46.2996,7.1338,42.804,3.4964,0.2662,2.2599,4.9098,73.0314,148.2049,0.2708,19.7989,712.5431,13.1877,13.3603,12.3044,2.8965,58.1389,188.1891,160.9207,1.609207,4.1446164,0.987081128
1115,PS,Safflower Seed,30.8522,69.1478,62.0606,7.3906,28.4744,2.0744,0,1.0343,6.5278,73.5327,325.4984,0.4192,18.9052,836.6281,9.5598,14.6336,9.1287,0.6636,66.0132,366.1024,304.9537,3.049537,3.1138608,0.653277389
1116,PS,Sorghum Bagasse,97.9777,2.0223,89.7581,8.5,1.7375,0.0016,0.0028,0.3187,0.1827,99.2113,391.4035,0.3005,0.2873,856.1072,16.4227,26.3908,0.8521,1.7322,54.5999,464.6617,439.9693,4.399693,5.71902,0.622288828
1117,PU,Elephant Grass,20.7973,79.2027,46.8638,5.8406,44.7819,2.4783,0.0354,0.4827,9.4069,76.8601,164.6657,0.3365,13.2503,870.8764,12.4751,18.9889,11.5056,0.5518,56.4652,215.7175,182.1491,1.821491,3.9374566,0.656968018
1118,PP,Safflower Seed,99.6518,0.3482,85.4345,13.8258,0.7293,0.0104,0,0.0049,0.0329,99.3687,543.1224,0.3759,0.5935,875.3765,19.3044,23.2435,1.392,1.3435,54.7147,626.6863,609.2435,6.092435,5.4945292,0.830528965
1119,PET,Sunflower Seed Hulls,61.8663,38.1337,67.4438,3.8632,28.102,0.5909,0,0.3813,4.134,85.9612,187.3887,0.2508,9.5235,951.4437,14.064,37.985,0.565,0.9074,46.4778,269.743,248.4222,2.484222,6.6298712,0.370251415
1120,PET,Peach Stone,59.511,40.489,53.4867,5.3973,39.3809,1.6136,0.1215,1.0209,2.3653,84.5443,182.356,0.3012,12.0695,813.4013,13.0012,24.7258,8.3473,1.4999,52.386,248.5692,216.0262,2.160262,5.0565446,0.52581514
1121,PE,Olive Pomace,56.5031,43.4969,72.9293,9.0302,17.5676,0.3323,0.1406,2.1346,3.222,90.4435,351.9221,0.3484,4.1999,775.7799,15.1031,25.5444,2.593,2.3908,54.3424,429.9107,397.9206,3.979206,5.7056356,0.591248963
1122,PET,Cotton Husk,80.4948,19.5052,59.8742,5.1264,34.7013,0.298,0,0.5501,1.3388,91.4389,275.1967,0.3947,6.6722,650.621,5.8323,18.7416,11.4751,3.3029,60.644,347.6065,278.8922,2.788922,4.1737682,0.311195416
1123,PE,Cotton Stem,23.3193,76.6807,57.4296,7.2405,34.1933,0.9224,0.2143,3.5772,11.164,68.1215,219.9351,0.3393,17.1373,710.4672,10.7484,16.2458,9.7648,2.7082,60.4714,264.7377,224.261,2.24261,4.1773336,0.661611001
1124,PS,Cocoa Pod Husk,10.0723,89.9277,42.6822,5.8918,49.7983,1.4299,0.1978,9.7025,11.0848,69.6742,170.5296,0.447,9.5385,947.2488,8.6353,14.9046,14.283,0.0176,62.0939,212.8256,170.0352,1.700352,2.8168928,0.579371469
1125,PS,Cherry Stone,42.1078,57.8922,66.0996,7.173,26.3684,0.2489,0.11,0.6727,4.3874,82.6873,282.36,0.3351,12.2526,869.0566,15.0517,24.847,4.2664,1.0238,54.7865,348.4011,316.659,3.16659,5.122826,0.605775345
1126,PE,Coffee Husk,20.1005,79.8995,51.2926,7.2145,41.4166,0.0422,0.0342,1.8109,7.4612,80.3652,202.7155,0.3408,10.3627,984.4248,16.6794,22.8309,6.9034,0.0938,53.4823,257.1481,232.6885,2.326885,4.711649,0.730562527
1127,PET,Colza seed,60.9454,39.0546,55.1518,5.1797,37.5409,2.1276,0,3.5752,3.2868,82.4773,256.3101,0.4254,10.6607,941.4391,8.9426,20.0268,9.739,0.0666,61.2246,315.3892,259.5332,2.595332,3.5130204,0.446531648
1128,PU,Hazelnut Shell,61.9354,38.0646,60.0227,7.1091,29.6287,3.1342,0.1053,0.4083,3.6308,92.4487,197.8457,0.2572,3.5122,906.2454,21.6971,32.8598,0.8697,1.4756,43.0715,286.4987,287.5054,2.875054,7.0118864,0.660293124
1129,PU,Sorghum Bagasse,63.4922,36.5078,66.6528,8.4127,22.0795,2.6959,0.1591,2.2166,3.6788,87.9721,352.9206,0.3927,6.1325,883.4675,14.6913,23.0721,4.0181,0.8217,57.368,420.6486,381.1108,3.811108,4.7879136,0.636756082
1130,PS,Colza seed,73.0478,26.9522,77.8023,7.9588,12.7835,1.4554,0,2.6134,2.1799,89.9946,423.8194,0.4022,5.2121,859.94,12.7197,24.8311,2.9595,1.0693,58.4191,499.7721,447.1607,4.471607,4.8852556,0.512248753
1131,PU,Rice Husk,78.9062,21.0938,62.1838,7.3333,26.8839,3.446,0.153,0.907,2.1398,92.508,351.7925,0.429,4.4452,881.6517,12.2842,22.1981,5.5107,0.6485,59.3293,421.2037,368.4283,3.684283,4.3558172,0.553389705
1132,PP,Colza seed,53.9015,46.0985,66.4937,10.4618,20.5553,2.4893,0,4.22,3.7285,82.8674,386.137,0.407,9.1841,741.1456,12.636,17.1854,5.9685,2.3777,61.8288,437.6821,386.2648,3.862648,4.381265,0.735275292
1133,PS,Sorghum Bagasse,27.2239,72.7761,74.282,8.6036,16.9542,0.0582,0.102,4.4732,6.5742,78.6135,265.4042,0.2779,10.3391,839.6336,19.4268,28.3165,1.0538,2.1109,49.0704,338.9207,332.034,3.32034,6.4216756,0.686059365
1134,PE,Cotton Stem,69.9186,30.0814,74.7798,9.6467,14.8966,0.4895,0.1874,1.4033,4.3796,87.4821,352.1975,0.3335,6.735,969.7273,20.0777,26.6404,1.2568,0.5456,51.4489,430.5582,420.8632,4.208632,5.7204068,0.753656101
1135,PU,Nectarine Stone,27.0373,72.9627,53.1988,6.777,38.3101,1.5004,0.2138,1.2034,6.2664,77.9533,278.9988,0.4464,14.5769,726.8476,6.6988,10.9649,13.3981,1.665,67.2173,322.8013,256.4009,2.564009,2.7011178,0.610931244
1136,PP,Colza seed,33.0261,66.9739,57.8596,8.9274,29.5964,3.6166,0,6.1311,5.417,75.3352,191.8491,0.2576,13.1167,880.0905,23.7524,24.6605,3.083,1.3226,47.1792,252.2653,255.0156,2.550156,6.145973,0.963175929
1137,PET,Spirulina Sp.,1.0629,98.9371,39.5035,6.0911,47.2618,6.5796,0.5639,1.9583,5.6904,75.419,147.8994,0.3504,16.9323,968.4593,9.1604,11.469,14.7438,0.0046,64.3765,185.6201,148.5655,1.485655,2.436064,0.798709565
1138,PU,Castor Seed Hull,45.5531,54.4469,54.0057,6.7609,37.1229,2.033,0.0774,1.0955,2.0534,85.7023,294.2138,0.441,11.1488,980.0875,10.2877,17.7293,9.0158,0.0209,62.9278,345.8311,289.4591,2.894591,3.3524456,0.580265436
1139,PP,Banana Stems,49.8261,50.1739,62.1795,9.6277,27.7818,0.411,0,1.7849,4.6434,87.4311,365.4135,0.4241,6.1406,990.1793,15.6412,20.7683,4.7676,0.0819,58.7403,421.3097,382.3283,3.823283,4.3353756,0.753128566
1140,PET,Safflower Seed,8.6189,91.3811,50.5968,6.676,39.9832,2.7441,0,1.2854,8.6448,64.6464,225.4586,0.394,25.4234,723.6872,4.9316,5.3531,15.6729,1.0187,73.0225,249.6822,192.2081,1.922081,1.571798,0.921260578
1141,PET,Beetroot Pellets,65.7429,34.2571,54.212,4.6407,40.5448,0.4278,0.1747,0.2771,2.5488,89.3213,242.1273,0.4124,7.8528,887.3303,8.9294,22.5077,9.9944,0.3413,58.1802,311.2507,255.9949,2.559949,3.9225308,0.396726454
1142,PS,Rice Husk,68.9846,31.0154,77.443,7.0378,15.2975,0.194,0.0277,1.4716,2.4502,91.2708,334.0606,0.3279,4.8074,955.4934,16.2833,30.9217,0.4327,0.9327,51.4241,422.544,398.993,3.98993,5.9886372,0.526597826
1143,PS,Durian Shell,88.1778,11.8222,86.6667,8.4938,4.4659,0.3618,0.0118,0.9692,0.5199,96.5151,415.954,0.3347,1.9958,917.8368,16.3526,27.964,0.5357,1.1825,53.9624,500.9078,473.6187,4.736187,5.7128798,0.58477328
1144,PS,Corn Cobs,52.4724,47.5276,69.9535,7.3578,22.4416,0.2471,0,0.3917,6.5555,85.1862,394.2087,0.4437,7.8666,700.856,7.5599,17.9428,8.0735,2.4661,63.9547,456.7842,378.589,3.78589,3.9601258,0.421333348
1145,PET,Corn Cobs,87.0141,12.9859,60.2779,4.563,35.065,0.0942,0,0.0784,1.9739,91.3606,173.764,0.2555,6.5871,936.2493,16.5283,37.5736,1.5604,0.8526,43.4841,261.2894,245.4255,2.454255,6.8245608,0.439891307
1146,PS,Spirulina Sp.,88.5207,11.4793,84.3528,8.223,6.5954,0.7634,0.0654,0.4043,0.66,96.9774,419.8812,0.3488,1.9583,971.1885,16.461,28.9312,0.3466,0.8162,53.4349,510.9519,483.4036,4.834036,5.7153188,0.568970523
1147,PE,Safflower Seed,1.6021,98.3979,50.0896,6.9658,39.9866,2.9553,0.0027,1.3841,9.2891,62.4242,226.226,0.396,26.9026,955.9489,5.4052,6.5821,13.7975,0.0008,74.2133,244.1867,189.942,1.89942,1.4133926,0.821196882
1148,PU,Sorghum Bagasse,95.2481,4.7519,65.8153,8.2973,21.7146,4.0042,0.1686,0.2885,1.0007,96.6166,283.2077,0.3045,2.0942,847.4525,19.0171,29.1955,1.1642,1.9228,48.667,373.5861,363.6521,3.636521,6.4208422,0.65137093
1149,PU,Cotton Stem,30.2079,69.7921,53.8653,6.7141,37.1467,2.0637,0.2103,3.2559,10.3423,70.3582,232.4776,0.391,16.0436,819.1119,10.0829,15.2256,10.666,0.9021,63.0662,275.1983,228.5136,2.285136,3.3303306,0.662233344
1150,PU,Açaí Seed,76.87,23.13,61.5168,7.8466,27.0968,3.4091,0.1307,3.2868,2.6007,90.9572,306.1552,0.3803,3.1553,665.6273,9.597,19.1659,7.4949,3.8602,59.8494,372.7862,318.24,3.1824,4.833331,0.500733073
1151,PET,Cotton Husk,29.3727,70.6273,53.8574,7.2043,37.9394,0.9989,0,1.9918,4.2975,82.9179,234.6449,0.3581,10.7928,884.5503,14.7175,21.1896,7.3554,0.6569,56.0794,291.197,258.1382,2.581382,4.4945498,0.694562427
1152,PP,Peach Stone,6.4459,93.5541,43.6142,7.4048,45.014,3.6864,0.2807,2.359,5.1766,71.5571,132.9095,0.2573,20.9073,955.0301,18.5227,15.869,9.8795,0.086,55.5223,167.83,151.8377,1.518377,4.0307336,1.167225408
1153,PET,Coffee Husk,49.6691,50.3309,52.3032,5.2789,42.4027,0.0152,0,1.1407,4.8043,84.9967,177.3124,0.3161,9.0583,956.8878,14.601,27.7053,7.1828,0.211,50.2991,244.6299,216.3795,2.163795,5.1433138,0.527011077
1154,PS,Banana Stems,55.6513,44.3487,67.4764,7.1389,25.0214,0.3633,0,1.689,4.1043,88.9992,382.9754,0.4475,5.2075,901.6375,11.1402,22.2128,5.5967,0.4168,60.6327,449.5505,388.1159,3.881159,4.1511688,0.501521645
1155,PET,Safflower Seed,46.9519,53.0481,55.4515,5.6934,37.2493,1.6058,0,0.7462,5.1065,77.2492,220.8159,0.3508,16.8981,952.4303,11.5187,20.1502,9.0869,0.08,59.1636,272.8571,231.1151,2.311151,3.8115848,0.571641969
1156,PET,Cocoa Pod Husk,82.864,17.136,57.9185,4.5506,37.1954,0.2978,0.0377,1.845,2.2863,89.8251,247.1696,0.3918,6.0436,830.584,9.0476,25.4623,8.0417,0.9923,56.4458,322.1709,269.1582,2.691582,4.540634,0.355333179
1157,PU,Cocoa Pod Husk,19.789,80.211,42.9662,6.1303,48.5868,2.1065,0.2101,8.6362,10.0058,72.5553,169.4089,0.419,8.8027,772.6053,8.9518,14.1148,14.7401,1.3712,60.7507,215.7507,173.4295,1.734295,3.2361488,0.634213733
1158,PS,Banana Stems,70.0142,29.9858,74.8359,7.5787,17.3398,0.2456,0,1.2067,2.7751,92.4972,341.9504,0.3424,3.521,826.3485,14.6204,28.9081,1.5339,1.857,53.0787,427.8927,395.7491,3.957491,5.8862298,0.505754443
1159,PS,Banana Stems,48.051,51.949,63.5821,6.9061,29.0863,0.4256,0,1.9441,4.8077,87.1483,231.8764,0.2965,6.0999,781.6253,15.8243,29.3454,2.9494,2.4224,49.4555,309.836,288.3979,2.883979,6.273764,0.539242948
1160,PS,Rubber Wood,80.314,19.686,82.4749,8.1129,9.3726,0.0396,0,1.1129,1.3734,94.5837,308.6248,0.2683,2.93,706.1195,13.6185,20.8539,3.8993,3.6034,58.0198,359.2927,326.5133,3.265133,5.3884066,0.653043316
1161,PS,Sunflower Seed Hulls,25.3171,74.6829,79.5951,4.4664,14.8183,1.1202,0,0.7975,7.8417,78.8888,293.0894,0.3209,12.472,877.8753,10.58,32.2017,0.9373,1.199,55.0812,369.8438,328.0666,3.280666,5.6292962,0.328554083
1162,PET,Coffee Husk,98.1979,1.8021,61.8166,4.3674,33.7859,0.03,0,0.0408,0.3745,94.343,284.2458,0.4015,5.2417,866.1842,8.9501,27.0443,6.5232,0.6689,56.8126,365.1444,307.1147,3.071147,4.6136588,0.330942195
1163,PET,Soy Peel,63.6349,36.3651,55.9422,5.1944,37.7892,1.0742,0,2.6259,4.2563,86.6032,152.5871,0.25,6.5146,883.9757,17.782,34.9351,2.996,1.2515,43.0339,232.256,219.4794,2.194794,6.7703156,0.509000976
1164,PU,Rubber Wood,13.8548,86.1452,52.998,6.7861,39.437,0.7554,0.0236,4.167,6.0932,76.7118,245.2818,0.4079,13.028,757.844,8.9965,14.618,11.7319,1.6415,63.0038,292.659,239.8018,2.398018,3.401147,0.615439869
1165,PS,Sunflower Seed Hulls,38.7672,61.2328,81.5051,5.1923,12.3841,0.9185,0,0.6899,6.4294,82.6548,289.6661,0.2952,10.2259,760.631,10.0942,27.233,2.8806,2.2625,57.5275,354.016,310.2227,3.102227,5.3315066,0.370660596
1166,PU,Peach Stone,34.666,65.334,49.3788,7.418,38.9178,4.0304,0.2549,1.6474,3.8231,79.4348,180.2985,0.293,15.0947,667.166,12.5623,15.8566,10.5031,3.9848,57.0013,230.9813,199.4727,1.994727,4.7812184,0.792244239
1167,PE,Castor Seed Hull,40.8265,59.1735,61.275,7.8212,30.6184,0.2159,0.0694,1.1906,1.9347,85.4875,340.2595,0.4201,11.3872,905.2042,12.35,19.1047,6.976,0.3402,61.2144,394.1936,341.4257,3.414257,3.8627838,0.646437788
1168,PS,Olive Pomace,79.9915,20.0085,83.3527,8.0397,8.4888,0.0983,0.0205,1.1419,1.4821,95.4493,450.6322,0.3885,1.9267,931.9537,14.4009,27.9599,1.1525,0.7176,55.7654,539.3323,496.0996,4.960996,5.3351454,0.51505549
1169,PS,Soy Peel,94.6754,5.3246,87.796,8.4014,3.6482,0.1544,0,0.5738,0.6036,98.3439,422.3585,0.3352,0.4787,728.3386,11.5356,22.393,3.2646,2.8477,59.9556,486.2155,432.5517,4.325517,5.0868394,0.515143125
1170,PE,Cotton Stem,18.6882,81.3118,55.7053,7.0014,36.111,0.9654,0.217,3.7933,11.8383,66.1973,168.6747,0.2759,18.1711,879.6545,17.7148,22.3374,6.6327,0.8891,52.3598,216.2914,198.9664,1.989664,5.0460086,0.793055593
1171,PU,Elephant Grass,40.6075,59.3925,51.5726,6.4508,38.9987,2.9089,0.069,0.3619,7.2041,82.1252,201.3568,0.3391,10.3088,947.3922,15.4173,23.3676,6.9768,0.2281,53.9902,260.7343,232.8842,2.328842,4.6910458,0.659772506
1172,PS,Coconut Shell,43.3817,56.6183,65.1831,7.1062,27.6031,0.1076,0,2.2383,8.0964,86.891,269.6781,0.3453,2.7743,653.5289,8.6247,17.9556,8.8256,4.0222,60.566,325.6798,273.3967,2.733967,4.6338208,0.480334826
1173,PET,Cotton Stalk,84.1707,15.8293,59.6489,4.7195,35.1883,0.2388,0.2046,2.9129,1.8438,88.8768,198.4137,0.3009,6.3665,962.0918,14.8758,33.7185,3.0977,0.3789,47.8748,279.5715,254.7446,2.547446,5.9907636,0.441176209
1174,PS,Sorghum Bagasse,97.6049,2.3951,89.6765,8.5005,1.8177,0.0019,0.0034,0.3406,0.2164,99.1027,504.8093,0.3882,0.3403,820.6428,12.3055,26.8963,1.3155,1.7881,57.6925,594.4306,537.0294,5.370294,5.3580676,0.457516461
1175,PP,Cocoa Beans Husk,99.3231,0.6769,85.2736,13.7961,0.9104,0.0179,0.002,0.0542,0.0752,99.2837,450.2483,0.3128,0.5869,909.256,23.3181,24.5821,0.469,1.5523,50.0762,537.7171,551.86,5.5186,6.1714228,0.948580471
1176,PE,Cocoa Pod Husk,89.7392,10.2608,80.9912,10.6254,7.8567,0.3516,0.1751,1.1048,1.2648,96.5241,380.3044,0.3104,1.1063,976.8285,21.7813,27.2649,0.3073,0.9662,49.6539,467.9168,470.6276,4.706276,6.1336574,0.798876944
1177,PP,Spirulina Sp.,25.9696,74.0304,51.2839,8.12,35.2511,4.923,0.422,1.4653,4.2562,81.5195,267.464,0.3982,12.759,774.6192,11.5044,14.443,9.3526,1.6382,62.9551,313.216,266.6502,2.666502,3.6487688,0.796538115
1178,PP,Safflower Seed,49.3437,50.6563,67.296,10.3278,20.8565,1.5197,0,0.7125,4.7821,80.4091,410.3434,0.4205,14.0963,804.3209,12.5596,15.9066,6.3779,1.375,63.7789,453.1177,396.6763,3.966763,3.8529184,0.789584198
1179,PS,Rubber Wood,24.2436,75.7564,60.4708,7.0188,32.3578,0.1526,0,3.713,5.2853,79.7263,197.7135,0.2738,11.2754,690.8889,13.7412,24.1705,6.2393,4.0544,51.7889,261.0728,234.5136,2.345136,5.9810078,0.568511202
1180,PET,Sorghum Stalk,76.8401,23.1599,58.3568,4.9174,35.9968,0.3248,0.4042,1.1733,2.4809,87.4774,212.6717,0.3243,8.8684,718.718,9.5004,26.0967,7.847,2.6588,53.7821,287.3343,243.1571,2.431571,5.2660778,0.364046029
1181,PE,Hazelnut Shell,99.672,0.328,85.8646,11.1803,2.5717,0.2139,0.1694,0.0035,0.0281,99.9262,548.2525,0.4056,0.0422,929.8139,16.5559,24.6729,1.5277,0.6863,56.5361,634.2097,595.4777,5.954777,5.142518,0.671015568
1182,PP,Cotton Stalk,7.5367,92.4633,49.2067,7.3047,41.0489,1.2444,1.1954,17.0149,9.7374,61.0961,164.5856,0.3458,12.1516,733.18,11.9001,16.4177,10.6848,2.4934,58.1428,205.7562,175.0132,1.750132,4.2464782,0.724833564
1183,PE,Peach Stone,75.2011,24.7989,74.757,10.1487,13.7569,1.1351,0.2022,0.6253,1.3722,92.454,405.8236,0.3626,5.5485,665.4151,10.8029,17.1599,5.9393,4.0468,62.0126,461.6458,403.0689,4.030689,4.777615,0.629543296
1184,PP,DDGS,12.9416,87.0584,56.5812,8.0335,30.3489,4.3389,0.6975,10.7214,7.4996,70.9929,252.1597,0.3862,10.7861,703.7996,10.5141,16.2128,8.5908,2.8196,61.7008,300.0482,255.4677,2.554677,4.1877524,0.648506119
1185,PP,Cotton Stem,26.6996,73.3004,58.5761,8.1226,32.2995,0.8349,0.167,3.4195,10.6719,69.3977,241.8102,0.3468,16.5109,757.0498,12.7997,17.0122,8.0954,2.1306,59.9184,285.4018,248.6454,2.486454,4.2886596,0.752383584
1186,PS,Corn Cobs,8.2254,91.7746,51.1041,6.2972,42.1215,0.4772,0,0.5702,12.6586,71.5809,181.6291,0.3383,15.1903,885.3007,13.0344,19.2136,10.0914,0.467,57.1925,228.359,195.4909,1.954909,3.9958148,0.678394471
1187,PET,Corn Cobs,57.6565,42.3435,56.0005,5.0816,38.6801,0.2378,0,0.2555,5.9616,83.8339,188.5664,0.3104,9.949,817.2934,12.3867,27.1662,7.3069,1.4634,51.6751,258.049,224.3054,2.243054,5.284602,0.45595998
1188,PE,Beetroot Pellets,70.3897,29.6103,72.0513,9.4323,17.7455,0.5002,0.2707,0.2395,2.0838,93.7731,419.1584,0.4013,3.9036,672.7837,9.7598,18.6516,6.2298,3.635,61.6749,485.3013,417.7391,4.177391,4.70549,0.523268781
1189,PS,Sugarcane Straw,55.174,44.826,69.0761,7.3598,23.4718,0.0923,0,5.4857,3.3492,86.6953,334.9134,0.39,4.4698,793.5443,11.9155,24.5081,4.4629,1.7517,57.3598,406.5302,358.4712,3.584712,5.0020032,0.4861862
1190,PET,Cotton Stalk,91.3939,8.6061,60.7993,4.5434,34.4023,0.1438,0.1113,1.5837,1.0982,91.5295,189.4566,0.2771,5.7886,926.8559,15.2586,36.3812,1.9334,0.8177,45.5805,276.3649,255.3518,2.553518,6.5246966,0.419408925
1191,PP,Durian Shell,86.0683,13.9317,82.0422,13.1005,4.417,0.4263,0.0139,0.9343,0.6127,95.6708,558.1638,0.415,2.7822,917.6773,17.4761,21.521,2.421,0.6579,57.9211,628.0509,592.0251,5.920251,4.834593,0.812048697
1192,PP,Cotton Husk,72.7051,27.2949,75.9632,12.3619,11.2923,0.3826,0,0.7697,1.637,93.6377,356.3095,0.294,3.9556,689.4683,17.2434,18.3179,3.6361,4.4827,56.3123,408.979,388.8502,3.888502,5.7751492,0.941341529
1193,PU,Corn Cobs,59.7615,40.2385,58.4108,7.4028,31.3655,2.7192,0.1016,0.2428,5.9087,86.298,288.6992,0.3915,7.5505,845.1623,13.1464,21.444,6.332,1.0535,58.0011,351.3226,309.0118,3.090118,4.4989082,0.613057265
1194,PP,Rubber Wood,89.4996,10.5004,81.9265,13.083,4.9693,0.0211,0,0.5079,0.7326,96.7491,356.7441,0.2653,2.0104,718.9259,20.6282,19.1678,2.3495,4.116,53.7316,409.6525,407.4995,4.074995,6.1165164,1.076190277
1195,PET,Rice Husk,1.8638,98.1362,49.3121,3.8022,46.1834,0.6145,0.0877,4.2199,7.7567,72.7172,122.2651,0.2794,15.3062,734.7136,7.9001,20.5612,16.6294,2.0449,52.8242,180.8835,142.8767,1.428767,4.1759962,0.384223683
1196,PP,Pistachio Soft Shell,30.4571,69.5429,57.722,8.0849,32.9831,1.21,0,13.5748,6.9195,68.9289,264.7202,0.4144,10.5768,783.0739,11.149,16.7953,8.4889,1.5845,61.9802,308.8485,263.3893,2.633893,3.8875508,0.663816663
1197,PE,Hazelnut Shell,3.419,96.581,52.0041,5.4089,41.2219,1.3592,0.0058,1.0359,8.2696,84.1236,239.5096,0.4381,6.5709,862.4665,9.277,20.0982,10.4268,0.5151,59.6806,300.9918,247.9638,2.479638,3.718695,0.461583624
1198,PE,Rice Straw,16.6449,83.3551,56.6122,6.9403,36.2061,0.2131,0.0283,4.345,7.0892,80.0631,229.4409,0.3543,8.5027,717.8401,11.3819,20.9136,8.3309,2.7822,56.5803,289.5991,249.1447,2.491447,4.8603864,0.544234374
1199,PET,Sunflower Seed Hulls,14.8718,85.1282,73.9432,3.2835,21.4919,1.2815,0,0.8513,8.9697,75.2041,334.7755,0.4286,14.9749,991.6998,5.5382,23.833,6.8467,0.0102,63.7717,399.4961,323.6465,3.236465,3.6047352,0.232375278
1200,PS,Sunflower Seed Hulls,67.0298,32.9702,85.5185,6.7176,7.2694,0.4946,0,0.4638,3.4619,90.5683,343.2309,0.3038,5.506,699.3148,9.585,20.7235,4.8473,3.0979,61.7425,395.3372,341.7956,3.417956,4.7553892,0.462518397
1201,PS,Peach Stone,73.8858,26.1142,77.2801,8.0958,13.5168,1.029,0.0783,0.8062,1.445,91.9218,453.4058,0.4209,5.827,793.8129,10.7964,22.465,4.3249,1.6069,60.7938,526.4834,459.0611,4.590611,4.5718714,0.480587581
1202,PP,Pistachio Soft Shell,57.9817,42.0183,68.7401,10.3667,20.1621,0.7311,0,8.202,4.1808,81.0288,315.6758,0.3408,6.5884,686.9173,13.8118,20.0554,4.8381,4.0568,57.2317,374.176,339.4121,3.394121,5.4709892,0.68868235
1203,PP,Beetroot Pellets,79.0101,20.9899,75.7745,12.0407,11.828,0.2498,0.107,0.1698,1.4771,95.2009,514.8138,0.4269,3.1522,941.7476,16.8153,21.2146,3.0634,0.3881,58.5043,580.7108,540.41,5.4041,4.6280318,0.792628661
1204,PET,Nectarine Stone,39.5026,60.4974,53.9423,5.4748,40.1291,0.3146,0.1391,0.9978,5.1443,80.0908,152.2868,0.2569,13.7671,780.1893,14.5568,26.4873,7.9998,2.1481,48.7578,216.5198,192.1752,1.921752,5.678554,0.54957659
1205,PP,Castor Seed Hull,0.0317,99.9683,44.2431,5.4926,50.0443,0.2199,0,2.0114,3.2685,75.496,161.4402,0.3561,19.2241,698.6283,5.0615,6.7364,20.9823,1.5612,65.657,201.4273,151.1646,1.511646,1.954338,0.751365715
1206,PU,Durian Shell,12.5116,87.4884,60.9831,8.4462,27.2593,3.2026,0.1088,5.8675,3.9226,75.254,319.1636,0.4064,14.9559,772.6692,10.8527,15.3305,8.1091,1.6538,64.0294,363.1037,309.5486,3.095486,3.695795,0.707915593
1207,PET,Coffee Husk,35.8838,64.1162,49.6007,5.5378,44.8504,0.011,0,1.4532,6.0627,82.3416,216.6609,0.4153,10.1425,897.4815,9.6412,18.4934,11.9215,0.2072,59.736,272.0275,222.6193,2.226193,3.4455956,0.521331935
1208,PET,Cotton Husk,56.754,43.246,57.0801,6.0914,36.2051,0.6235,0,1.2196,2.7128,87.4818,194.4658,0.287,8.5858,692.2517,12.2208,25.7237,7.0922,3.7797,51.1786,266.5508,234.1363,2.341363,5.9141652,0.475079401
1209,PS,Cotton Stem,25.127,74.873,59.1631,6.6547,33.1589,0.8528,0.1706,3.5432,10.9008,68.8273,201.1483,0.3075,16.7287,942.2829,16.1937,23.5831,5.7846,0.3066,54.0865,252.6672,229.3383,2.293383,4.830153,0.686665451
1210,PE,Cotton Stalk,59.1292,40.8708,69.7394,9.3899,19.5676,0.6742,0.6289,7.521,4.3041,82.8085,263.2464,0.2878,5.3664,700.0758,15.5649,21.3873,4.1908,4.0353,54.6842,319.4085,296.3138,2.963138,5.8204464,0.727763673
1211,PS,Rice Straw,28.6815,71.3185,62.0635,6.7801,31.004,0.1524,0,3.7749,6.0655,82.8875,227.7748,0.312,7.2721,803.1228,15.2687,27.7694,3.987,1.949,51.0235,299.0709,274.1964,2.741964,5.845706,0.549839031
1212,PET,Spirulina Sp.,49.1239,50.8761,50.5142,5.2374,40.5601,3.3983,0.29,1.007,3.0282,84.7803,157.0625,0.2811,11.1845,685.7404,10.7999,22.9138,10.6219,3.5082,52.0489,224.8007,190.2117,1.902117,5.3094636,0.471327322
1213,PP,Coconut Shell,17.5921,82.4079,52.9715,7.4144,39.4575,0.1566,0,3.1315,11.7843,80.9583,168.215,0.2856,4.1259,721.626,16.5181,26.588,5.7761,3.512,47.6006,234.6129,217.1068,2.171068,6.3913388,0.621261471
1214,PP,Cotton Stem,95.3851,4.6149,83.8611,13.4894,2.5864,0.0526,0.0105,0.2153,0.6719,97.6048,571.2588,0.4094,1.508,809.8378,15.9239,20.9588,2.7207,1.7811,58.6117,643.116,598.2537,5.982537,4.9982238,0.759771552
1215,PE,Cotton Stem,46.068,53.932,65.8996,8.4152,24.7731,0.711,0.2012,2.516,7.852,77.5729,300.8819,0.3585,12.0591,874.8088,15.5562,22.1923,4.5546,0.9109,56.7457,358.0108,326.3261,3.263261,4.8024016,0.70097286
1216,PS,Elephant Grass,96.0296,3.9704,88.2835,8.3661,3.27,0.0804,0,0.2163,0.4653,98.6697,539.6677,0.4242,0.6487,722.8715,8.7396,22.642,3.8618,2.5209,62.2331,618.8271,532.3219,5.323219,4.699251,0.385990637
1217,PE,Peach Stone,47.4426,52.5574,62.1947,8.9719,26.4245,2.1706,0.2383,1.3252,2.9082,84.0298,325.6822,0.3762,11.7368,693.9517,11.3482,16.8736,7.3973,3.1221,61.2052,380.1344,329.2927,3.292927,4.469391,0.672541722
1218,PP,Plum Stone,15.852,84.148,54.1391,7.7493,37.2364,0.7321,0.1431,17.8524,6.1898,72.7602,214.0762,0.384,3.1976,666.6368,10.187,19.0056,9.1133,3.9467,57.7077,268.5828,228.4528,2.284528,4.9078202,0.535999916
1219,PE,Castor Seed Hull,35.6894,64.3106,59.1303,7.5279,33.0647,0.2164,0.0607,1.2939,2.1026,84.2294,204.2279,0.2672,12.3741,912.3587,21.0728,27.3033,3.5196,0.8875,47.1998,272.7686,265.9143,2.659143,6.0338032,0.771804141
1220,PE,Rice Husk,23.4775,76.5225,57.7339,5.5313,36.0983,0.528,0.1083,3.2905,6.0453,78.7985,229.392,0.3639,11.8657,936.5606,11.9558,23.64,7.4218,0.2002,56.7537,289.3144,248.7475,2.487475,4.341538,0.505744501
1221,PET,Cotton Husk,21.434,78.566,52.9231,7.527,38.4422,1.1077,0,2.2156,4.7569,81.5948,188.7317,0.2908,11.4327,959.2944,20.3492,24.9329,5.1665,0.3272,49.223,248.5853,237.0011,2.370011,5.4563966,0.81615857
1222,PS,Peach Stone,58.9633,41.0367,69.8969,7.8666,20.4964,1.617,0.1231,1.1527,2.2707,87.4199,361.908,0.3825,9.1567,874.6301,13.8366,23.4203,4.0355,0.8795,57.8053,430.2594,386.4178,3.864178,4.7601716,0.590795165
1223,PP,Pistachio Soft Shell,1.395,98.605,46.0884,5.6756,46.5202,1.7157,0,19.2477,9.8112,56.1532,126.3368,0.3331,14.7879,706.5858,8.5102,13.5872,16.0811,2.4741,59.3441,165.7761,132.3423,1.323423,3.5168166,0.626339496
1224,PET,Sorghum Stalk,12.5441,87.4559,47.7708,6.538,43.0231,1.1416,1.5264,4.4306,8.7853,67.4538,214.7856,0.4216,19.3303,650.0298,3.9551,5.0306,17.6089,2.0711,70.8347,247.1125,187.2235,1.872235,1.8024602,0.786208405
1225,PE,Castor Seed Hull,11.1548,88.8452,48.8871,6.1269,44.7481,0.2189,0.019,1.7876,2.9048,78.2204,218.5532,0.398,17.0872,885.7875,8.7496,13.2261,13.6959,0.1257,64.1961,260.5507,209.2097,2.092097,2.656446,0.661540439
1226,PE,Cocoa Beans Husk,25.5515,74.4485,54.1682,7.2468,36.3066,2.0191,0.2593,5.9559,8.272,75.8405,155.03,0.2529,9.9316,667.6469,14.4274,22.06,7.794,5.0228,50.606,212.0179,190.7609,1.907609,6.1358816,0.654007253
1227,PU,Soy Peel,2.5219,97.4781,45.5652,6.7405,44.7569,2.9331,0.0043,7.0388,11.066,73.0943,192.9717,0.4178,8.8009,899.8074,11.8651,17.289,10.6879,0.2496,59.9063,238.5412,200.9411,2.009411,3.5492016,0.686280294
1228,PS,Castor Seed Hull,68.9243,31.0757,75.9148,7.5626,16.4543,0.0684,0,0.7631,1.016,92.245,370.7845,0.3577,5.9759,831.6632,13.8041,27.22,2.26,1.5737,55.1405,453.0033,412.8012,4.128012,5.4839474,0.507130786
1229,PU,Cocoa Beans Husk,99.4913,0.5087,65.5758,8.2678,21.7936,4.1921,0.1706,0.0407,0.6534,97.7557,405.6774,0.4354,1.5502,900.5575,13.4693,22.8485,4.2347,0.5856,58.834,480.633,428.8595,4.288595,4.5432402,0.589504781
1230,PP,Soybean Cake,31.441,68.559,65.2198,8.8614,19.5494,6.3694,0,3.5445,22.6245,66.8385,194.5289,0.2704,6.9925,723.5901,17.6685,23.1857,3.1641,3.7173,52.2589,246.941,235.7305,2.357305,6.1603896,0.762042983
1231,PS,Açaí Seed,2.2463,97.7537,48.6035,6.4534,44.1799,0.7633,0,13.8953,9.0422,68.5677,199.3001,0.4341,8.4948,863.7726,10.4359,17.2603,11.2082,0.474,60.6207,244.3399,202.5688,2.025688,3.471567,0.604618691
1232,PE,Colza seed,6.9354,93.0646,47.0976,6.826,41.0246,5.0401,0.0118,8.5195,7.5272,65.9549,218.783,0.4346,17.9984,818.0593,7.4176,9.1829,13.5814,0.3941,69.4197,249.6354,198.3435,1.983435,2.099234,0.807762254
1233,PET,Olive Pomace,65.1091,34.8909,60.0089,4.9889,34.7753,0.1913,0.0357,1.7122,2.7212,88.8862,184.1213,0.2723,6.6804,801.6883,14.1438,33.9127,3.2364,2.0649,46.6302,266.3853,242.652,2.42652,6.5397648,0.417064993
1234,PU,Cherry Stone,0.8605,99.1395,48.7173,6.2278,44.4026,0.4624,0.1898,1.0079,7.5185,70.4784,219.8894,0.415,20.9952,994.7202,5.7418,9.355,15.0649,0.0005,69.7749,250.3091,193.9043,1.939043,1.7990234,0.613768038
1235,PS,Castor Seed Hull,62.8251,37.1749,73.1109,7.3791,19.4281,0.0818,0,0.8736,1.2154,90.7623,304.5342,0.3097,7.1487,873.9478,16.9022,29.9423,1.1409,1.4873,50.5256,390.0052,370.0502,3.700502,6.1306208,0.564492374
1236,PET,Elephant Grass,34.4329,65.5671,48.8929,4.9017,44.8664,1.3391,0,0.3996,7.7564,79.3753,201.9686,0.412,12.4687,764.2566,6.6165,14.1318,15.7816,1.2052,62.2636,256.7013,200.6665,2.006665,2.9266504,0.46819938
1237,PE,Sorghum Stalk,66.8717,33.1283,72.6377,9.7603,16.3386,0.5714,0.6919,1.6783,3.3179,87.9104,327.587,0.3152,7.0934,759.6916,16.9936,25.1764,2.224,2.928,52.5543,403.7889,383.3848,3.833848,6.0557592,0.674981332
1238,PP,Plum Stone,24.1137,75.8863,57.2241,8.3482,33.6385,0.6602,0.129,16.0997,5.5821,75.3854,236.5258,0.3758,2.9328,960.1411,17.6578,24.7316,4.2333,0.2888,53.0615,294.5965,274.3718,2.743718,5.1266144,0.71397726
1239,PU,Castor Seed Hull,27.5278,72.4722,50.1375,6.258,42.2421,1.3156,0.0468,1.4581,2.5346,81.6608,208.6083,0.3588,14.3465,948.9823,12.4583,19.0058,9.9729,0.0829,58.4651,259.5805,220.7205,2.207205,3.7699054,0.6554999
1240,PP,Cherry Stone,69.7723,30.2277,74.3788,11.5406,13.8932,0.13,0.0574,0.3073,2.2908,90.6555,481.4428,0.4173,6.7464,924.4266,16.4167,20.5835,3.4924,0.4728,59.0256,541.7364,500.7763,5.007763,4.535787,0.797566012
1241,PET,Sorghum Stalk,24.7613,75.2387,49.7823,6.2301,41.688,0.9864,1.3131,3.8117,7.5874,71.2585,232.0793,0.4332,17.3424,848.9794,7.1976,11.0683,13.9702,0.2131,67.1674,269.7804,213.1102,2.131102,2.2482364,0.650289566
1242,PU,Banana Stems,83.6693,16.3307,61.325,7.8153,27.0696,3.6479,0.1422,0.5809,2.0133,94.2416,307.1716,0.3703,3.1642,858.3218,15.4195,25.0384,3.8662,1.1876,54.4591,383.8162,351.3984,3.513984,5.2453052,0.615834079
1243,PET,Castor Seed Hull,55.105,44.895,54.1158,4.8528,40.9158,0.1156,0,0.9033,1.5836,86.0694,156.0856,0.2629,11.4437,996.3403,16.4706,31.6417,5.5997,0.1396,46.1477,228.1376,207.7844,2.077844,5.8156558,0.520534611
1244,PET,Banana Stems,58.8113,41.1887,52.6105,4.7871,42.247,0.3554,0,1.4652,3.9354,86.7636,240.8463,0.4361,7.8358,894.4716,8.4118,20.5011,11.1582,0.2232,59.7051,305.2466,248.034,2.48034,3.5715186,0.410309691
1245,PS,Castor Seed Hull,18.9023,81.0977,52.9195,6.0584,40.8437,0.1784,0,1.6695,2.6515,80.0839,272.1253,0.4467,15.5951,709.0027,5.4242,9.808,15.4802,1.6764,67.6093,318.537,247.2328,2.472328,2.4217728,0.553038336
1246,PS,Rice Husk,70.7183,29.2817,78.1561,7.1193,14.5152,0.1832,0.0262,1.4006,2.3133,91.7474,418.3296,0.4043,4.5387,825.7945,11.1156,25.6505,3.209,1.3573,58.6622,497.6955,437.9137,4.379137,4.9183612,0.433348278
1247,PE,Cocoa Beans Husk,49.8526,50.1474,64.552,8.5372,25.2521,1.4286,0.2302,4.0118,5.5719,83.72,367.6453,0.4405,6.6963,835.8709,11.8093,19.2741,6.2779,1.0275,61.5701,424.2093,368.1615,3.681615,4.071786,0.612703057
1248,PU,Coffee Husk,83.8487,16.1513,61.9552,7.946,26.4346,3.5216,0.1425,0.3661,2.0112,94.2795,239.2934,0.2831,3.3432,897.9699,21.2364,30.2107,1.2028,1.3778,45.9405,327.2218,325.6719,3.256719,6.5933318,0.702942997
1249,PET,Banana Stems,21.7046,78.2954,43.9984,5.1956,50.1579,0.648,0,2.7853,7.2916,79.6226,142.0207,0.3389,10.3005,864.6415,11.5776,20.2964,13.8602,0.5705,53.6941,197.7037,163.2066,1.632066,4.0119662,0.570426282
1250,PU,Beetroot Pellets,45.93,54.07,51.2263,6.6309,39.2165,2.5725,0.3538,0.4373,4.0806,87.6954,226.3089,0.3682,7.7867,671.3438,9.4244,17.7462,10.9092,3.4313,58.3856,289.5654,241.2534,2.412534,4.4822618,0.531065806
1251,PS,Beetroot Pellets,13.2301,86.7699,45.7218,5.6622,47.1409,1.0326,0.4425,0.7283,6.1063,81.7677,174.406,0.3644,11.3977,977.5586,11.4823,19.7062,11.7593,0.0263,56.8734,227.6305,189.5649,1.895649,3.732485,0.582674488
1252,PU,Elephant Grass,54.1956,45.8044,54.8025,6.8693,35.0318,3.2043,0.0921,0.2791,5.6932,85.7365,245.7948,0.3678,8.2912,873.6252,14.0847,22.4658,6.5868,0.7961,56.0431,308.8238,273.4806,2.734806,4.6368422,0.626939615
1253,PP,Cherry Stone,25.8762,74.1238,58.1416,8.1869,33.2119,0.3187,0.1408,0.7535,5.6175,77.8117,307.648,0.4098,15.8173,960.4229,12.5317,16.8694,7.6627,0.0591,62.8459,348.6287,300.8283,3.008283,3.5001258,0.742865781
1254,PU,DDGS,78.8483,21.1517,62.8522,8.045,24.4336,4.3658,0.3035,2.6049,2.2951,91.3204,337.9034,0.3998,3.7796,966.2387,15.5447,24.1599,3.6641,0.2272,56.3492,409.3018,373.9398,3.739398,4.8043126,0.64340912
1255,PU,Cocoa Beans Husk,21.909,78.091,48.1664,6.4136,42.1745,2.9818,0.2637,6.2473,8.8082,74.206,180.9929,0.3598,10.7385,764.724,11.1784,17.5934,11.1881,1.8757,58.0809,231.807,194.767,1.94767,4.0955362,0.635374629
1256,PP,Corn Cobs,68.6418,31.3582,73.6564,11.4197,14.7608,0.1631,0,0.1892,4.3253,89.952,448.7452,0.4023,5.5335,712.8492,12.7531,18.8039,4.8968,2.9815,60.5601,509.9706,454.9753,4.549753,4.8140032,0.678215689
1257,PS,Rice Straw,0.3466,99.6534,50.8847,6.098,42.8043,0.213,0,5.1952,8.4753,76.1682,213.4635,0.406,10.1613,862.8925,10.5994,18.5522,10.8175,0.5387,59.4913,264.8241,220.4708,2.204708,3.675167,0.571328468
1258,PET,Chlorella Vulgaris,18.3081,81.6919,53.9436,6.1034,31.3698,8.1339,0.4493,1.573,7.5325,76.7387,249.0517,0.3964,14.1558,882.2603,10.584,17.6262,8.6529,0.3799,62.6435,300.8776,253.4642,2.534642,3.4999774,0.600469755
1259,PS,Safflower Seed,97.1278,2.8722,89.0315,8.451,2.4312,0.0862,0,0.2347,0.2711,98.7089,367.5109,0.285,0.7853,692.5078,11.8895,18.7579,4.2608,3.6303,61.4564,412.237,367.1228,3.671228,4.9472088,0.633839609
1260,PE,Colza seed,13.9083,86.0917,50.0109,7.1537,38.1336,4.6782,0.0236,7.8812,6.9633,68.5041,242.1732,0.4333,16.6514,686.06,6.1253,8.244,14.0319,2.1319,69.4575,277.0909,218.6082,2.186082,2.4634966,0.74300097
1261,PP,Cocoa Beans Husk,70.8223,29.1777,73.2149,11.5275,14.4027,0.7703,0.0846,2.3342,3.242,90.1793,379.8141,0.344,4.2445,652.9718,12.0715,15.4925,5.935,4.7421,61.7361,426.5153,378.514,3.78514,4.9534488,0.779183476
1262,PS,Sorghum Bagasse,33.6019,66.3981,75.6771,8.5943,15.5825,0.0531,0.093,4.0987,5.9981,80.4702,249.9921,0.2541,9.433,694.6561,15.2768,20.4752,4.3059,4.1441,55.7703,297.5201,275.1699,2.751699,5.7133574,0.74611237
1263,PS,Sorghum Stalk,10.3868,89.6132,50.3271,7.0248,39.9181,1.1659,1.564,4.5607,8.975,67.3127,214.1735,0.3831,19.1516,750.0152,8.2898,10.5324,13.2198,1.4724,66.0097,248.7317,200.362,2.00362,2.7495,0.78707607
1264,PE,Banana Stems,64.1481,35.8519,69.1228,9.133,21.2067,0.4284,0.1091,1.2754,3.318,91.184,312.4155,0.3238,4.2226,917.3652,19.9641,27.5204,1.558,0.9858,49.9512,393.7914,384.5163,3.845163,5.9766096,0.725429136
1265,PU,Rubber Wood,66.6835,33.3165,60.7814,7.7022,28.5352,2.8678,0.1134,1.6116,2.7244,89.7118,242.8713,0.3038,5.9522,908.9097,19.6413,28.1477,2.4566,0.9673,48.7612,320.8677,310.1995,3.101995,6.014164,0.697794136
1266,PP,Rice Straw,78.1161,21.8839,77.9417,12.1517,9.8598,0.0468,0,1.1407,1.8612,94.3761,379.9218,0.31,2.622,877.2482,22.3151,26.0089,0.6558,1.8385,49.1794,467.471,474.2012,4.742012,6.3453352,0.857979384
1267,PP,Colza seed,33.3817,66.6183,58.0067,8.9536,29.4424,3.5974,0,6.0985,5.3882,75.4636,254.0968,0.3396,13.0497,776.1824,15.5268,18.7848,6.1217,2.1094,57.4541,304.0527,275.8823,2.758823,4.7989444,0.826561901
1268,PE,Rice Straw,51.0772,48.9228,68.7435,8.6999,22.258,0.2118,0.0868,2.5501,4.1608,88.2904,262.6257,0.2848,4.9987,890.2612,21.1591,29.7018,0.8599,1.5811,46.6798,346.3582,345.637,3.45637,6.5936434,0.712384435
1269,PS,Colza seed,98.7616,1.2384,89.6307,8.4723,1.8301,0.0669,0,0.3109,0.1002,99.3494,557.1793,0.4284,0.2395,768.5412,9.9086,24.7848,2.6291,2.0391,60.6364,644.5506,564.0488,5.640488,4.9230114,0.399785352
1270,PET,Rice Straw,5.5465,94.4535,51.3814,5.9923,42.4227,0.2035,0,4.9235,8.0447,77.1179,205.1487,0.3848,9.9139,930.5556,12.0414,21.1821,9.3702,0.1711,57.2345,259.0182,220.2385,2.202385,4.0306696,0.568470548
1271,PE,Soybean Cake,17.5473,82.4527,61.1715,7.3854,23.7163,7.697,0.0298,4.2628,27.2094,60.3038,191.423,0.3233,8.224,942.4743,18.2819,26.3581,2.6035,0.5533,52.1959,245.7601,233.3078,2.333078,5.4936472,0.693597035
1272,PET,Plum Stone,52.4431,47.5569,55.5358,5.4114,38.5422,0.4298,0.0808,10.0894,3.6084,81.8652,143.5436,0.2532,4.437,820.0233,16.9967,34.8619,3.1873,2.0421,42.886,219.4188,206.1188,2.061188,6.9593148,0.487543708
1273,PP,Cocoa Beans Husk,31.8361,68.1639,56.7198,8.4242,32.8588,1.7995,0.1977,5.4531,7.5738,77.7254,252.868,0.3641,9.2477,809.1111,14.8546,20.1411,6.4234,1.6046,56.93,306.3885,274.8179,2.748179,4.7165222,0.737526749
1274,PP,Elephant Grass,29.3,70.7,54.7068,7.7345,36.1262,1.4325,0,0.4308,8.2857,79.5858,287.4487,0.4288,11.6977,741.284,9.1941,14.0081,10.6285,1.9019,64.2648,333.8199,276.1479,2.761479,3.4388636,0.656341688
1275,PET,Durian Shell,28.7472,71.2528,60.8447,7.2809,29.614,2.1891,0.0713,4.7786,3.1939,78.5328,288.9804,0.3837,13.4947,856.484,12.4295,19.5906,6.9789,0.8164,60.1678,342.4095,297.4607,2.974607,4.1030728,0.634462446
1276,PE,Sorghum Stalk,89.2804,10.7196,81.6627,10.7341,6.9373,0.327,0.3389,0.5431,1.0736,96.0745,372.9301,0.2984,2.3088,883.3096,20.9269,26.1607,0.6398,1.7072,50.5134,454.8165,453.6229,4.536229,6.167531,0.799936546
1277,PS,Olive Pomace,56.4494,43.5506,75.2956,7.5017,16.9442,0.2139,0.0446,2.2501,3.226,90.3302,313.4564,0.3174,4.1937,744.964,13.1065,25.7567,3.0603,2.8006,55.2641,384.8642,348.4022,3.484022,5.663461,0.508857889
1278,PU,Corn Cobs,95.4555,4.5445,64.8679,8.1809,22.7561,4.0328,0.1623,0.0274,1.1995,96.5987,255.0296,0.2797,2.1744,843.8576,20.1469,29.6112,1.0594,2.113,47.035,343.7796,339.5523,3.395523,6.6633304,0.680381072
1279,PE,Spirulina Sp.,19.4122,80.5878,48.3294,7.0981,38.6803,5.3999,0.4924,1.5951,4.6332,80.02,200.8074,0.3404,13.7517,913.5243,15.2565,18.76,8.18,0.3314,57.3256,250.8963,222.0646,2.220646,4.1301032,0.813246269
1280,PET,Açaí Seed,60.9275,39.0725,56.4957,5.1435,38.0371,0.3237,0,5.5522,3.7422,84.2029,175.0353,0.2925,6.5027,905.4878,15.5652,32.148,4.2587,0.8007,47.2263,249.7092,227.972,2.27972,6.0183402,0.484173199
1281,PU,Colza seed,25.2987,74.7013,49.6367,6.9503,38.2736,5.0964,0.043,6.8385,6.1938,72.1449,224.2173,0.4007,14.8228,736.415,8.6535,12.1266,12.2249,1.8462,65.1342,265.9122,216.7453,2.167453,3.1234692,0.713596556
1282,PP,Soybean Cake,34.7175,65.2825,66.1919,9.0998,18.6434,6.065,0,3.3751,21.5432,68.3994,220.8603,0.2951,6.6823,758.2841,18.0107,25.2913,2.2281,3.0666,51.3992,281.8143,270.8745,2.708745,6.2297022,0.712130258
1283,PP,Coconut Shell,34.8649,65.1351,59.8021,8.7633,31.3109,0.1238,0,2.4751,9.3143,84.8447,251.0494,0.3346,3.3659,775.5768,16.8101,24.683,4.2606,2.3863,51.8566,318.8317,297.2911,2.972911,5.7798442,0.681039582
1284,PET,Castor Seed Hull,53.6118,46.3882,53.8479,4.87,41.1636,0.1185,0,0.9333,1.6292,85.7829,253.0544,0.4291,11.6546,660.5445,4.7599,12.9464,16.0433,2.4931,63.7541,315.8437,243.7517,2.437517,3.0378454,0.367662053
1285,PE,Sorghum Stalk,41.2462,58.7538,62.3172,8.6467,27.0895,0.851,1.0955,2.9765,5.8844,78.5743,292.0711,0.3589,12.5648,903.4375,16.297,21.2394,4.8975,0.6077,56.7366,346.5487,317.0435,3.170435,4.653797,0.767300395
1286,PP,Spirulina Sp.,74.6749,25.3251,73.8345,11.8898,12.4472,1.6841,0.1444,0.5013,1.456,93.349,410.5207,0.35,4.6937,892.679,20.4252,23.5393,1.8305,1.1315,53.0519,486.933,477.4112,4.774112,5.5769504,0.867706346
1287,PU,Spirulina Sp.,16.9649,83.0351,43.7438,6.4781,43.0415,6.2344,0.5021,1.6435,4.8757,79.0627,136.706,0.2725,14.4181,720.2265,13.6813,16.8056,11.8205,2.9171,54.5685,188.3403,162.3041,1.623041,4.6394078,0.814091731
1288,PE,Sugarcane Straw,45.0881,54.9119,62.4203,8.3227,28.9727,0.2077,0.0766,6.5848,4.1028,83.8279,288.8482,0.3693,5.4845,716.7643,12.3891,21.5671,6.0524,2.9654,57.0064,352.7763,311.2354,3.112354,5.1170906,0.574444408
1289,PE,Olive Pomace,46.0299,53.9701,69.787,8.5078,21.2101,0.3618,0.1335,2.6485,3.9978,88.1474,296.0605,0.3177,5.2063,771.7663,16.1531,27.0581,2.3325,2.6533,51.775,374.2985,351.4691,3.514691,6.1037368,0.596978354
1290,PS,Peach Stone,55.0554,44.9446,67.9635,7.8065,22.3242,1.771,0.1348,1.2434,2.4869,86.241,317.0067,0.3474,10.0287,839.1073,14.9223,24.3772,3.7518,1.3823,55.5387,386.6955,352.7729,3.527729,5.177999,0.612141673
1291,PE,Spirulina Sp.,28.2656,71.7344,52.4657,7.5487,34.699,4.8297,0.4569,1.4198,4.1242,82.2129,292.4125,0.4367,12.2431,991.8711,11.2404,16.4615,8.2801,0.0156,63.8966,337.8078,286.5898,2.865898,3.293697,0.682829633
1292,PET,DDGS,8.4721,91.5279,53.1118,6.9287,34.662,4.5643,0.7333,11.2718,7.9025,69.1218,211.5656,0.3726,11.7039,959.5176,14.0371,20.573,6.953,0.1144,58.1384,259.6599,228.4767,2.284767,4.14916,0.682306907
1293,PS,Corn Cobs,29.2323,70.7677,60.0531,6.8007,32.7782,0.368,0,0.4855,9.7611,78.0401,227.7153,0.326,11.7133,803.2603,13.9822,23.6849,6.1302,1.7111,54.4893,288.378,256.973,2.56973,5.1069488,0.59034237
1294,PET,Coconut Shell,92.7069,7.2931,60.9917,4.4581,34.508,0.0422,0,0.2771,1.2376,93.3999,219.8847,0.3183,5.0854,839.8498,11.7926,32.9116,3.8688,1.3403,50.0854,305.4774,269.5133,2.695133,5.9002898,0.358311355
1295,PP,Cocoa Beans Husk,47.6997,52.3003,63.4317,9.6869,25.349,1.3807,0.1517,4.184,5.8111,82.793,243.9219,0.2855,7.2119,731.9997,18.7796,24.5932,3.1172,3.6159,49.8571,312.8252,302.2581,3.022581,6.4214322,0.763609453
1296,PET,Sorghum Bagasse,82.6612,17.3388,63.2375,5.0809,31.6181,0.0392,0.0243,1.0528,1.7399,90.5283,321.0326,0.4341,6.679,797.2646,7.7081,22.114,8.2949,1.1912,60.6855,393.9717,324.7297,3.247297,4.0452884,0.348561997
1297,PE,Spirulina Sp.,66.467,33.533,70.3134,9.4932,17.5198,2.3695,0.3041,0.6637,1.9279,91.6746,365.1967,0.3562,5.7338,783.9952,15.5379,23.5464,3.1429,2.1743,55.5468,439.583,406.832,4.06832,5.423339,0.659884314
1298,PET,Soybean Cake,31.0298,68.9702,57.8399,5.8785,29.8645,6.4171,0,3.5658,22.8253,65.15,184.4841,0.3379,8.4589,686.7618,9.7136,22.7201,7.258,3.3758,56.9281,240.7313,205.6002,2.056002,5.1203378,0.42753333
1299,PU,Rice Husk,84.9815,15.0185,63.1936,7.606,25.3793,3.6632,0.1579,0.6458,1.6963,94.0639,329.0989,0.386,3.594,686.3314,10.0505,21.5136,6.2342,3.4117,58.755,404.2596,348.6351,3.486351,5.0175562,0.467169604
1300,PE,Pistachio Soft Shell,32.1208,67.8792,58.5229,7.3716,32.8024,1.2486,0.0546,13.25,6.754,69.8145,282.342,0.4476,10.1815,916.2812,10.9868,18.1296,7.97,0.1886,62.7131,327.0931,277.6064,2.776064,3.5384228,0.606014474
1301,PP,Colza seed,95.7915,4.2085,83.8194,13.5407,2.4127,0.2273,0,0.3853,0.3404,97.9815,464.9764,0.3322,1.2928,709.2414,16.3901,19.1917,2.9531,3.7826,57.6765,525.0525,495.0834,4.950834,5.5424558,0.854020227
1302,PET,Nectarine Stone,0.1563,99.8437,48.5913,6.2171,44.4628,0.4993,0.2296,1.6468,8.3535,70.5957,182.2723,0.3506,19.404,796.0812,9.1603,12.2276,14.4494,0.946,63.1339,220.754,177.7637,1.777637,2.868658,0.749149465
1303,PP,Plum Stone,75.4412,24.5588,76.3897,12.0695,11.2854,0.2137,0.0417,5.2103,1.8065,91.6959,495.8613,0.4308,1.2873,714.7111,12.0863,18.6849,4.8005,2.8781,61.5405,558.3463,494.7724,4.947724,4.6899776,0.646848525
1304,PET,Cotton Husk,32.2344,67.7656,54.1942,7.088,37.7581,0.9597,0,1.9111,4.1319,83.3948,166.7264,0.2535,10.5622,813.8633,19.6981,27.2358,4.9713,2.0244,46.0675,233.9699,223.6887,2.236887,6.2838408,0.723242938
1305,PET,Spirulina Sp.,35.6439,64.3561,47.426,5.4768,42.4398,4.2906,0.3668,1.2738,3.7749,82.1547,153.4735,0.2954,12.7966,988.5898,15.082,24.0666,8.6372,0.0639,52.0196,212.9174,187.3443,1.873443,4.6841238,0.626677636
1306,PE,Cotton Stem,53.6811,46.3189,68.7342,8.8083,21.6205,0.6403,0.1968,2.1608,6.7436,80.7359,391.3674,0.4317,10.3597,794.7977,10.942,18.0082,6.5664,1.4457,63.0029,443.9165,381.9939,3.819939,3.9683298,0.607612088
1307,PE,Safflower Seed,43.7179,56.2821,65.4512,8.7781,23.9161,1.7803,0.0743,0.7917,5.3132,78.4987,365.8585,0.4121,15.3964,675.2745,8.4912,13.5643,9.0682,2.9638,65.8935,411.4241,342.7913,3.427913,3.6871918,0.625996181
1308,PP,Cherry Stone,30.7523,69.2477,59.9453,8.5595,31.0659,0.2978,0.1316,0.704,5.248,79.2383,297.8105,0.3751,14.8097,955.7814,15.4047,19.4001,6.0017,0.1517,59.013,345.2183,310.1101,3.101101,4.1624288,0.794052608
1309,PS,Coffee Husk,24.7007,75.2993,54.3322,6.7763,38.8916,0,0,1.7561,7.0316,81.45,256.5952,0.4099,9.7623,731.8677,9.0511,16.4591,11.0163,2.1207,61.3501,311.14,256.6955,2.566955,3.810576,0.549914637
1310,PET,Olive Pomace,29.0249,70.9751,57.774,5.6665,36.1294,0.3575,0.0726,3.483,5.3184,82.8837,166.6706,0.261,8.3149,658.5834,10.282,21.4013,10.1742,4.45,53.6618,225.3908,191.1045,1.911045,5.4001198,0.480438104
1311,PET,Plum Stone,70.0432,29.9568,57.991,5.0125,36.6635,0.2821,0.0509,6.3555,2.3507,86.6115,237.1714,0.3833,4.6823,800.911,9.752,25.8475,7.3865,1.4402,55.5599,310.0421,262.3643,2.623643,4.8255926,0.377289873
1312,PET,Castor Seed Hull,79.6377,20.3623,58.5169,4.5691,36.8448,0.0692,0,0.4097,0.833,90.7801,193.3833,0.2936,7.9772,916.4195,14.1057,32.9173,4.194,0.6463,48.1358,274.4713,246.6843,2.466843,5.9023708,0.42851935
1313,PS,Cocoa Pod Husk,10.3098,89.6902,42.8077,5.8987,49.6702,1.4261,0.1973,9.6774,11.0555,69.7538,118.387,0.3087,9.5133,975.4529,15.7464,23.4007,10.5481,0.0764,50.1522,167.5713,146.7066,1.467066,4.6764506,0.672902947
1314,PU,Cotton Stalk,42.2482,57.7518,54.4593,7.4086,34.762,2.5516,0.8184,10.6274,6.3353,74.8416,201.1053,0.3309,8.1957,909.5851,17.4587,24.3918,5.0957,0.6544,52.1984,259.0778,239.7328,2.397328,5.1931816,0.715761034
1315,PE,Beetroot Pellets,88.8322,11.1678,80.7267,10.5333,8.2127,0.3194,0.208,0.0903,0.7859,97.6391,330.4509,0.2673,1.4847,749.2432,19.07,22.4494,2.0707,3.3277,53.0404,392.6722,382.84,3.8284,6.079501,0.84946591
1316,PS,Açaí Seed,38.5576,61.4424,64.055,7.2125,28.2528,0.4797,0,8.8081,5.6834,80.1692,326.7256,0.4432,5.3393,975.3049,12.0189,22.4864,5.5312,0.0797,59.8833,385.5386,335.4165,3.354165,4.1598602,0.534496407
1317,PE,Soy Peel,85.6578,14.3422,80.1089,10.5547,8.5949,0.5958,0.1456,1.0356,1.626,96.0319,484.743,0.4019,1.3065,835.5921,14.9011,23.6368,2.4911,1.4818,57.4684,563.5341,518.4979,5.184979,5.11804,0.630419515
1318,PE,Beetroot Pellets,3.8048,96.1952,40.7298,5.4571,52.1633,1.1527,0.4971,0.778,6.7695,79.8159,159.1645,0.4021,12.6366,899.2579,7.8805,12.7222,17.5457,0.0462,61.6039,205.3727,159.9584,1.599584,2.4706308,0.61942903
1319,PP,Rice Straw,5.077,94.923,52.5153,6.4837,40.7981,0.2029,0,4.948,8.073,77.2747,219.0445,0.3878,9.7043,760.3133,10.1738,18.0997,10.7291,1.8529,59.1422,272.7099,227.5511,2.275511,4.0426708,0.562097714
1320,PP,Cotton Husk,32.5101,67.4899,61.8308,10.1706,27.0527,0.9459,0,1.9033,4.0476,85.0046,231.6685,0.2625,9.0445,656.5342,16.2993,17.5808,5.9824,5.6963,54.4311,281.6639,262.5093,2.625093,6.0147806,0.927107981
1321,PU,Chlorella Vulgaris,43.4787,56.5213,58.0088,7.2739,26.8826,7.45,0.3848,1.0883,5.4458,83.67,279.6057,0.3756,9.7959,794.0089,12.4608,20.1934,6.3222,1.6412,59.296,341.1882,298.8068,2.988068,4.4776844,0.617072905
1322,PU,Açaí Seed,82.7847,17.2153,62.584,7.9575,25.7065,3.6114,0.1407,2.4463,2.089,92.7353,280.3517,0.3348,2.7294,845.8886,17.1847,27.1645,2.6587,1.5506,51.4118,360.8628,340.0454,3.400454,5.8337894,0.632616098
1323,PU,Spirulina Sp.,95.6109,4.3891,64.53,8.1848,22.7902,4.3075,0.1876,0.0869,0.8259,96.9139,349.3043,0.3835,2.1733,756.4929,12.9059,23.4488,4.3403,2.348,56.9212,428.009,382.6273,3.826273,5.18897,0.550386374
1324,PET,Cocoa Beans Husk,88.1643,11.8357,59.9306,4.5178,35.1778,0.3394,0.0343,0.9469,1.5002,91.4784,189.8044,0.2826,6.0745,692.6173,9.0678,26.5457,8.3173,3.2533,52.8016,262.3796,221.1183,2.211183,5.488762,0.341592047
1325,PET,Rice Straw,7.2281,92.7719,51.5735,5.9628,42.2633,0.2005,0,4.8358,7.9052,77.4308,213.0025,0.3974,9.8282,802.6272,9.8789,18.4431,11.2455,1.2058,59.2251,267.1581,220.9706,2.209706,3.8224282,0.535642056
1326,PS,Durian Shell,36.7342,63.2658,71.29,8.4799,18.2309,1.9359,0.0633,4.3165,2.7823,82.2209,288.3015,0.302,10.6803,828.1723,17.9847,26.5859,1.9493,1.8872,51.5786,361.4226,345.8469,3.458469,5.9677886,0.676475124
1327,PS,Hazelnut Shell,41.5954,58.4046,67.1896,6.5737,25.4192,0.8176,0,0.7096,5.0008,90.3165,271.7192,0.3261,3.9731,773.8627,13.4302,29.4941,2.6629,2.4127,51.9974,354.1302,321.9037,3.219037,6.0304648,0.455352087
1328,PP,Cotton Husk,75.2583,24.7417,76.8609,12.5011,10.2912,0.3468,0,0.6977,1.4839,94.186,379.5645,0.3077,3.6324,732.0287,18.7471,21.5338,2.4207,3.5828,53.7101,447.4449,434.2179,4.342179,6.020588,0.870589492
1329,PP,Rice Husk,2.8843,97.1157,50.1204,4.0822,45.1029,0.6076,0.0868,4.176,7.6721,73.0845,155.106,0.338,15.0674,983.769,8.4195,20.9535,13.5493,0.0117,57.0336,209.3925,167.6674,1.676674,3.5536356,0.401818312
1330,PP,Coconut Shell,99.6324,0.3676,85.4146,13.8213,0.7634,0.0007,0,0.014,0.0526,99.4172,487.2444,0.3375,0.5162,964.5521,22.8751,25.3278,0.3451,1.0241,50.4263,582.0307,593.0323,5.930323,6.0284414,0.903161743
1331,PU,Peach Stone,93.2538,6.7462,64.0058,8.191,23.442,4.1825,0.1788,0.1701,0.9327,96.0025,365.3406,0.4057,2.8947,999.4262,15.6718,24.4666,3.3612,0.1126,56.3578,440.6695,403.7375,4.037375,4.8156568,0.64053853
1332,PS,Chlorella Vulgaris,95.0471,4.9529,88.3133,8.3981,2.7685,0.4928,0.0272,0.2855,0.4544,98.4585,562.6455,0.4413,0.8016,774.7952,9.6193,23.836,3.1702,1.8443,61.5251,646.7471,561.9045,5.619045,4.7024798,0.403561839
1333,PU,Cocoa Beans Husk,18.2432,81.7568,47.3438,6.326,43.1375,2.9246,0.2681,6.5405,9.1935,73.0933,185.1249,0.3814,11.1727,849.2677,11.5567,17.5305,11.0455,0.7034,59.0814,233.0534,195.6723,1.956723,3.7087838,0.659233907
1334,PP,Soy Peel,88.9001,11.0999,81.0628,13.0564,5.5588,0.3219,0,0.8015,1.2584,96.4977,412.7508,0.3126,1.4424,815.7342,21.2276,24.0932,1.0396,2.4583,51.178,494.4032,495.4702,4.954702,6.2083954,0.881061876
1335,PU,Colza seed,40.128,59.872,52.8235,7.2143,34.9755,4.9185,0.0682,5.4809,5.0833,77.2598,223.4012,0.3558,12.176,738.3442,11.7188,17.4024,9.0195,2.3571,59.4807,275.6226,236.4466,2.364466,4.3021746,0.67340137
1336,PP,Coconut Shell,46.9043,53.0957,64.5631,9.7035,25.6325,0.1009,0,2.0176,7.5927,87.5535,265.5327,0.3058,2.8362,790.5144,19.6862,26.4932,2.3307,2.5071,48.9792,341.0875,332.874,3.32874,6.3617946,0.743066145
1337,PET,Hazelnut Shell,43.2013,56.7987,55.7127,4.8279,38.651,0.8083,0,0.6092,4.954,88.3696,254.0588,0.423,6.0672,992.8277,9.5513,24.3248,8.083,0.0263,58.0142,322.8653,269.8308,2.698308,4.1058806,0.392656877
1338,PET,Rice Husk,96.2718,3.7282,61.6814,4.3134,33.949,0.0528,0.0033,0.1603,0.4967,93.8553,253.9645,0.3617,5.4877,797.056,9.054,28.956,5.9695,1.4999,54.5186,337.2705,285.9791,2.859791,5.1632522,0.31268131
1339,PP,Rubber Wood,81.2323,18.7677,79.0658,12.4792,8.4173,0.0378,0,0.9078,1.3094,94.5833,382.174,0.3021,3.1995,901.4679,23.4097,25.7665,0.5272,1.6476,48.6469,469.3036,482.2211,4.822211,6.3646674,0.908532397
1340,PS,Spirulina Sp.,0.3219,99.6781,39.424,6.1177,47.2616,6.6286,0.5682,1.9736,5.7308,75.2911,181.4654,0.4302,17.0045,929.5474,5.0823,6.7876,16.8433,0.0015,71.0607,214.6271,163.6292,1.636292,1.404663,0.748762449
1341,PET,Chlorella Vulgaris,73.0995,26.9005,59.461,4.9164,32.7757,2.699,0.148,0.518,2.6212,88.7788,285.6352,0.4171,8.082,790.1013,7.8449,21.4684,8.9173,1.2723,60.4617,356.7065,293.4089,2.934089,4.007751,0.365416147
1342,PU,Sorghum Bagasse,14.6066,85.3934,67.9421,8.5904,22.6413,0.6818,0.1445,5.1848,7.8016,74.6644,274.1937,0.3225,12.3492,881.7748,17.9578,24.4411,3.1629,1.0631,53.3454,334.851,316.3567,3.163567,5.3996108,0.734737798
1343,PU,Castor Seed Hull,36.8079,63.1921,52.129,6.5169,39.6066,1.685,0.0626,1.2714,2.2869,83.7415,231.8084,0.3707,12.7002,696.2148,8.9212,15.3327,12.0872,2.7048,60.9322,287.027,235.6214,2.356214,3.8637282,0.581841424
1344,PP,Elephant Grass,9.8327,90.1673,46.2114,6.0506,45.9111,1.827,0,0.5495,10.5672,74.1022,156.4517,0.3272,14.7811,910.2659,13.1326,18.4374,11.6463,0.2298,56.553,202.956,172.0902,1.720902,3.8237016,0.712280473
1345,PS,DDGS,9.1664,90.8336,55.7499,7.2906,31.7047,4.5271,0.7278,11.2047,7.8249,69.7841,164.1939,0.2675,11.1863,906.7443,20.9029,26.8373,3.4837,0.9389,47.6444,223.7628,217.7332,2.177332,5.9751392,0.778874924
1346,PE,Cotton Husk,60.2463,39.7537,71.8358,10.0862,17.2919,0.6837,0.1024,1.1211,2.3842,91.2509,295.6084,0.2807,5.2438,717.081,17.5478,22.1513,3.2377,3.8302,53.2069,358.6982,341.9646,3.419646,6.0574378,0.79217924
1347,PET,Cotton Stalk,17.2671,82.7329,48.9935,6.3503,42.4679,1.1187,1.0696,15.2243,8.7489,64.3071,125.6617,0.2733,11.7197,969.8336,18.9017,26.0523,6.7487,0.2062,47.7353,175.8255,163.0178,1.630178,5.397793,0.725529032
1348,PU,Soybean Cake,5.468,94.532,56.4276,6.6669,27.8842,9.0121,0.0093,4.8873,31.2284,54.378,144.6824,0.2938,9.5063,982.1631,19.4812,27.4968,2.7793,0.3041,49.9353,195.1444,187.2721,1.872721,5.6774342,0.708489715
1349,PP,Rice Husk,58.2943,41.7057,70.3407,9.6553,19.7058,0.2609,0.0373,1.7933,3.2948,88.156,323.2254,0.3244,6.7559,759.1647,16.7361,24.5423,2.8387,2.7599,53.1125,396.7464,373.8708,3.738708,5.8878728,0.681928752
1350,PET,Açaí Seed,20.2351,79.7649,50.5862,5.987,42.7978,0.629,0,11.3346,7.4207,73.2811,141.9668,0.2888,7.9636,737.6431,13.8377,25.3631,8.6066,2.8392,49.3495,201.4339,177.3926,1.773926,5.7066558,0.545583939
1351,PE,Elephant Grass,81.5533,18.4467,77.8524,10.0932,11.3707,0.545,0.1386,0.1124,2.1619,94.6955,520.0636,0.4488,3.0302,742.9989,10.4782,19.4237,5.1554,2.1999,62.7214,587.709,509.5714,5.095714,4.366596,0.539454378
1352,PET,Cherry Stone,72.1613,27.8387,58.3839,4.856,36.5655,0.1418,0.0529,0.283,2.2613,87.8836,196.3836,0.2979,9.5721,668.833,8.3384,22.9973,10.237,3.6151,54.7913,265.718,220.1753,2.201753,5.0924128,0.362581694
1353,PE,Olive Pomace,88.7168,11.2832,82.5946,10.6371,6.3641,0.2417,0.1624,0.5537,0.8358,97.5062,429.0863,0.34,1.1043,791.0063,16.5035,25.0093,1.5286,2.4416,54.4912,510.8525,483.6326,4.836326,5.8076426,0.659894519
1354,PS,Castor Seed Hull,41.7975,58.2025,63.4445,6.7469,29.6806,0.128,0,1.2546,1.9029,85.6502,310.123,0.3866,11.1923,915.2842,12.6963,22.6232,5.951,0.3718,58.3568,373.0008,326.3323,3.263323,4.354828,0.561207079
1355,PS,Peach Stone,28.3873,71.6127,54.7691,7.3968,34.7975,2.8218,0.2148,1.8625,3.9625,78.1958,225.7981,0.3286,15.9792,787.4515,13.6753,18.1776,8.2317,1.7587,58.0957,276.276,242.2031,2.422031,4.3969246,0.752316037
1356,PS,Chlorella Vulgaris,6.2376,93.7624,54.4766,6.6246,29.0538,9.3294,0.5157,1.8179,8.6013,74.4051,255.2603,0.3928,15.1757,979.2919,11.7258,17.9719,7.3055,0.0347,62.837,303.1591,259.982,2.59982,3.5432684,0.652451883
1357,PP,Corn Cobs,55.6047,44.3953,68.7075,10.4094,20.6522,0.2309,0,0.2679,6.1235,85.9824,391.7212,0.3977,7.6262,973.2193,17.2883,21.6641,3.5525,0.1977,57.2965,450.7946,419.9062,4.199062,4.6675896,0.798016073
1358,PE,Elephant Grass,87.9158,12.0842,80.6558,10.475,8.2904,0.4295,0.1495,0.0736,1.4162,96.5183,452.7152,0.3695,1.9919,785.7342,15.1881,24.723,1.9889,2.289,55.788,536.3659,498.651,4.98651,5.5748748,0.614330785
1359,PS,Sugarcane Straw,12.3359,87.6641,48.8887,6.2731,44.6577,0.1805,0,10.5369,6.5499,74.1719,205.8559,0.4236,8.7413,916.94,10.9423,18.6285,10.715,0.1554,59.5581,254.4911,212.3388,2.123388,3.5845926,0.587395657
1360,PP,Beetroot Pellets,97.3039,2.6961,84.3031,13.6176,2.0335,0.0321,0.0138,0.0218,0.1897,98.9478,586.7478,0.4142,0.8407,660.8152,10.5458,15.4862,5.4517,4.0492,64.4589,639.5539,558.6915,5.586915,4.5398212,0.680980486
1361,PE,Colza seed,55.7546,44.2454,67.4943,9.1205,20.7841,2.5063,0.0948,4.0504,3.5787,83.8035,319.7872,0.3479,8.5674,841.2689,16.7887,23.4197,3.3482,1.4562,54.968,386.0995,360.432,3.60432,5.2853814,0.7168623
1362,PP,Durian Shell,58.9737,41.0263,75.2009,11.6428,11.8599,1.2554,0.041,2.7515,1.8043,88.2234,361.7528,0.3141,7.2208,728.4894,17.5962,21.8518,2.6644,3.5318,54.3438,429.1142,410.3058,4.103058,5.9181008,0.805251741
1363,PS,Sorghum Bagasse,0.5399,99.4601,68.4454,8.6427,22.693,0.0796,0.1393,6.04,8.9847,70.8453,343.4395,0.4098,14.13,808.4136,11.5038,17.8307,6.6402,1.3051,62.6937,389.0469,336.3001,3.363001,3.9563044,0.645168165
1364,PU,Pistachio Soft Shell,5.8198,94.1802,46.7033,5.7183,45.6854,1.8832,0.0099,18.384,9.4058,58.0059,141.1959,0.3584,14.2043,802.1586,9.7612,15.4177,14.025,1.0704,59.7207,180.9165,146.9719,1.469719,3.380043,0.633116483
1365,PE,Cocoa Beans Husk,68.0069,31.9931,72.3093,9.5012,16.9937,0.9874,0.2084,2.5594,3.5548,89.6065,255.8637,0.2526,4.2793,746.076,19.6717,24.0491,2.3672,3.4797,50.3835,319.4123,313.1424,3.131424,6.4004628,0.817980714
1366,PU,Açaí Seed,8.3342,91.6658,49.1513,6.5625,43.2062,1.0658,0.0142,13.0257,8.5291,70.3553,131.1598,0.2746,8.0899,995.4894,20.5799,28.4737,5.4166,0.169,45.3554,187.7222,178.9806,1.789806,5.8708174,0.72276873
1367,PE,DDGS,49.2291,50.7709,68.8669,9.1534,18.8556,2.6338,0.4905,6.2525,4.3737,83.1114,308.5196,0.3378,6.2624,960.8809,19.6321,26.0771,1.8218,0.5113,51.8731,380.6797,368.6732,3.686732,5.5890268,0.752848285
1368,PET,Rubber Wood,40.8756,59.1244,55.5402,5.6415,38.6867,0.1316,0,2.86,4.2108,82.0446,154.6051,0.2512,10.8846,888.0546,18.1302,31.0403,4.6944,1.0626,45.071,224.9328,210.7474,2.107474,6.2495502,0.58408585
1369,PET,Sunflower Seed Hulls,9.3016,90.6984,74.7136,3.2147,20.7084,1.3633,0,0.907,9.5429,73.9291,341.2483,0.435,15.621,858.002,4.9371,22.1425,7.9125,0.3294,64.6781,405.7675,325.3337,3.253337,3.441087,0.222969403
1370,PP,Coffee Husk,94.2208,5.7792,83.0753,13.4086,3.5161,0,0,0.131,0.5397,98.1089,517.3494,0.3742,1.2204,803.8417,17.7375,22.5775,1.9241,2.0966,55.6613,597.0137,570.4443,5.704443,5.5109978,0.785627284
1371,PS,Colza seed,64.8051,35.1949,74.0106,7.7942,16.2947,1.9005,0,3.3515,2.8466,86.9958,245.9936,0.2514,6.8061,807.267,18.8799,27.5941,1.4269,2.4715,49.6247,315.6387,307.1109,3.071109,6.4006828,0.684200608
1372,PS,Sorghum Bagasse,56.9722,43.0278,80.7889,8.56,10.5564,0.0344,0.0603,2.7265,3.8869,87.2738,289.4038,0.2645,6.1128,702.7521,14.4691,20.5123,3.8972,3.7987,57.3044,337.7379,309.9933,3.099933,5.5071472,0.705386524
1373,PE,Cotton Stem,77.238,22.762,77.5051,10.0247,11.8657,0.4215,0.1832,1.0619,3.3139,90.5231,373.8351,0.332,5.1011,855.4044,18.4282,26.4497,1.2311,1.6768,52.1844,456.1084,440.2863,4.402863,5.9232022,0.696726239
1374,PET,Cotton Stem,92.6807,7.3193,61.1874,4.4582,34.2259,0.1117,0.0167,0.3415,1.2603,92.0361,209.0849,0.3015,6.3621,974.6829,14.3797,34.6728,2.6294,0.3234,47.9898,294.3528,267.5856,2.675856,6.0375576,0.414725664
1375,PS,Pistachio Soft Shell,38.0282,61.9718,62.5174,6.6769,29.7274,1.0783,0,12.1729,6.1662,72.3713,268.2009,0.3993,9.2896,929.3217,12.5221,22.8527,5.8425,0.274,58.5079,323.467,282.5588,2.825588,4.329919,0.547948382
1376,PS,Durian Shell,98.393,1.607,89.7201,8.4966,1.7326,0.0492,0.0016,0.3046,0.0707,99.3534,355.4405,0.2727,0.2713,676.392,11.5702,16.8992,4.8142,3.9837,62.7264,392.5793,347.8306,3.478306,4.8050454,0.684659629
1377,PS,DDGS,18.1475,81.8525,59.1562,7.4099,28.6987,4.0794,0.6558,10.1166,7.0512,72.7519,258.2378,0.3835,10.0803,771.3959,11.5635,19.404,7.134,1.8786,59.8752,311.5104,269.2571,2.692571,4.3663008,0.595933828
1378,PP,Soy Peel,43.9227,56.0773,62.84,9.8409,25.6927,1.6264,0,4.0493,6.3574,84.3323,266.6024,0.3144,5.261,830.1901,20.2567,24.8497,2.7604,1.8477,50.2827,335.8123,327.7331,3.277331,5.9802624,0.815168795
1379,PET,Cotton Stalk,30.9157,69.0843,51.1673,6.0176,40.9828,0.9392,0.8931,12.7128,7.3403,69.3193,152.6553,0.3072,10.6276,772.022,13.1185,22.8514,9.1175,2.1082,52.5205,206.8704,179.5456,1.795456,5.05081,0.574078612
1380,PU,Soy Peel,72.2692,27.7308,59.9648,7.842,28.2307,3.8396,0.1229,2.0024,3.5773,90.8506,312.8935,0.3981,3.5697,868.4552,14.3261,23.165,4.8318,0.935,56.7171,382.6031,343.7059,3.437059,4.8007388,0.618437298
1381,PP,Castor Seed Hull,7.1012,92.8988,47.1649,6.0837,46.547,0.2044,0,1.8691,3.0373,77.1937,211.3821,0.4062,17.8999,858.1947,7.5207,10.8311,15.4437,0.1496,66.0543,250.1293,196.6439,1.966439,2.230511,0.694361607
1382,PET,Cotton Stem,51.9509,48.0491,55.7204,5.1518,38.4552,0.5632,0.1095,2.2415,7.1046,77.2689,173.0765,0.2942,13.385,860.1241,13.4486,26.2974,7.5186,0.9799,51.7205,235.5143,206.1743,2.061743,5.1167254,0.511404169
1383,PU,Beetroot Pellets,42.2272,57.7728,50.2358,6.5179,40.4188,2.461,0.3664,0.4673,4.319,86.9958,218.8008,0.3687,8.2179,799.7272,12.2364,20.2814,9.2496,1.5151,56.6142,280.4469,240.5101,2.405101,4.4193934,0.603331131
1384,PU,Rice Husk,56.5973,43.4027,58.4756,6.3321,32.4086,2.6486,0.135,1.8663,3.7683,86.7947,289.3969,0.4111,7.5707,961.2645,12.1157,22.829,6.3214,0.1126,58.5917,353.7248,306.5603,3.065603,4.2252604,0.530715318
1385,PET,Beetroot Pellets,72.247,27.753,55.7229,4.5824,39.2008,0.3524,0.1415,0.2245,2.1048,90.3406,235.1883,0.3851,7.3301,804.4735,8.7417,23.857,9.4784,1.2242,56.6596,308.7457,255.2465,2.552465,4.3883492,0.366420757
1386,PU,Corn Cobs,19.3964,80.6036,51.1088,6.5228,41.1016,1.2338,0.033,0.4864,11.2341,74.6492,227.7002,0.4089,13.6303,751.8331,8.3619,13.4838,12.8795,1.6055,63.658,273.073,220.9021,2.209021,3.176813,0.620144173
1387,PE,Spirulina Sp.,27.002,72.998,51.8753,7.4844,35.2672,4.9111,0.462,1.4448,4.1969,81.8999,274.7942,0.4176,12.4584,841.6213,11.2221,15.4711,9.2557,0.7372,63.2009,322.3748,272.7246,2.727246,3.425263,0.725358895
1388,PP,Cotton Husk,81.2842,18.7158,78.9796,12.8297,7.9284,0.2623,0,0.5278,1.1225,95.4802,513.9425,0.3999,2.8695,691.5421,12.7472,18.873,4.2538,3.6415,60.4789,580.7593,521.8781,5.218781,5.0583526,0.675419912
1389,PP,Corn Cobs,34.0291,65.9709,60.5175,8.7373,30.4022,0.343,0,0.3981,9.0994,79.4131,314.6758,0.4044,11.0894,723.0291,10.7429,16.1028,8.3636,2.4528,62.3343,363.5111,310.2251,3.102251,4.0672884,0.667144844
1390,PE,Rubber Wood,42.8537,57.1463,65.9655,8.5403,25.2163,0.2051,0.0729,2.7643,3.9869,84.7347,291.3502,0.333,8.5141,693.7851,12.8895,22.2009,5.2499,3.7411,55.8985,357.8663,320.1556,3.201556,5.5286932,0.580584571
1391,PU,Cotton Husk,54.7351,45.2649,58.7692,8.3335,29.871,2.9333,0.093,1.2765,3.0431,88.9079,309.2738,0.3902,6.7725,941.3316,15.9183,22.2047,4.8878,0.3097,56.6602,372.3389,338.9735,3.389735,4.6278412,0.716888767
1392,PS,Sorghum Bagasse,54.3468,45.6532,80.2146,8.5639,11.121,0.0365,0.064,2.8806,4.1241,86.5095,307.3755,0.2842,6.4858,772.3706,16.3967,25.3576,1.9559,2.7183,53.5563,373.0979,352.2912,3.522912,5.9390526,0.646618765
1393,PU,Chlorella Vulgaris,1.8915,98.1085,52.357,6.5337,30.7252,9.8412,0.5428,1.8891,9.0113,73.1923,168.226,0.2733,15.9073,967.2155,19.0845,23.6693,4.7577,0.2476,52.0799,224.7674,211.7468,2.117468,5.1320986,0.806297609
1394,PU,Plum Stone,61.4398,38.5602,58.9535,7.6322,30.3283,2.9159,0.17,8.1807,3.205,86.2699,216.0894,0.3024,2.3444,900.18,19.9975,29.5786,2.1207,1.1453,47.1192,293.5661,285.8639,2.858639,6.296651,0.676080004
1395,PP,Cocoa Pod Husk,32.3074,67.6926,52.9322,8.2654,37.5772,1.0763,0.1489,7.2883,8.344,77.0261,222.4986,0.3608,7.3416,794.9043,15.0322,20.3131,7.1572,1.8274,55.6316,275.6148,246.7805,2.467805,4.8371374,0.74002491
1396,PU,Colza seed,3.6378,96.3622,44.9818,6.5648,43.0909,5.3563,0.0062,8.8214,7.8158,64.6739,164.9275,0.3547,18.6889,862.6767,10.6429,12.1932,12.7377,0.2959,64.1272,198.7234,163.466,1.63466,2.7917086,0.872855362
1397,PP,Cocoa Beans Husk,55.4962,44.5038,66.7304,10.3075,21.6581,1.1749,0.1291,3.5603,4.9449,85.2835,373.9312,0.3993,6.2113,958.457,17.3222,21.7422,3.6149,0.2733,57.0258,433.5558,403.9604,4.039604,4.7081562,0.796708705
1398,PE,Coffee Husk,58.3675,41.6325,67.9058,9.1233,22.7492,0.1226,0.0992,0.9436,3.8877,89.7595,303.3691,0.3219,5.4092,777.5258,17.1056,25.6973,2.7663,2.485,51.924,379.524,358.7575,3.587575,5.9748946,0.665657482
1399,PP,Peach Stone,29.0462,70.9538,53.7472,8.9618,34.2822,2.7959,0.2129,1.7891,3.9261,78.3074,237.314,0.3254,15.9774,984.5121,19.3408,19.4048,5.506,0.1058,55.5888,282.9126,265.8122,2.658122,4.5716876,0.996701847
1400,PP,Coffee Husk,32.8831,67.1169,56.7039,8.7235,34.5726,0,0,1.5212,6.2675,83.3454,319.6051,0.4342,8.8659,895.7597,13.246,17.9193,7.3329,0.409,61.0918,368.0616,321.0861,3.210861,3.8348218,0.739202982
1401,PE,Sugarcane Straw,85.1472,14.8528,79.6075,10.4217,9.6167,0.2094,0.1448,1.7811,1.1097,95.6111,480.4422,0.404,1.4981,885.0113,15.6466,24.0419,2.3257,0.9786,56.9871,558.9913,517.7184,5.177184,5.069451,0.650805469
1402,PU,Nectarine Stone,3.5157,96.4843,49.1719,6.2924,43.6777,0.6301,0.2279,1.5914,8.0932,71.5196,224.8026,0.4217,18.7958,678.892,4.6586,6.5756,17.3381,1.8319,69.5212,260.8245,199.1153,1.991153,1.9874746,0.708467668
1403,PP,DDGS,28.707,71.293,61.829,9.0868,24.9599,3.5532,0.5712,8.7799,6.1415,76.1552,204.8506,0.263,8.9234,905.7855,24.135,27.2688,1.58,1.2547,45.6378,273.7247,280.8181,2.808181,6.4916314,0.885077451
1404,PET,Cotton Stalk,64.3809,35.6191,56.4971,5.2019,37.3415,0.4991,0.4605,6.5546,3.8863,81.6091,236.6448,0.3973,7.95,823.9529,9.4296,22.4056,8.995,1.0262,58.0273,300.9567,250.9145,2.509145,4.208882,0.420859071
1405,PP,Rice Straw,23.9823,76.0177,59.0966,7.9508,32.7901,0.1624,0,3.9625,6.4652,81.7012,196.0148,0.2707,7.8711,963.735,23.0189,29.1199,2.3451,0.5779,44.9368,267.0198,267.9759,2.679759,6.3620368,0.790486918
1406,PP,Rice Husk,70.7535,29.2465,74.8873,10.9084,13.9951,0.183,0.0261,1.2576,2.3105,91.5449,481.4503,0.4273,4.887,701.377,10.8816,18.0417,5.6251,2.9636,62.4799,543.1219,473.1492,4.731492,4.5094358,0.603136068
1407,PP,Açaí Seed,26.2142,73.7858,57.586,8.3577,33.4802,0.5761,0,10.485,6.8252,76.1467,215.77,0.3235,6.5431,746.9451,15.8924,23.2287,5.465,2.7859,52.6238,274.9764,252.3741,2.523741,5.6405476,0.684170875
1408,PP,Peach Stone,93.776,6.224,82.7694,13.4212,3.5454,0.2453,0.0187,0.1569,0.3444,97.641,373.5048,0.2703,1.8577,705.066,19.7693,18.0202,2.6454,4.3699,55.1847,422.3856,415.7305,4.157305,5.9700538,1.097063296
1409,PS,Rice Straw,97.4907,2.5093,89.2104,8.4366,2.3476,0.0054,0,0.3258,0.2134,99.2049,429.9636,0.3331,0.2559,817.5895,14.1346,26.2352,1.2856,1.965,56.3776,507.6362,468.0784,4.680784,5.535642,0.538764713
1410,PU,Durian Shell,97.8397,2.1603,65.5738,8.2841,21.7983,4.1754,0.1685,0.1449,0.6819,97.3508,389.131,0.418,1.8224,764.9293,11.6671,21.82,5.0658,2.0462,59.3704,464.8423,407.844,4.07844,4.7419064,0.534697525
1411,PS,Safflower Seed,1.9377,98.0623,50.2938,6.9279,39.8365,2.9419,0,1.3832,9.2574,62.5489,166.8155,0.2911,26.8105,671.9169,8.3265,7.9323,14.2943,2.7894,66.653,194.436,156.7618,1.567618,2.897337,1.049695549
1412,PET,Banana Stems,4.4892,95.5108,40.0029,5.3852,53.8281,0.7838,0,3.3977,8.8487,76.3097,111.7231,0.3095,11.4439,873.3362,12.5151,18.6975,16.2432,0.4385,52.1048,161.6077,132.6598,1.326598,3.8644988,0.669346169
1413,PU,Pistachio Soft Shell,91.5673,8.4327,63.99,8.0506,23.8112,3.9926,0.1557,1.6461,1.3884,94.3372,255.6523,0.2916,2.6283,711.8352,15.0442,23.7281,4.1771,3.6713,53.3399,325.6249,299.9593,2.999593,5.9288396,0.634024637
1414,PET,Coconut Shell,63.7782,36.2218,56.3182,4.9519,38.6416,0.0883,0,1.3764,5.3136,88.2824,202.6845,0.3354,5.0276,859.6897,12.5671,29.687,5.8208,1.0362,50.8878,278.8295,244.5833,2.445833,5.4687684,0.423319972
1415,PE,Cherry Stone,51.609,48.391,67.8769,8.7853,22.8416,0.3165,0.1797,0.4919,3.6674,85.5887,352.4789,0.3761,10.252,972.0668,16.4291,23.0138,3.7256,0.1998,56.5993,415.1101,382.6488,3.826488,4.74561,0.713880367
1416,PS,Cherry Stone,83.9886,16.0114,83.5348,8.1308,8.2351,0.0688,0.0304,0.3307,1.2134,95.0672,448.6118,0.3806,3.3887,745.4821,10.8353,24.6244,2.9741,2.4941,59.0649,527.7922,466.2416,4.662416,5.1657746,0.440022904
1417,PP,Banana Stems,98.6192,1.3808,84.9166,13.7338,1.3383,0.0113,0,0.0491,0.1278,99.1679,381.4959,0.2666,0.6552,661.8874,17.2231,14.087,3.7254,5.4625,59.4918,412.2094,393.556,3.93556,5.5906318,1.222623696
1418,PP,Nectarine Stone,41.1386,58.8614,63.7872,9.3589,26.4243,0.2943,0.1354,0.9709,4.9245,82.4643,257.0314,0.2919,11.6403,721.1475,17.2919,22.5883,4.284,3.4773,52.3235,320.4058,301.9052,3.019052,5.9585244,0.76552463
1419,PS,Rice Husk,15.9926,84.0074,55.646,4.5445,39.2087,0.5256,0.0751,3.6443,6.6366,76.6979,233.6378,0.4169,13.0212,735.55,5.7084,15.6203,14.1581,1.5486,62.9423,291.5572,228.4198,2.284198,3.1390638,0.365447527
1420,PP,Coconut Shell,75.108,24.892,75.7164,11.9061,12.3303,0.0473,0,0.9459,3.5596,93.8993,436.1836,0.3746,1.5952,704.3381,13.9865,20.6073,3.7831,3.5814,58.0363,505.3357,461.3204,4.613204,5.389203,0.678715795
1421,PP,Cocoa Pod Husk,73.8634,26.1366,72.9621,11.6937,14.871,0.4156,0.0575,2.8141,3.2217,90.8226,358.8118,0.3263,3.1416,893.1964,21.9441,25.2627,1.2991,1.3167,50.1668,438.5019,439.5948,4.395948,6.0244416,0.868636369
1422,PU,Corn Cobs,88.8914,11.1086,63.6805,8.0378,24.3394,3.7912,0.1511,0.067,2.0655,94.7044,272.3683,0.31,3.1631,998.9396,21.1286,29.4651,1.1579,0.4255,47.7929,359.8186,355.9817,3.559817,6.1468204,0.717072062
1423,PU,Sugarcane Straw,52.7741,47.2259,55.0101,7.1844,35.4021,2.3138,0.0897,5.6631,3.8451,84.9964,260.2725,0.3974,5.4954,832.2834,12.8664,21.5004,7.0846,1.185,57.3418,322.2772,281.5053,2.815053,4.5228516,0.598426076
1424,PS,Safflower Seed,17.8219,82.1781,56.7579,7.1821,33.5947,2.4653,0,1.1916,7.7579,68.5828,244.5578,0.3579,22.4677,651.3855,7.1645,9.8965,12.758,3.099,67.0767,281.0562,226.4424,2.264424,3.130167,0.723942808
1425,PS,Olive Pomace,87.5003,12.4997,85.9225,8.2113,5.792,0.0614,0.0128,0.7884,0.9259,97.082,419.0293,0.3444,1.2037,930.0138,15.8742,28.5677,0.4942,1.0706,53.9904,506.6689,476.4303,4.764303,5.6972186,0.555669515
1426,PET,Durian Shell,93.9845,6.0155,62.058,4.5824,33.1407,0.2128,0.006,0.4034,0.4619,93.326,316.0987,0.4406,5.8087,768.8102,6.6289,21.9916,9.1754,1.4116,60.7899,393.1532,319.4175,3.194175,3.9922156,0.301428727
1427,PS,Hazelnut Shell,84.2671,15.7329,84.0018,7.9789,7.799,0.2202,0,0.3373,1.3471,97.2453,393.4668,0.3337,1.0703,742.2333,11.9989,24.0409,2.9412,2.6963,58.3196,462.9294,414.3698,4.143698,5.29031,0.499103611
1428,PP,Castor Seed Hull,97.8925,2.1075,84.689,13.6738,1.6326,0.0046,0,0.0424,0.0689,98.994,638.8158,0.448,0.8947,947.0529,16.4551,20.7583,2.6886,0.3546,59.7425,706.3001,656.2775,6.562775,4.5196434,0.792699788
1429,PS,Rice Husk,85.4904,14.5096,84.2322,7.8143,7.8497,0.0908,0.013,0.7949,1.1463,95.8098,463.8533,0.3955,2.249,800.7096,11.4199,26.6991,2.0323,1.8328,58.0123,550.7634,490.8594,4.908594,5.2535782,0.427726028
1430,PE,Cocoa Pod Husk,77.7839,22.2161,75.1785,9.9559,14.1679,0.5166,0.1811,2.392,2.7384,92.4976,299.8445,0.2775,2.372,871.5614,21.8988,27.2803,0.7358,1.8955,48.156,379.5091,382.9614,3.829614,6.4809772,0.802733108
1431,PP,Açaí Seed,13.2642,86.7358,52.6764,7.3937,39.2526,0.6772,0,12.3252,8.0231,72.048,206.0911,0.3726,7.6037,817.127,13.6954,20.6841,7.9594,1.416,56.2431,257.3036,225.6704,2.256704,4.5922278,0.662122113
1432,PU,Cherry Stone,6.7919,93.2081,49.7328,6.3506,43.0419,0.6861,0.1886,0.9476,7.1046,72.1196,171.1677,0.3098,19.8282,992.9992,13.2053,17.7918,10.5719,0.0181,58.3453,212.0701,180.9222,1.809222,3.674419,0.742212705
1433,PU,Coffee Husk,76.3694,23.6306,60.2257,7.7913,28.6457,3.2075,0.1298,0.5356,2.6648,92.5982,298.4699,0.3708,4.2014,954.0288,16.7698,25.3493,3.6627,0.3446,53.8471,372.2704,344.8101,3.448101,5.128517,0.66154884
1434,PS,Rice Husk,4.8096,95.1904,51.0462,4.0184,44.2547,0.5955,0.0851,4.1028,7.52,73.6227,151.7773,0.3224,14.7545,740.1179,7.2123,18.8773,15.578,1.8082,56.4904,209.9976,165.6476,1.656476,3.8048038,0.382062053
1435,PP,Castor Seed Hull,51.7508,48.2492,65.6186,9.8164,24.4589,0.1061,0,0.9708,1.5775,87.9146,378.3609,0.3961,9.5371,918.7745,16.1233,20.5487,4.5814,0.4609,58.2846,435.6341,398.5635,3.985635,4.4954548,0.784638444
1436,PE,Banana Stems,13.7248,86.2752,45.4142,6.2259,47.6009,0.7356,0.0233,3.0692,7.9845,78.813,201.716,0.4289,10.1333,793.925,8.766,13.969,14.2691,1.0298,61.9576,249.7237,200.6659,2.006659,3.0754904,0.627532393
1437,PS,Pistachio Soft Shell,60.6097,39.3903,72.6046,7.3401,19.3699,0.6854,0,7.8102,3.9193,82.3659,369.0281,0.4177,5.9046,814.7705,10.8161,23.0179,4.791,1.3492,60.0242,435.3575,378.1397,3.781397,4.5514078,0.469899513
1438,PE,Banana Stems,38.9614,61.0386,57.2803,7.6809,34.3908,0.5818,0.0662,2.1714,5.6489,85.0047,309.5815,0.436,7.175,679.4529,8.1888,15.2956,10.4211,2.9084,63.1676,365.8847,301.4679,3.014679,3.8528432,0.535369649
1439,PP,Hazelnut Shell,33.8412,66.1588,62.5641,8.1298,28.3799,0.9262,0,0.7096,5.6647,88.9558,237.1284,0.2907,4.6699,811.3604,19.0805,28.5699,2.3397,2.1859,47.8213,316.0185,305.7809,3.057809,6.4430536,0.66785323
1440,PET,Colza seed,90.2138,9.7862,60.4113,4.5456,34.487,0.5561,0,0.8959,0.981,91.6297,265.5962,0.3878,6.4934,777.9193,8.1827,25.1661,7.857,1.5561,57.2365,343.4252,285.5612,2.855612,4.611744,0.325147719
1441,PE,Hazelnut Shell,4.5896,95.4104,52.416,5.4791,40.7518,1.3453,0.0078,1.0234,8.1693,84.3158,198.498,0.3573,6.4915,811.7384,11.6257,24.3572,8.5353,1.4057,54.0722,265.3478,227.1137,2.271137,4.8278234,0.477300347
1442,PE,Coconut Shell,3.5659,96.4341,47.4397,6.2246,46.1389,0.1907,0.0061,3.6645,13.7901,77.8194,171.6709,0.3713,4.726,960.9921,14.6956,24.5555,8.1886,0.1444,52.4135,228.8389,201.2645,2.012645,4.732813,0.598464702
1443,PET,Hazelnut Shell,80.3645,19.6355,59.9376,4.5045,35.2584,0.2995,0,0.2106,1.85,92.505,260.7706,0.3872,5.4344,701.243,6.833,24.2613,8.9335,2.5165,57.4531,340.5837,278.9756,2.789756,4.6957948,0.281641957
1444,PU,Soybean Cake,26.5539,73.4461,58.4936,7.0267,26.4958,7.9387,0.0451,3.7972,24.3965,64.0881,254.2488,0.4399,7.7182,815.6023,10.2024,18.4434,7.3918,1.116,62.836,301.2694,255.6879,2.556879,3.8252556,0.553173493
1445,PS,Spirulina Sp.,19.807,80.193,49.3498,6.5828,38.2775,5.3328,0.4571,1.6269,4.6105,80.0822,205.7115,0.3511,13.6804,807.4735,12.1213,17.2307,9.9108,1.296,59.3029,257.7305,219.6491,2.196491,3.9441366,0.70347113
1446,PET,Rubber Wood,80.3881,19.6119,59.9708,4.7675,35.1977,0.0641,0,0.9487,1.5371,90.4954,286.8419,0.4218,7.0188,744.0795,6.8613,21.2298,9.9546,1.757,60.1955,360.3723,292.5432,2.925432,4.0449812,0.323191928
1447,PS,Açaí Seed,94.3939,5.6061,87.8148,8.3798,3.7616,0.0438,0,0.9854,0.5186,98.0088,497.8089,0.3968,0.4872,776.3786,11.0798,25.7831,2.1018,2.1425,58.8907,583.6261,518.8615,5.188615,5.212304,0.429731103
1448,PU,Soy Peel,18.5092,81.4908,48.8658,6.993,40.9688,3.1409,0.0315,5.8844,9.3495,77.1643,159.1282,0.3002,7.6018,977.4158,19.8448,26.1625,5.4321,0.2194,48.3311,218.3276,206.5101,2.065101,5.5182586,0.758520784
1449,PE,Coconut Shell,92.1107,7.8893,82.827,10.793,6.015,0.2084,0.1566,0.2998,1.1282,98.167,551.5387,0.434,0.405,774.3475,12.1788,21.6039,3.5567,1.9919,60.647,627.2861,558.4229,5.584229,4.750502,0.563731548
1450,PP,Safflower Seed,7.3642,92.6358,52.1603,7.4089,37.6516,2.7791,0,1.303,8.7451,64.5882,239.5218,0.3869,25.3637,961.5712,8.3607,9.854,11.4117,0.0049,70.3683,261.3603,211.7568,2.117568,2.1463138,0.848457479
1451,PU,Colza seed,73.1754,26.8246,59.9254,7.8025,27.6258,4.5219,0.1244,2.4556,2.6086,88.6582,283.4567,0.3583,6.2776,931.1956,16.9371,24.7037,3.7709,0.504,54.0581,353.6537,328.1804,3.281804,5.122305,0.685609848
1452,PU,Elephant Grass,45.2287,54.7713,52.6711,6.5931,37.6496,3.0094,0.0769,0.3338,6.6903,83.3533,182.109,0.2943,9.6226,914.2848,18.2087,26.3747,5.328,0.6689,49.3967,247.6697,230.8005,2.308005,5.529218,0.690385104
1453,PS,Chlorella Vulgaris,1.2501,98.7499,52.5763,6.525,30.53,9.8256,0.5431,1.9039,9.0588,73.0543,250.472,0.4054,15.983,914.9997,10.5326,15.6552,8.7599,0.1369,64.7782,295.2334,248.1401,2.481401,3.1590862,0.672786039
1454,PP,Cotton Stalk,5.5717,94.4283,48.4341,7.1656,41.9087,1.2708,1.2208,17.3765,9.9443,60.28,203.6402,0.4427,12.3992,947.5415,10.003,14.6653,10.8312,0.0295,64.1465,237.5382,196.0218,1.960218,2.9387128,0.682086285
1455,PE,Cocoa Pod Husk,49.9674,50.0326,61.6541,8.3982,28.8522,0.9005,0.195,5.3869,6.1672,83.129,337.6323,0.4384,5.3169,815.8385,11.747,19.3191,6.7488,1.2669,60.881,394.35,341.4198,3.414198,4.1564328,0.6080511
1456,PP,Colza seed,54.4421,45.5579,66.7173,10.5015,20.3211,2.4601,0,4.1705,3.6848,83.0624,350.1616,0.367,9.0823,742.0125,14.8135,19.3296,4.7964,2.636,58.4203,407.3659,370.9708,3.709708,4.9790756,0.766363505
1457,PET,Safflower Seed,8.6439,91.3561,50.5999,6.6753,39.9814,2.7433,0,1.285,8.6424,64.6547,207.7899,0.3631,25.4179,894.639,8.1441,9.5258,13.0789,0.0413,69.2094,233.6241,187.1292,1.871292,2.094599,0.854951815
1458,PP,Castor Seed Hull,55.9106,44.0894,67.3378,10.1641,22.401,0.097,0,0.8871,1.4415,88.9134,310.4851,0.3115,8.758,662.9857,13.5659,17.7782,5.9402,4.7619,57.9458,364.9495,328.9699,3.289699,5.4099306,0.763063752
1459,PU,Chlorella Vulgaris,97.1714,2.8286,65.3056,8.2297,21.9214,4.3626,0.1807,0.0545,0.8424,97.1975,236.3413,0.2555,1.9056,657.9286,13.5437,17.4415,6.4271,5.0833,57.4489,287.3231,258.4975,2.584975,5.48017,0.776521515
1460,PP,Soy Peel,11.4601,88.5399,49.6876,7.52,40.2244,2.5679,0,6.3934,10.0376,75.552,233.1204,0.4247,8.017,717.4725,9.464,14.5472,11.2684,2.3745,62.3426,280.5278,232.2729,2.322729,3.7051302,0.650571931
1461,PS,Elephant Grass,21.9857,78.0143,52.5351,5.9249,39.9593,1.5807,0,0.5194,9.1429,77.5914,199.9735,0.3505,12.7463,987.2808,13.0621,22.2197,8.2824,0.0456,56.3896,254.2033,219.6809,2.196809,4.2267138,0.587861222
1462,PU,Chlorella Vulgaris,22.4537,77.5463,55.1515,6.8997,28.8253,8.6589,0.4647,1.4932,7.2484,78.3728,267.2131,0.3941,12.8856,948.6987,12.7205,19.092,6.6998,0.1221,61.2582,319.6809,278.0558,2.780558,3.8231178,0.666273832
1463,PS,Pistachio Soft Shell,19.52,80.48,54.2497,6.1333,38.2167,1.4004,0,15.7487,8.0078,64.1796,139.3212,0.2701,12.0639,651.2623,10.6602,20.3825,10.5844,4.8817,53.484,189.8446,161.4904,1.614904,5.4671452,0.523007482
1464,PU,Plum Stone,23.726,76.274,52.3649,6.9986,38.8064,1.6601,0.17,16.1819,5.753,74.885,231.3485,0.4366,3.1801,721.8803,9.3084,18.0308,10.0511,2.4121,60.1549,285.52,237.7805,2.377805,4.1407198,0.516249972
1465,PS,Hazelnut Shell,90.4295,9.5705,86.4297,8.1818,5.2545,0.134,0,0.2835,0.8195,98.2459,353.8827,0.2874,0.6511,766.8608,14.7485,24.4469,2.0394,2.6539,56.108,417.9124,387.283,3.87283,5.6232436,0.603287124
1466,PE,Beetroot Pellets,12.4049,87.5951,44.7753,5.9706,47.7179,1.0684,0.4678,0.7085,6.1643,81.6186,158.3359,0.3327,11.5086,911.3895,13.6485,20.2481,11.4681,0.2754,54.1904,211.9517,180.7979,1.807979,4.1238918,0.674063245
1467,PE,Rice Husk,48.3367,51.6633,66.91,7.3728,25.164,0.4247,0.1284,2.2215,4.0814,85.6796,357.3256,0.4194,8.0175,894.2118,12.1068,22.091,5.4514,0.5233,59.8037,420.694,367.2469,3.672469,4.2783418,0.548042189
1468,PP,Rice Straw,5.6725,94.3275,52.7226,6.5299,40.5459,0.2016,0,4.9169,8.0224,77.4141,216.8782,0.3806,9.6466,837.0444,12.0349,20.1358,9.2496,0.9939,57.5844,270.9443,231.3984,2.313984,4.1926962,0.597686707
1469,PP,Rice Husk,1.8127,98.1873,49.7294,3.9744,45.594,0.6143,0.0878,4.2221,7.7568,72.793,167.339,0.3725,15.2281,739.7288,5.3822,13.8441,18.4195,1.3562,60.9646,221.9039,169.177,1.69177,2.8111538,0.388772112
1470,PE,Spirulina Sp.,39.071,60.929,57.514,8.0987,29.8398,4.1338,0.4137,1.206,3.503,84.8891,245.5803,0.3197,10.4019,751.5294,15.4258,21.6064,5.6049,2.577,54.6841,308.7808,281.3868,2.813868,5.3109588,0.713945868
1471,PET,Spirulina Sp.,35.3185,64.6815,47.3514,5.4826,42.4852,4.3121,0.3687,1.2802,3.7929,82.0914,136.3046,0.2628,12.8355,683.62,11.7146,20.7675,12.0058,3.6283,51.7324,198.3828,168.0372,1.680372,5.1808132,0.564083303
1472,PE,Peach Stone,43.953,56.047,60.6154,8.824,28.0169,2.3008,0.2429,1.4132,3.1012,82.9708,252.4332,0.3024,12.5148,722.5212,16.1471,21.1886,5.2394,3.2114,54.1521,313.3165,289.3384,2.893384,5.5633316,0.76206545
1473,PET,Spirulina Sp.,78.6322,21.3678,57.2745,4.7132,36.4455,1.445,0.1218,0.4229,1.3936,90.528,276.6012,0.4273,7.6555,746.3122,6.6739,19.7578,10.9793,1.6604,60.898,348.5271,280.6303,2.806303,3.8046872,0.337785583
1474,PS,Peach Stone,9.4601,90.5399,45.4046,7.106,43.6501,3.5676,0.2716,2.3019,5.0098,72.4858,202.3522,0.3798,20.2025,904.7307,9.4598,10.3424,12.7685,0.0453,67.29,232.0874,188.5021,1.885021,2.3410182,0.914661974
1475,PU,Açaí Seed,3.1456,96.8544,48.2151,6.4653,44.4258,0.8884,0.0053,13.763,8.9779,68.7956,165.8972,0.3637,8.4635,988.3763,14.4661,22.5542,8.4057,0.0513,54.5204,214.3894,187.7781,1.877781,4.4225334,0.641392734
1476,PE,Colza seed,67.9804,32.0196,72.6022,9.6951,15.7153,1.8718,0.1156,2.9312,2.5898,88.2734,304.4713,0.2945,6.2056,727.7016,16.6813,22.9279,2.9888,3.4872,53.8878,370.0185,349.3883,3.493883,5.9389134,0.727554639
1477,PET,DDGS,81.6967,18.3033,60.3585,4.8526,33.7051,0.9372,0.1466,2.2541,1.7483,89.577,257.2782,0.3768,6.4206,821.6309,9.7744,26.3126,6.6366,1.201,56.0393,333.2874,283.0586,2.830586,4.8009808,0.371472222
1478,PS,Durian Shell,24.0358,75.9642,67.4944,8.4765,21.6286,2.3245,0.076,5.1427,3.3408,78.6925,264.527,0.298,12.824,723.3059,15.3944,23.5318,3.8366,3.349,53.8674,329.1403,304.549,3.04549,5.826544,0.654195599
1479,PU,Peach Stone,33.0942,66.9058,48.9864,7.3973,39.333,4.0263,0.257,1.687,3.9006,78.9904,162.7037,0.2676,15.422,657.1189,13.4738,16.6355,10.3553,4.5673,54.869,214.3895,187.5294,1.875294,5.1863368,0.809942593
1480,PU,Cocoa Beans Husk,31.1401,68.8599,50.2378,6.6342,39.7495,3.1258,0.2526,5.5088,7.8379,77.008,210.6975,0.384,9.6453,922.7418,13.2704,20.3206,8.385,0.2433,57.7123,263.0661,227.8431,2.278431,4.0807002,0.653051583
1481,PU,Cotton Stem,19.3344,80.6656,52.023,6.4702,39.5595,1.7308,0.2166,3.7631,11.8602,66.0657,167.6946,0.3062,18.311,932.436,14.9169,19.8182,8.7831,0.21,56.2016,210.8777,185.2208,1.852208,4.1832984,0.752686924
1482,PP,Banana Stems,37.5422,62.4578,56.4553,8.5939,34.4391,0.5117,0,2.2219,5.7803,84.4762,261.1223,0.3585,7.5216,700.2956,12.8801,19.0952,7.5754,3.2721,57.1719,319.4499,280.9678,2.809678,4.9684578,0.674520298
1483,PET,Açaí Seed,26.1645,73.8355,51.4473,5.8641,42.1041,0.5845,0,10.492,6.8847,74.8726,177.9127,0.3514,7.7507,773.1657,11.4745,22.2875,9.6878,1.912,54.6358,235.7912,200.5683,2.005683,4.731967,0.514840157
1484,PS,Soy Peel,83.474,16.526,82.7379,8.2001,8.5826,0.4793,0,1.3603,1.8735,95.2805,459.2054,0.399,1.4857,846.1732,12.7667,26.5765,1.9045,1.3631,57.3878,544.8687,491.7541,4.917541,5.2154324,0.48037552
1485,PP,Beetroot Pellets,75.1825,24.8175,73.9901,11.7107,13.8773,0.2953,0.1266,0.2007,1.7465,94.417,519.0828,0.4465,3.6358,699.7148,10.7546,16.7713,5.9769,2.916,63.5597,577.9139,501.5906,5.015906,4.3186086,0.641250231
1486,PU,Soy Peel,96.7772,3.2228,65.0246,8.2291,22.4236,4.1581,0.1645,0.2327,0.9459,97.0898,348.1847,0.3797,1.7316,864.7309,15.4487,25.2743,3.1305,1.1594,54.9574,429.0998,394.8225,3.948225,5.2680866,0.611241459
1487,PE,Colza seed,10.4102,89.5898,48.5494,6.9893,39.5839,4.8597,0.0177,8.2014,7.2462,67.2253,181.1566,0.3412,17.3271,703.4959,9.7984,12.2219,12.4362,2.6055,62.9282,220.3292,181.9415,1.819415,3.5309556,0.801708409
1488,PET,Durian Shell,23.0905,76.9095,60.7395,7.5149,29.3082,2.3605,0.0769,5.158,3.4308,77.25,266.8116,0.3531,14.1612,674.7357,9.9506,17.1317,8.6872,3.4238,60.7832,320.7366,272.245,2.72245,4.4589794,0.58082969
1489,PP,Sorghum Stalk,64.775,35.225,71.5212,11.3857,16.0199,0.4583,0.6148,1.7845,3.5279,86.8356,284.1858,0.2637,7.852,743.5597,21.4342,22.8489,2.1599,3.6528,49.7825,350.119,351.0422,3.510422,6.5015574,0.938084547
1490,PE,Beetroot Pellets,35.387,64.613,55.586,7.3426,35.8385,0.8432,0.3897,0.5226,4.547,86.436,284.179,0.4088,8.4944,913.7253,13.1129,20.4283,7.2677,0.3243,58.7791,341.9157,297.819,2.97819,4.1062584,0.641898739
1491,PET,Sorghum Stalk,89.8266,10.1734,60.4949,4.59,34.5776,0.1598,0.1776,0.5154,1.2075,91.5217,292.3908,0.4251,6.7554,702.5331,5.8607,20.5435,10.5945,2.2081,60.7529,368.222,295.5885,2.955885,4.0119364,0.285282449
1492,PET,Cotton Stem,17.6908,82.3092,51.1218,5.7352,42.0127,0.9429,0.1875,3.8398,12.0206,64.8472,188.5933,0.3717,19.2924,937.6047,8.8221,14.584,12.8661,0.0283,63.6384,226.6562,182.8893,1.828893,2.8005022,0.604916347
1493,PET,Sunflower Seed Hulls,31.7032,68.2968,71.6154,3.4911,23.8593,1.0342,0,0.683,7.2377,79.0569,335.2341,0.4354,13.0224,998.6613,5.8662,23.8318,7.0223,0.0091,63.2704,402.0616,326.3979,3.263979,3.6396142,0.246150102
1494,PE,Castor Seed Hull,93.2202,6.7798,83.1494,10.8129,5.6686,0.2107,0.1585,0.1364,0.2217,98.3195,423.3672,0.328,1.3224,726.4435,14.9089,21.5286,2.8741,3.2702,57.3896,489.2681,453.0452,4.530452,5.4934964,0.692516002
1495,PET,Nectarine Stone,40.3866,59.6134,54.0625,5.4581,40.0318,0.3104,0.1371,0.9833,5.0722,80.304,196.1292,0.3299,13.6405,913.918,12.7739,23.2392,8.7047,0.3348,54.9055,255.2648,219.664,2.19664,4.4275788,0.549670385
1496,PET,Elephant Grass,13.7854,86.2146,44.7119,5.0806,48.4565,1.7511,0,0.5254,10.1329,74.5526,135.7251,0.3186,14.7891,896.2648,10.9839,18.1789,14.6487,0.2162,55.9715,185.1735,151.0657,1.510657,3.5542022,0.604211476
1497,PE,Spirulina Sp.,53.1379,46.8621,64.086,8.8147,23.5139,3.2279,0.3574,0.9275,2.6942,88.3733,235.873,0.2624,8.005,983.6525,24.8669,28.974,0.8396,0.7027,44.5426,318.6223,330.5951,3.305951,6.5879158,0.858248775
1498,PS,Soybean Cake,64.9924,35.0076,78.1898,7.8237,10.7342,3.2523,0,1.9399,11.5525,83.0173,337.5625,0.3491,3.4903,943.9957,16.3382,29.1473,0.5572,0.9157,53.0406,418.2969,394.859,3.94859,5.764906,0.560539055
1499,PS,Safflower Seed,26.3212,73.6788,60.2167,7.3181,30.2549,2.2104,0,1.089,6.9555,71.8115,305.1798,0.4103,20.144,900.6346,10.2118,14.8348,8.9622,0.1776,65.8129,342.8716,287.0743,2.870743,3.03564,0.688367892
1500,PE,Sorghum Stalk,37.7242,62.2758,60.8987,8.4936,28.5671,0.8894,1.151,3.155,6.2371,77.2911,274.2552,0.3498,13.3168,701.0039,12.0675,17.8125,7.4027,3.1042,59.3515,326.462,284.6844,2.846844,4.6589686,0.677473684
1501,PU,Soy Peel,30.0718,69.9282,51.253,7.1756,38.2291,3.2911,0.0511,5.0494,8.108,80.108,257.8977,0.4434,6.7346,933.5733,12.0481,18.9508,8.257,0.1436,60.5881,309.6302,265.0398,2.650398,3.7404044,0.635756802
1502,PET,Olive Pomace,65.9896,34.0104,60.0634,4.9723,34.7422,0.1873,0.0348,1.669,2.6579,89.0326,223.464,0.3301,6.6405,823.8615,11.8417,29.5054,5.2116,1.4273,52.0038,301.5004,264.0065,2.640065,5.5075574,0.401340094
1503,PE,Durian Shell,58.4465,41.5535,75.3132,10.0656,13.086,1.3943,0.1409,2.7868,1.8274,88.3592,304.9598,0.2783,7.0266,910.8268,22.7053,27.357,0.5294,1.5465,47.8367,386.4048,393.4873,3.934873,6.4528014,0.829963081
1504,PET,Elephant Grass,45.4146,54.5854,51.1166,4.8066,42.9569,1.1199,0,0.3326,6.4925,81.9404,235.0438,0.4471,11.2345,714.3173,5.1756,12.8024,16.2,1.6693,64.151,293.2254,226.173,2.26173,2.7696766,0.40426795
1505,PP,Rice Husk,62.447,37.553,71.8561,10.073,17.8024,0.2349,0.0336,1.6148,2.9667,89.2855,352.3206,0.339,6.133,946.6581,20.2241,25.5922,1.7713,0.6423,51.7634,428.2987,418.0849,4.180849,5.6387634,0.790244684
1506,PE,Pistachio Soft Shell,29.9661,70.0339,57.6513,7.2501,33.7662,1.2815,0.0509,13.6706,6.9684,68.8569,165.9417,0.2713,10.5041,793.7108,18.1157,26.6078,4.5009,2.268,48.491,224.3637,211.725,2.11725,6.1210224,0.680841708
1507,PU,Sunflower Seed Hulls,92.5998,7.4002,66.453,7.8967,21.4928,4.0002,0.1574,0.074,1.3325,95.978,338.8139,0.3668,2.6155,814.8658,14.4855,25.7316,3.1016,1.7268,54.9251,420.7574,384.342,3.84342,5.42481,0.56294595
1508,PP,Açaí Seed,55.4177,44.5823,68.6578,10.5315,20.4627,0.3481,0,6.3352,4.1239,85.3896,264.8659,0.2792,4.1513,696.6292,17.4971,20.6767,3.9708,4.4046,53.4438,320.3495,304.6227,3.046227,6.0717978,0.846223043
1509,PET,Rubber Wood,8.249,91.751,51.8817,6.3633,41.5677,0.1873,0,4.4382,6.4185,75.0667,176.4451,0.3123,14.0766,819.1836,13.7947,20.8251,9.5117,1.3701,54.4965,228.8725,198.9597,1.989597,4.604286,0.662407383
1510,PE,Pistachio Soft Shell,2.6447,97.3553,46.5998,5.7092,45.987,1.6995,0.0045,19.0038,9.6869,56.7152,133.9766,0.3455,14.5941,702.8617,8.0863,13.1761,16.0021,2.464,60.2666,173.5829,138.0883,1.380883,3.415621,0.613709671
1511,PE,Safflower Seed,27.2638,72.7362,59.4496,8.0701,30.1946,2.2393,0.0463,1.0231,6.8665,72.2187,261.0693,0.3432,19.8917,787.0051,13.0029,16.1871,7.9076,1.6483,61.2404,303.0963,264.3365,2.643365,4.0339792,0.803287803
1512,PU,Coconut Shell,76.5013,23.4987,61.0665,7.7538,27.7919,3.2577,0.1301,0.8929,3.8192,92.9967,233.5551,0.2905,2.2912,817.4391,18.9457,29.7965,1.8335,2.2037,47.1899,318.7256,309.019,3.09019,6.5894192,0.635836424
1513,PET,Coffee Husk,50.749,49.251,52.5149,5.2586,42.211,0.0155,0,1.1163,4.7057,85.2046,216.006,0.3829,8.9734,933.0542,11.1375,23.0536,9.313,0.1645,56.3308,279.1932,235.3697,2.353697,4.1664946,0.483113266
1514,PP,Olive Pomace,26.4773,73.5227,63.8093,8.234,27.5204,0.3611,0.0752,3.6081,5.4461,83.7335,276.1633,0.3396,7.2123,886.4543,17.4171,25.3873,3.5012,0.989,52.689,343.9368,322.1875,3.221875,5.4339086,0.686055626
1515,PP,Sunflower Seed Hulls,50.2752,49.7248,80.8063,8.5046,9.9432,0.7459,0,0.4972,5.2211,85.7263,409.3115,0.3705,8.5554,979.8702,16.1206,26.1883,1.6448,0.3121,55.7333,484.6748,451.7543,4.517543,5.1524824,0.615564966
1516,PET,Coffee Husk,28.5768,71.4232,48.1683,5.6751,46.1479,0.0087,0,1.6188,6.7297,80.9344,143.4778,0.2863,10.7171,851.8134,15.2016,24.9181,9.6964,1.1145,49.0679,204.0117,179.4761,1.794761,5.1804444,0.610062565
1517,PE,Cherry Stone,55.233,44.767,69.2327,8.9661,21.3138,0.3085,0.179,0.4551,3.3927,86.6664,311.1073,0.3216,9.4858,896.7583,19.027,25.6785,2.3776,1.0263,51.8564,383.659,368.668,3.68668,5.6578224,0.740970072
1518,PP,Colza seed,58.6503,41.3497,68.4577,10.8108,18.4986,2.2329,0,3.7853,3.3444,84.5808,324.8417,0.3258,8.2895,838.3071,19.998,23.1196,2.5338,1.6953,52.6507,392.0701,381.8172,3.818172,5.679771,0.864980363
1519,PU,Coffee Husk,59.5747,40.4253,56.3421,7.4439,33.6105,2.5021,0.1013,0.9162,4.1324,88.8228,189.2864,0.2643,6.1286,892.3756,21.8353,29.7666,2.5625,1.256,44.5522,267.1863,265.0249,2.650249,6.558452,0.733550355
1520,PP,Rice Straw,94.129,5.871,83.5162,13.3944,3.0769,0.0125,0,0.306,0.4993,98.1254,514.0335,0.3705,1.0693,855.0584,19.033,23.329,1.5103,1.5574,54.568,596.366,578.1661,5.781661,5.5525672,0.815851515
1521,PET,Cocoa Beans Husk,77.5559,22.4441,57.9235,4.6829,36.7122,0.6163,0.0651,1.7955,2.6567,88.5999,282.9706,0.4455,6.9479,755.0659,6.3844,19.4601,11.1564,1.4913,61.491,353.2757,283.202,2.83202,3.6753732,0.328076423
1522,PS,Açaí Seed,33.4812,66.5188,61.8948,7.1064,30.4795,0.5194,0,9.5193,6.153,78.5472,262.2869,0.377,5.7805,769.9983,11.9481,23.2033,6.0444,2.0389,56.7628,324.9845,284.216,2.84216,4.9439368,0.514931066
1523,PET,Cocoa Beans Husk,0.3983,99.6017,43.3253,5.8838,47.8724,2.6296,0.2888,7.9681,11.0677,67.6637,149.8365,0.3732,13.3005,802.5743,9.4026,13.6366,15.1638,0.9372,60.7513,191.8727,154.2086,1.542086,3.06921,0.689512048
1524,PET,Cocoa Pod Husk,96.4261,3.5739,61.2832,4.3789,34.2437,0.0863,0.0079,0.3848,0.643,93.6754,195.3262,0.2807,5.2968,744.7306,10.7639,32.533,4.6983,2.6013,49.3987,277.9163,242.8152,2.428152,6.1929246,0.330860972
1525,PE,Nectarine Stone,75.4713,24.5287,76.8038,9.9785,12.7519,0.2811,0.1847,0.4046,2.0521,92.7632,482.7988,0.4253,4.7801,914.1913,14.5702,22.288,3.3571,0.5396,59.219,551.7881,500.7456,5.007456,4.5750464,0.653723977
1526,PU,Cotton Husk,78.0727,21.9273,62.3374,8.3059,25.6376,3.5864,0.1327,0.6184,1.7834,93.5493,257.1209,0.2973,4.0489,675.19,13.3404,20.1231,6.0385,4.3786,56.081,319.2541,286.3721,2.863721,5.5438126,0.662939607
1527,PP,Coconut Shell,70.9757,29.0243,74.0822,11.5834,14.2792,0.0551,0,1.1029,4.1505,92.9695,409.754,0.3661,1.7771,765.9385,16.5436,22.797,2.7865,2.5476,55.3216,483.8271,454.6536,4.546536,5.5711716,0.725691977
1528,PS,DDGS,53.7913,46.2087,72.6748,7.8833,16.7687,2.303,0.3702,5.7983,3.9806,84.5304,339.341,0.365,5.6907,774.4378,12.8413,25.1432,3.1652,2.1787,56.6059,412.3896,370.8694,3.708694,5.3348782,0.510726558
1529,PET,Rice Straw,70.5571,29.4429,58.8069,4.8506,36.2579,0.0845,0,1.5347,2.6522,89.2125,275.3052,0.421,6.6006,708.6288,6.4514,20.3305,10.7488,2.2112,60.2558,347.8075,280.5227,2.805227,4.0500038,0.317326185
1530,PS,Chlorella Vulgaris,9.0352,90.9648,55.5425,6.6804,28.2258,9.051,0.5003,1.7696,8.3447,75.1628,167.1508,0.2503,14.7229,866.1331,19.8515,25.9367,3.606,1.3387,49.1232,230.6592,222.1099,2.221099,5.8912408,0.765382643
1531,PET,Olive Pomace,86.3736,13.6264,61.3259,4.5895,33.9773,0.0934,0.0139,0.6687,1.1907,92.4234,262.9007,0.3762,5.7172,687.4882,6.7682,24.5147,8.5814,2.8209,57.3085,342.9314,281.6784,2.816784,4.8297,0.276087409
1532,PS,Beetroot Pellets,72.1065,27.8935,75.9021,7.5857,16.038,0.3319,0.1423,0.3698,1.9629,94.0033,424.5664,0.4109,3.664,860.8948,12.2002,25.1508,3.2826,1.0139,58.3295,503.6746,447.1768,4.471768,4.8495986,0.485081985
1533,PS,Sugarcane Straw,36.8812,63.1188,60.4557,6.8957,32.5186,0.13,0,7.6426,4.716,81.3476,197.1971,0.2848,6.2938,709.2922,14.0157,26.2478,5.3017,3.6678,50.762,263.7543,238.596,2.38596,6.1339908,0.533976181
1534,PET,Elephant Grass,34,66,48.8052,4.9055,44.9417,1.3477,0,0.4022,7.8063,79.2742,162.9707,0.3333,12.5173,871.8294,11.0536,21.4076,11.9512,0.529,55.0577,220.9037,183.468,1.83468,4.0805284,0.516339991
1535,PE,Sorghum Bagasse,62.5701,37.4299,79.3726,10.2431,10.0641,0.1613,0.1588,2.2726,3.3812,89.0161,481.1105,0.4198,5.3301,898.4115,14.6084,22.308,3.1487,0.6968,59.2159,548.319,498.8565,4.988565,4.6379696,0.654850278
1536,PS,Cotton Stem,98.0646,1.9354,89.3981,8.4494,2.1261,0.022,0.0044,0.2864,0.2818,98.9994,497.4468,0.3844,0.4324,668.3817,7.4791,16.8345,6.3538,3.2518,66.0758,550.3317,462.072,4.62072,4.0930342,0.444272179
1537,PET,Peach Stone,80.0698,19.9302,57.8957,4.8572,36.3775,0.8098,0.0598,0.5025,1.2709,89.6959,233.6385,0.3542,8.5307,745.5654,8.9883,24.4484,8.5759,2.0869,55.8822,308.159,257.739,2.57739,4.798345,0.36764369
1538,PE,Sorghum Bagasse,88.2199,11.7801,83.9005,10.8988,4.8395,0.1947,0.1665,0.7153,1.0642,96.5293,577.7651,0.4489,1.6912,917.4056,14.0699,22.1417,2.9592,0.5139,60.2953,650.1525,588.3638,5.883638,4.4933796,0.635448046
1539,PU,Sunflower Seed Hulls,63.9432,36.0568,69.4075,6.4123,20.8451,3.2265,0.1087,0.3606,4.1696,88.4956,346.3695,0.3931,6.9742,980.7895,13.0584,26.1942,3.2922,0.1499,57.2854,420.8489,375.4002,3.754002,4.7644406,0.498522574
1540,PS,Sorghum Stalk,23.2594,76.7406,56.0547,7.2363,34.3711,0.9984,1.3394,3.9343,7.6858,71.9794,270.7886,0.4126,16.4005,886.1423,10.544,15.4421,9.4344,0.2792,63.9813,311.5252,260.8654,2.608654,3.1844102,0.682808685
1541,PET,Soybean Cake,24.6592,75.3408,57.4399,6.0212,29.5318,7.007,0,3.8951,24.9142,62.4216,236.0735,0.4448,8.7691,939.104,10.0362,19.9479,7.4365,0.1077,62.4712,282.7235,238.4082,2.384082,3.6359016,0.503120629
1542,PU,Beetroot Pellets,91.0475,8.9525,63.2952,8.0069,24.5669,3.9305,0.2004,0.0724,1.1762,96.2189,390.4415,0.4436,2.5325,674.427,8.2624,17.9254,7.8549,3.169,62.7493,461.5512,386.8282,3.868282,4.2854416,0.460932531
1543,PU,Cotton Husk,37.3865,62.6135,56.1167,8.354,33.018,2.4478,0.0636,1.7658,3.9795,85.4575,282.8404,0.3821,8.7972,772.203,13.1463,18.6595,7.3269,1.9676,58.8828,339.3936,297.9438,2.979438,4.4752982,0.704536563
1544,PP,Sorghum Stalk,69.4481,30.5519,73.3837,11.7127,13.9729,0.3975,0.5332,1.5478,3.0599,88.5157,477.4192,0.4245,6.8766,695.3465,11.2688,16.5419,5.8827,3.0762,63.1489,531.7441,464.474,4.64474,4.4025894,0.68122767
1545,PET,Cotton Stalk,1.4879,98.5121,46.4805,6.7349,44.1848,1.3262,1.2736,18.128,10.3775,58.5123,106.2998,0.2535,12.9822,966.672,20.7327,24.8151,7.2709,0.2213,46.4989,150.6793,141.9814,1.419814,5.4450596,0.835487264
1546,PU,Rubber Wood,55.1487,44.8513,59.0819,7.5022,30.9156,2.4066,0.0938,2.1695,3.46,86.8733,259.7848,0.3444,7.4972,987.7704,17.6474,25.6739,3.83,0.1777,52.65,328.1988,306.2896,3.062896,5.2044472,0.687367326
1547,PP,Cotton Stem,44.354,55.646,65.0751,9.502,24.6623,0.6338,0.1268,2.5959,8.1016,76.6479,317.0973,0.3681,12.6546,876.1543,16.2794,20.2838,4.7775,0.8706,57.7636,368.2591,337.7058,3.377058,4.6256088,0.80258137
1548,PS,Rice Husk,33.537,66.463,62.8625,5.37,31.2922,0.4158,0.0594,2.925,5.2506,81.5226,294.1406,0.4166,10.3018,972.5125,9.7755,22.9728,7.0022,0.0516,60.1848,356.3945,300.4671,3.004671,3.9687996,0.425524969
1549,PE,Colza seed,4.5617,95.4383,46.1059,6.7144,42.0087,5.1632,0.0078,8.7368,7.7192,65.087,181.7425,0.3748,18.457,973.7909,10.1571,12.9942,11.6285,0.0087,65.2085,214.3087,176.3943,1.763943,2.7373506,0.781664127
1550,PP,Peach Stone,85.7691,14.2309,79.1795,12.8696,7.3475,0.5608,0.0427,0.3588,0.7874,95.2496,377.7481,0.2911,3.6042,700.9294,18.1482,18.6308,3.0644,4.2615,55.881,431.6136,415.6563,4.156563,5.8331034,0.974096657
1551,PP,Chlorella Vulgaris,85.7464,14.2536,80.7907,12.8024,4.9103,1.4182,0.0784,0.2745,1.3076,95.6822,453.0315,0.3437,2.7357,858.5727,20.3501,24.2068,1.129,1.6842,52.6177,537.3505,530.5446,5.305446,5.8508112,0.840677
1552,PE,Cherry Stone,91.4368,8.5632,82.7765,10.7727,6.0502,0.2288,0.1717,0.0871,0.649,97.4333,389.4072,0.3046,1.8306,829.8516,19.3576,25.3533,1.0037,2.1818,52.0756,468.8514,459.2856,4.592856,6.066221,0.76351402
1553,PET,Chlorella Vulgaris,16.2927,83.7073,53.7407,6.147,31.3181,8.3339,0.4604,1.6118,7.7131,76.2959,178.4316,0.2849,14.3792,705.2598,12.5669,21.1429,7.6029,3.1966,55.3459,238.3617,208.8011,2.088011,5.1656134,0.594379201
1554,PS,Peach Stone,84.2285,15.7715,82.3972,8.2547,8.6793,0.6215,0.0473,0.5661,0.8727,95.042,384.5837,0.3288,3.5192,786.6469,14.0876,26.1836,1.7966,2.3132,55.6091,462.279,425.334,4.25334,5.64872,0.53803144
1555,PET,Plum Stone,56.3673,43.6327,56.0832,5.3225,38.1233,0.3969,0.0742,9.2569,3.3279,82.9235,167.6981,0.29,4.4917,768.9068,13.6133,31.5244,4.9137,2.4303,47.4946,242.0636,217.2901,2.172901,6.3123582,0.431833754
1556,PP,Durian Shell,62.495,37.505,76.09,11.8322,10.8926,1.1477,0.0375,2.5153,1.6494,89.1914,478.7851,0.4071,6.6439,971.4294,17.6769,21.3891,2.7818,0.2413,57.9049,541.2331,508.9968,5.089968,4.6905172,0.82644431
1557,PS,Corn Cobs,16.4124,83.5876,54.5917,6.4934,38.4802,0.4347,0,0.5372,11.5293,74.0983,196.5128,0.3282,13.8352,785.4872,12.6052,20.2905,9.0882,1.7562,56.2576,249.1154,214.9293,2.149293,4.5466842,0.621236539
1558,PE,Spirulina Sp.,51.7938,48.2062,63.4581,8.7463,24.1183,3.3145,0.3628,0.9541,2.7715,88.0404,378.8405,0.4274,8.234,750.9405,10.7129,17.3894,7.0671,2.0308,62.7318,436.6499,374.7123,3.747123,4.075084,0.616059208
1559,PU,Cotton Stem,59.1785,40.8215,58.7737,7.3641,30.7182,2.9505,0.1936,1.9044,6.2983,81.7949,227.5717,0.3129,10.0024,734.943,14.2889,23.2378,5.7083,2.8337,53.8799,292.1431,263.2474,2.632474,5.4856286,0.614899001
1560,PS,Cocoa Pod Husk,83.2786,16.7214,81.3647,8.0126,10.32,0.2659,0.0368,1.9669,2.0611,94.1984,380.4975,0.3418,1.7736,754.1428,12.4438,25.1666,2.6422,2.579,57.1594,454.1095,408.9094,4.089094,5.438204,0.494456939
1561,PET,Olive Pomace,84.5234,15.4766,61.2113,4.6243,34.0467,0.1019,0.0158,0.7595,1.3239,92.1156,196.6877,0.2823,5.801,684.0312,8.7405,24.9423,8.8335,3.3717,54.1031,266.4524,223.2648,2.232648,5.2937724,0.35042879
1562,PP,Castor Seed Hull,92.0798,7.9202,82.2866,13.1879,4.5081,0.0174,0,0.1594,0.259,97.5981,556.5368,0.4076,1.9835,870.1432,17.1538,21.6068,2.4452,1.1369,57.6555,629.309,592.4591,5.924591,4.9820774,0.793907474
1563,PE,Colza seed,88.0027,11.9973,80.9675,10.6361,7.4141,0.8327,0.1496,1.0983,0.9704,95.5936,426.1502,0.3462,2.3377,932.0263,19.427,26.8048,0.6754,1.0394,52.0323,515.8968,503.9188,5.039188,5.847626,0.724758252
1564,PE,Peach Stone,44.7034,55.2966,60.955,8.8558,27.6745,2.2728,0.2419,1.3943,3.0597,83.1985,269.4668,0.3203,12.3475,767.2799,16.3415,21.0655,5.121,2.3706,55.0445,329.1901,303.6071,3.036071,5.2678098,0.775747075
1565,PU,Cocoa Beans Husk,81.5118,18.4882,61.5413,7.8381,26.5168,3.9116,0.1922,1.4791,2.5432,92.2982,322.7945,0.3922,3.6795,656.1873,8.7716,17.8236,8.1427,3.9082,61.3088,388.8398,328.0314,3.280314,4.592242,0.492134025
1566,PET,Cotton Stem,82.0467,17.9533,59.7601,4.6393,35.3301,0.2296,0.0409,0.8375,2.7861,88.1807,247.2531,0.3718,8.1957,694.2648,7.0047,22.996,9.6049,2.6459,57.7351,321.8172,263.1432,2.631432,4.6012358,0.304605149
1567,PE,Cocoa Beans Husk,13.472,86.528,49.0066,6.6054,41.8016,2.3126,0.2738,6.9222,9.6142,71.9239,207.7946,0.4075,11.5397,674.2132,7.3214,12.1868,14.0149,2.7842,63.6092,253.7196,202.9382,2.029382,3.3229916,0.600764762
1568,PET,Peach Stone,72.4881,27.5119,56.2698,5.0564,37.4851,1.1063,0.0825,0.6937,1.6745,87.7961,225.9598,0.3533,9.8357,777.3393,9.7666,23.3522,9.0125,1.6846,56.1597,296.1597,248.4804,2.484804,4.6002568,0.418230402
1569,PU,Sorghum Stalk,51.1552,48.8448,55.9286,7.5836,32.7643,2.784,0.9395,2.4745,5.1988,81.1257,238.5944,0.3407,11.201,918.9904,16.6375,22.4624,5.4831,0.4849,54.7073,296.941,271.4376,2.714376,4.8007066,0.740682207
1570,PS,Castor Seed Hull,54.7124,45.2876,69.3815,7.1352,23.3837,0.0996,0,1.0206,1.4807,88.7899,405.7954,0.4444,8.7088,982.0428,11.0816,21.7926,5.4569,0.055,61.6134,469.0109,404.3525,4.043525,3.9623704,0.508502886
1571,PET,Hazelnut Shell,65.5536,34.4464,58.2539,4.6334,36.6105,0.5023,0,0.3695,3.0871,90.8568,222.1791,0.345,5.6866,814.0434,10.6338,28.9163,6.2313,1.4188,52.7983,301.3061,259.0035,2.590035,5.2998346,0.367744144
1572,PS,Spirulina Sp.,10.1752,89.8248,44.4433,6.3529,42.7185,5.9733,0.512,1.7983,5.1643,77.7138,188.4497,0.3737,15.3236,956.8257,10.8805,14.7861,11.5591,0.0247,62.5755,231.572,191.9482,1.919482,3.0469852,0.735860031
1573,PE,Soy Peel,43.6922,56.3078,62.9301,8.6665,26.6042,1.7248,0.0743,4.0659,6.3835,84.4798,214.5577,0.2652,5.0708,971.3195,24.587,30.1312,0.8432,0.829,43.5928,294.621,304.92,3.0492,6.7487092,0.815998035
1574,PET,Cotton Stalk,73.1025,26.8975,57.8861,4.9893,36.3926,0.3844,0.3477,4.9496,2.9861,84.8122,211.0505,0.3386,7.2521,769.1463,10.3942,26.8579,7.1304,1.9617,53.5612,283.5378,242.3659,2.423659,5.2089576,0.387007175
1575,PET,Rice Straw,60.7184,39.2816,57.6832,5.0234,37.1909,0.1025,0,2.0476,3.4683,87.3821,210.0815,0.331,7.102,757.2266,10.5897,27.2598,7.1403,2.1604,52.8474,284.7374,244.1238,2.441238,5.3518456,0.388473136
1576,PP,Durian Shell,32.676,67.324,68.5607,10.228,19.0839,2.0601,0.0673,4.5152,2.9608,80.9952,285.4863,0.2932,11.5288,708.1767,17.0637,21.6623,3.5825,3.9631,53.709,347.581,329.0617,3.290617,5.9911192,0.787714139
1577,PS,Durian Shell,65.9643,34.0357,80.027,8.4878,10.4097,1.0415,0.034,2.4146,1.4968,90.3428,385.6299,0.3459,5.7458,711.5485,11.4174,21.8756,4.0487,3.1128,59.5358,450.5837,398.8779,3.988779,5.1037872,0.52192397
1578,PP,Beetroot Pellets,13.3272,86.6728,45.1531,6.3788,46.9946,1.0314,0.442,0.701,6.0994,81.748,209.7169,0.4227,11.4516,924.3471,9.9539,15.2737,12.6901,0.0626,61.8815,256.3136,209.2444,2.092444,3.0219182,0.651701945
1579,PP,Cherry Stone,56.1968,43.8032,69.3572,10.5034,19.8678,0.1884,0.0832,0.4453,3.3197,86.6833,261.3223,0.2547,9.5517,722.1705,20.3435,22.5458,2.8974,4.039,50.1503,324.2282,320.0826,3.200826,6.4838308,0.902318835
1580,PP,Cocoa Pod Husk,59.9918,40.0082,66.276,10.5493,22.4505,0.6361,0.088,4.3076,4.9315,86.2174,241.9285,0.2604,4.5435,882.3428,25.5116,28.1206,0.7338,1.9042,43.7108,323.3615,340.7474,3.407474,6.980152,0.907221041
1581,PET,Coffee Husk,94.1805,5.8195,61.0291,4.4429,34.4992,0.0288,0,0.1319,0.7412,93.5692,271.7918,0.3909,5.5577,669.8468,5.7064,21.8889,10.339,2.8874,59.1753,350.1426,281.9285,2.819285,4.4079818,0.260698345
1582,PU,Durian Shell,50.8439,49.1561,63.0454,8.3734,24.806,3.6396,0.1356,3.2967,2.4668,85.1806,362.0972,0.4266,9.0559,865.254,12.5338,19.1664,6.0588,0.7382,61.4772,418.5776,365.9615,3.659615,4.0328924,0.65394649
1583,PP,Rice Straw,93.3585,6.6415,83.2479,13.3346,3.4033,0.0142,0,0.3462,0.5648,97.945,533.3264,0.3866,1.144,926.7919,19.4214,23.1949,1.564,0.7738,55.0445,613.4397,594.6798,5.946798,5.297089,0.837313375
1584,PP,Spirulina Sp.,85.9017,14.0983,79.0325,12.7588,7.1908,0.9375,0.0804,0.279,0.8106,96.0758,434.6413,0.336,2.8346,718.7087,16.6049,20.5559,2.8436,3.6008,56.378,502.1043,474.4611,4.744611,5.672459,0.80779241
1585,PP,Nectarine Stone,41.7445,58.2555,64.0113,9.4051,26.1584,0.2913,0.134,0.9609,4.8738,82.6396,289.4692,0.3267,11.5257,920.6259,19.7636,23.2598,3.4616,0.6743,52.8131,350.8633,336.8108,3.368108,5.306603,0.849689163
1586,PU,Cotton Stem,52.2144,47.7856,57.5938,7.2079,32.2635,2.7373,0.1976,2.2292,7.2704,79.0458,233.7199,0.3366,11.4546,684.4524,11.1158,19.3611,8.2169,3.451,57.7999,292.1555,251.6015,2.516015,4.875463,0.574130602
1587,PS,Cotton Husk,85.539,14.461,84.4449,8.4827,6.8697,0.2027,0,0.5789,0.8673,96.6507,362.9062,0.3005,1.9031,838.426,16.6687,26.8474,1.0377,1.9304,53.5136,438.8093,416.5122,4.165122,5.8740752,0.620868315
1588,PU,Cherry Stone,65.1651,34.8349,59.7263,7.5589,29.6511,2.8867,0.177,0.3541,3.0309,88.2715,280.5094,0.3569,8.3435,783.3789,13.5977,22.2242,5.8036,1.9369,56.3964,347.3336,309.2249,3.092249,4.962211,0.611842046
1589,PS,Sorghum Stalk,69.6828,30.3172,76.7108,7.9989,14.3667,0.3944,0.5291,1.6753,3.0364,88.8091,266.4955,0.2569,6.4792,779.2137,17.6599,26.2521,1.8566,2.7472,51.3702,332.9496,318.9749,3.189749,6.1985314,0.672704279
1590,PET,Corn Cobs,69.5163,30.4837,57.7285,4.8721,37.2197,0.1798,0,0.1839,4.3506,86.8746,228.567,0.3592,8.5909,724.3967,8.3953,23.4719,9.3829,2.3241,56.4232,300.3688,248.8659,2.488659,4.6961796,0.357674496
1591,PU,Rice Straw,93.6076,6.3924,64.7348,8.14,23.0209,3.9452,0.1591,0.3332,1.1052,96.5151,317.3074,0.3503,2.0465,878.1162,17.0983,26.9666,2.3646,1.1809,52.3598,401.346,377.8795,3.778795,5.6671702,0.63405472
1592,PET,Sunflower Seed Hulls,55.772,44.228,68.2867,3.788,27.2448,0.6805,0,0.4423,4.7611,84.5661,276.5256,0.3677,10.2305,687.2399,5.1191,23.5005,8.5872,2.4478,60.3431,349.4212,282.1065,2.821065,4.3902382,0.217829408
1593,PE,Rice Husk,19.1964,80.8036,56.1537,5.2141,37.9814,0.5458,0.1049,3.4746,6.3835,77.6135,150.6032,0.2537,12.5284,779.45,14.4622,29.1771,6.403,2.222,47.699,217.1702,194.6065,1.946065,6.0337082,0.495669549
1594,PE,Beetroot Pellets,65.197,34.803,69.6087,9.1223,20.4297,0.5511,0.2883,0.2815,2.4492,92.6847,417.6091,0.4212,4.5846,785.9945,12.1525,20.7438,5.1525,1.758,60.1449,485.0535,426.8579,4.268579,4.5555528,0.585837696
1595,PP,Sorghum Bagasse,73.5727,26.4273,81.0059,12.4741,6.4619,0.0211,0.037,1.6046,2.3873,91.8858,482.8347,0.3797,4.1223,782.7092,16.1914,21.7419,2.6373,2.2195,57.2019,553.8012,518.0771,5.180771,5.2827316,0.744709524
1596,PU,Açaí Seed,82.67,17.33,62.5632,7.9553,25.7335,3.6075,0.1405,2.4626,2.099,92.7007,357.6901,0.4275,2.7377,952.6499,14.1141,23.1953,4.4049,0.2294,58.031,427.6216,383.0512,3.830512,4.5290558,0.608489651
1597,PET,Plum Stone,65.2984,34.7016,57.3291,5.1201,37.17,0.3219,0.059,7.3621,2.6897,85.332,198.1295,0.3277,4.6162,870.8445,13.4464,30.6031,4.8338,1.0147,50.0855,273.1539,243.251,2.43251,5.6714644,0.439380324
1598,PU,DDGS,67.1099,32.8901,61.2773,7.9146,25.9728,4.4578,0.3776,4.0505,3.2359,87.6632,219.7755,0.2756,5.0504,958.1386,22.6394,30.0593,1.0626,0.8293,45.3276,302.0064,304.8861,3.048861,6.5294164,0.753157925
1599,PE,Cocoa Pod Husk,48.7062,51.2938,61.041,8.3275,29.518,0.9179,0.1956,5.5227,6.3226,82.7043,260.8591,0.3446,5.4504,873.0291,17.4224,25.0689,3.8157,1.1199,52.5318,327.1386,306.0067,3.060067,5.4412248,0.694980633
1600,PET,Coffee Husk,4.3031,95.6969,43.4098,6.131,50.4579,0.0013,0,2.169,8.9454,76.2594,119.5512,0.2746,12.6262,894.3514,16.7152,21.9126,11.7493,0.5531,49.0685,169.9932,149.5359,1.495359,4.764239,0.762812263
1601,PE,Durian Shell,27.3494,72.6506,67.3306,9.2166,21.0531,2.2805,0.1191,4.8724,3.195,79.6625,247.183,0.2701,12.2701,857.4959,22.0866,26.2609,1.7463,1.7075,48.172,317.4584,318.4128,3.184128,6.3055112,0.841045052
1602,PS,Rubber Wood,27.4412,72.5588,61.7257,7.0812,31.047,0.1461,0,3.5647,5.0622,80.5737,297.0758,0.3986,10.7994,794.4615,10.7677,19.58,7.769,1.4652,60.4163,354.0572,301.9646,3.019646,4.1545332,0.549933606
1603,PE,Cocoa Pod Husk,11.2268,88.7732,42.8185,6.2287,49.3034,1.4351,0.2144,9.558,10.9424,70.0814,163.564,0.4141,9.4182,873.107,10.5904,15.8714,13.4078,0.3215,59.737,207.0991,169.5972,1.695972,3.2586566,0.667263127
1604,PET,Safflower Seed,63.6248,36.3752,57.5631,5.266,36.0602,1.1107,0,0.5117,3.5675,82.7309,204.5222,0.3121,13.1899,729.9854,10.3184,23.2759,8.8608,2.4773,55.0644,270.838,229.5045,2.295045,4.934024,0.443308315
1605,PS,Colza seed,40.1495,59.8505,62.6689,7.3018,26.7973,3.2319,0,5.5592,4.8408,78.026,282.9169,0.3701,11.574,692.9749,9.8487,18.7844,7.7107,3.0296,60.6222,340.8728,290.2554,2.902554,4.5150908,0.52430208
1606,PET,Cotton Husk,0.18,99.82,50.4216,8.3909,39.7884,1.3991,0,2.815,5.987,78.0521,233.6351,0.3696,13.1459,822.6675,14.1868,16.1644,8.8594,1.1974,59.5901,276.7781,242.3472,2.423472,3.997558,0.877657074
1607,PET,Safflower Seed,65.4991,34.5009,57.8005,5.218,35.9265,1.0551,0,0.4853,3.3945,83.3471,282.3025,0.4289,12.7731,680.7647,5.3399,14.0421,13.6742,2.2895,64.6515,342.809,269.2469,2.692469,3.1656548,0.380277879
1608,PE,Rice Straw,54.3093,45.6907,69.8822,8.8651,20.9487,0.2117,0.0923,2.3817,3.8859,89.0626,390.2614,0.4113,4.6698,699.604,10.2069,19.9067,6.0682,2.9918,60.8069,456.7327,394.158,3.94158,4.6816538,0.512736918
1609,PET,Rice Straw,14.421,85.579,52.3951,5.8365,41.5812,0.1873,0,4.4609,7.3086,78.7689,223.7041,0.4077,9.4616,830.4105,9.858,19.0245,10.8004,0.8671,59.4488,279.2354,231.175,2.31175,3.7721728,0.518173934
1610,PE,Cotton Husk,55.9404,44.0596,70.3038,9.9655,18.9006,0.735,0.0951,1.2425,2.6424,90.3055,277.3949,0.2715,5.8096,765.183,20.2225,25.3423,1.9692,3.1553,49.2879,350.8736,346.5557,3.465557,6.5067572,0.797974138
1611,PE,Coconut Shell,48.0069,51.9931,65.2007,8.5175,26.0006,0.1996,0.0816,1.9757,7.435,88.032,263.7186,0.3144,2.5573,792.022,17.5947,27.8287,2.3798,2.3886,49.7892,341.6238,325.3682,3.253682,6.2617626,0.632250159
1612,PET,Banana Stems,85.8135,14.1865,58.8774,4.4898,36.4904,0.1425,0,0.5047,1.4931,91.9599,250.9042,0.3822,6.0423,950.3619,10.599,28.0328,6.2558,0.1678,54.9441,328.3226,280.4752,2.804752,4.7368972,0.378092806
1613,PP,Soybean Cake,40.4917,59.5083,67.905,9.5199,17.0466,5.5286,0,3.0766,19.6377,71.1503,229.4546,0.2866,6.1354,958.8077,23.4595,27.7883,0.6051,0.9651,47.1806,298.7034,305.7862,3.057862,6.3804576,0.844222209
1614,PP,Colza seed,6.8477,93.1523,47.0322,7.0033,40.9342,5.0302,0,8.5275,7.5343,65.89,139.2608,0.274,18.0482,679.9435,12.5589,14.2131,11.8986,3.601,57.7219,180.1056,153.9645,1.539645,4.4363698,0.883614412
1615,PE,Plum Stone,62.7157,37.2843,71.9015,9.4849,17.9875,0.4561,0.17,7.91,2.7426,87.9532,409.7339,0.4282,1.3942,902.0046,14.5172,23.0469,3.5458,0.653,58.2114,477.2398,432.5622,4.325622,4.705541,0.629898164
1616,PU,Plum Stone,77.8968,22.1032,61.8286,7.9087,26.6288,3.464,0.17,4.6893,2.0932,91.2378,228.393,0.2838,1.9797,729.561,16.3677,25.8963,3.5808,3.4851,50.626,300.8664,281.9833,2.819833,6.2783112,0.632047822
1617,PET,Sunflower Seed Hulls,3.8929,96.1071,75.4616,3.148,19.9476,1.4428,0,0.9611,10.0994,72.6911,235.5903,0.2991,16.2484,746.6474,6.2847,29.5562,4.3377,1.9449,57.875,301.2924,251.6121,2.516121,5.099103,0.212635589
1618,PE,Colza seed,62.2782,37.7218,70.2198,9.4271,18.0795,2.1678,0.1059,3.4532,3.051,86.1886,293.7182,0.2998,7.3072,921.7421,21.5933,27.3252,1.1101,1.0859,48.8653,372.7851,372.2299,3.722299,6.1638038,0.790233923
1619,PU,Pistachio Soft Shell,37.682,62.318,53.1267,6.585,37.5573,2.667,0.0641,12.1645,6.4267,71.5059,246.2383,0.4466,9.9029,906.4807,10.1596,17.446,9.5418,0.1823,62.6544,292.5963,244.0095,2.440095,3.3606962,0.582345523
1620,PE,Coconut Shell,85.5208,14.4792,80.1933,10.453,9.0012,0.2071,0.1454,0.5502,2.0705,96.6527,472.5502,0.3929,0.7266,986.2047,17.722,25.5477,1.4631,0.3235,54.924,556.3438,528.3456,5.283456,5.2487992,0.693682797
1621,PET,Soy Peel,87.8148,12.1852,60.0831,4.622,34.9146,0.3803,0,0.8799,1.5658,91.9803,252.8138,0.3729,5.574,983.1136,11.4657,29.295,5.1024,0.1003,54.036,331.6227,287.7,2.877,4.965373,0.391387609
1622,PET,Castor Seed Hull,7.5291,92.4709,45.5807,5.4029,48.8106,0.2057,0,1.8605,3.0391,76.9343,194.3813,0.4119,18.1661,884.1954,5.4725,9.0809,18.2661,0.0184,67.1618,234.1789,177.8671,1.778671,1.7418106,0.602638505
1623,PET,Safflower Seed,79.6206,20.3794,59.5889,4.856,34.9194,0.6357,0,0.2867,2.0911,87.9898,242.6415,0.3565,9.6324,756.7526,8.9326,24.2598,8.3038,1.9102,56.5917,315.5708,264.0251,2.640251,4.7053072,0.368205838
1624,PET,Olive Pomace,37.6168,62.3832,58.3061,5.5052,35.807,0.3179,0.0638,3.0614,4.7,84.3129,197.5834,0.3052,7.9257,938.6694,15.8284,30.4468,4.1453,0.4862,49.0757,270.6583,247.5798,2.475798,5.7198236,0.519870725
1625,PET,Hazelnut Shell,68.6973,31.3027,58.6113,4.606,36.3235,0.4592,0,0.3358,2.8245,91.2067,272.6449,0.4193,5.633,672.5029,5.6155,20.3504,11.2349,2.7209,60.0754,348.995,279.1302,2.791302,4.1447066,0.275940522
1626,PE,Pistachio Soft Shell,82.166,17.834,78.7661,10.1942,10.4172,0.4829,0.1397,3.4812,1.7745,92.0545,377.3723,0.3307,2.6898,775.3415,16.4746,25.0181,1.8343,2.659,53.9895,454.4254,429.6633,4.296633,5.8834594,0.658507241
1627,PU,Coffee Husk,16.0188,83.9812,46.2703,6.5431,46.4865,0.6728,0.0272,1.9034,7.9384,79.0317,131.1181,0.2627,11.1265,772.8946,16.6967,22.8533,9.9636,2.3701,48.1027,187.587,168.3015,1.683015,5.5312552,0.730603458
1628,PP,Cotton Husk,63.3068,36.6932,72.6588,11.8496,14.9773,0.5143,0,1.0348,2.2006,91.6191,468.0595,0.4131,5.1455,676.1675,11.3446,16.9366,5.794,3.6599,62.259,526.7142,462.0347,4.620347,4.6694726,0.669827474
1629,PET,Cocoa Beans Husk,47.7473,52.2527,52.2837,5.1469,41.0238,1.3941,0.1515,4.1802,5.9061,80.5116,172.5178,0.3204,9.4021,978.8116,14.1365,27.4406,7.0289,0.1134,51.2342,236.8951,208.6272,2.086272,5.0248548,0.515167307
1630,PP,Corn Cobs,16.7005,83.2995,53.9395,7.3943,38.233,0.4332,0,0.5026,11.4896,74.1368,263.9521,0.4253,13.871,863.4285,10.6259,15.2952,10.0463,0.4535,63.5783,305.2755,255.2847,2.552847,3.2371454,0.69472122
1631,PE,Cotton Husk,0.6223,99.3777,50.6218,8.4156,39.5673,1.3942,0.0011,2.8026,5.9601,78.1587,184.8695,0.2906,13.0786,858.9752,20.061,21.01,6.4458,1.2181,51.2626,235.9629,223.3239,2.233239,5.2499278,0.954831033
1632,PET,Cocoa Pod Husk,7.7788,92.2212,39.2899,5.5015,53.537,1.4687,0.2029,9.9293,11.3838,68.5085,91.4697,0.2815,10.1784,749.582,12.2668,18.3735,17.1472,2.3117,49.7992,139.5752,114.6128,1.146128,4.467464,0.667635453
1633,PU,Soybean Cake,96.1692,3.8308,65.3146,8.2146,21.9122,4.395,0.1635,0.1981,1.8411,96.146,408.6749,0.4472,1.8148,826.0361,11.6671,21.1951,5.2756,1.2099,60.6241,480.5342,419.4166,4.194166,4.3637736,0.550462135
1634,PU,Spirulina Sp.,15.6919,84.3081,43.4074,6.4505,43.3693,6.2655,0.5072,1.6687,4.9413,78.7738,216.9798,0.4379,14.6162,791.8274,7.2928,9.4415,14.5864,0.6809,67.8343,257.3089,203.2263,2.032263,2.2210136,0.772419637
1635,PE,Nectarine Stone,61.1518,38.8482,71.4469,9.2654,18.7718,0.3227,0.1933,0.6408,3.2501,88.5501,333.2105,0.3294,7.559,907.4818,19.1209,26.1174,1.9205,0.9743,51.8325,409.4847,395.0308,3.950308,5.704649,0.732113457
1636,PU,Safflower Seed,92.5149,7.4851,64.4785,8.1765,23.0775,4.1102,0.1573,0.1053,1.2616,95.2083,247.7298,0.2739,3.4248,903.9039,21.7258,30.435,0.6397,1.5953,45.5719,338.6725,340.7496,3.407496,6.7523138,0.713842615
1637,PS,Cocoa Pod Husk,97.7846,2.2154,89.0298,8.4328,2.4973,0.0352,0.0049,0.4341,0.2731,99.0578,416.1861,0.3237,0.235,890.7136,16.015,27.3364,0.6601,1.385,54.6014,496.5626,467.8648,4.678648,5.6698364,0.585848905
1638,PS,Sugarcane Straw,64.9051,35.0949,73.6619,7.6067,18.6591,0.0723,0,4.3382,2.6222,89.5401,364.4374,0.3829,3.4995,860.7035,13.6099,26.5712,2.7429,1.1659,55.9088,442.2865,400.1622,4.001622,5.2352326,0.512204944
1639,PP,DDGS,66.9245,33.0755,74.5503,11.6402,11.8961,1.6484,0.265,4.0733,2.8493,88.6695,364.4944,0.3264,4.4079,860.0456,20.9411,24.7883,1.3353,1.66,51.2336,442.3965,439.0362,4.390362,5.9792446,0.844797747
1640,PET,Coconut Shell,52.4052,47.5948,54.4808,5.146,40.2667,0.1065,0,1.8086,6.9161,86.2705,151.1012,0.2643,5.0048,679.2584,10.8701,25.8809,9.4985,3.9793,49.7659,218.2419,186.4971,1.864971,5.8595536,0.420004714
1641,PU,Cocoa Pod Husk,53.6605,46.3395,52.562,7.0381,37.2162,2.9905,0.1932,4.9893,6.0339,83.2622,183.2062,0.3012,5.7146,937.4929,19.6959,27.8061,4.1397,0.5739,47.7329,251.5486,240.0405,2.400405,5.836182,0.708330187
1642,PE,Soybean Cake,33.2786,66.7214,65.9047,8.1132,19.6569,6.2686,0.0566,3.4495,22.0181,67.8736,208.9306,0.2934,6.6588,682.3471,13.1326,19.9054,5.3082,4.1099,57.5246,255.4926,229.4688,2.294688,5.3977454,0.65975062
1643,PU,Rice Husk,61.6451,38.3549,59.3146,6.5587,31.1586,2.829,0.1391,1.6493,3.3998,88.0874,237.8455,0.3259,6.8635,834.0289,15.0599,26.9137,4.3457,1.4876,52.1587,311.8959,283.9921,2.839921,5.5501562,0.559562602
1644,PP,Spirulina Sp.,83.6528,16.3472,77.9913,12.5847,8.2437,1.0871,0.0932,0.3236,0.9398,95.5296,450.4202,0.3549,3.207,901.7439,20.618,23.7891,1.4561,1.102,53.0211,530.9382,523.0024,5.230024,5.6186866,0.866699455
1645,PU,Chlorella Vulgaris,29.0838,70.9162,56.0525,7.0177,28.2127,8.2777,0.4395,1.3655,6.68,80.0432,298.9853,0.4279,11.9113,875.2533,10.8868,17.2,7.7688,0.4608,63.5878,350.8716,298.1678,2.981678,3.5079408,0.632953488
1646,PE,Cocoa Beans Husk,0.0565,99.9435,43.2741,5.893,47.9043,2.6386,0.2899,7.9955,11.1048,67.5739,125.6419,0.3134,13.3258,997.2376,13.7715,19.9933,11.5887,0.0196,54.5118,169.6448,144.6286,1.446286,4.0134946,0.68880575
1647,PET,Pistachio Soft Shell,9.9336,90.0664,47.1829,5.4382,45.8087,1.5702,0,17.581,8.9825,59.4289,136.0604,0.3433,14.0076,897.2811,11.2942,18.6933,12.5336,0.2457,57.2324,178.0889,147.5555,1.475555,3.66309,0.604184387
1648,PS,Cocoa Pod Husk,36.9397,63.0603,56.8791,6.6701,35.3094,1.0027,0.1387,6.8635,7.773,78.6748,255.2211,0.4091,6.6887,785.2382,10.502,20.3004,8.3816,1.5881,59.1947,313.4633,265.7834,2.657834,4.2606062,0.517329708
1649,PP,Hazelnut Shell,87.3272,12.6728,81.1551,12.7543,5.9132,0.1774,0,0.1359,1.0851,97.4803,430.0789,0.3255,1.2987,969.2071,23.1824,26.1337,0.3356,1.0218,49.325,523.5542,535.4262,5.354262,6.1623498,0.887069187
1650,PU,Olive Pomace,8.5896,91.4104,56.8107,6.3893,35.8822,0.8098,0.1081,4.4859,6.8227,79.761,189.7599,0.2988,8.9304,902.4326,17.2838,28.0542,4.5813,0.8165,49.2345,256.196,237.7214,2.377214,5.6937866,0.616086005
1651,PET,Cocoa Beans Husk,83.1506,16.8494,58.982,4.5958,35.903,0.4703,0.0489,1.348,2.0468,90.1179,182.0646,0.2783,6.4873,910.6455,15.0891,35.1331,2.8777,0.8548,46.0307,265.6486,243.5444,2.435444,6.3624118,0.429483877
1652,PU,Plum Stone,87.6792,12.3208,63.5376,8.073,24.4297,3.7897,0.17,2.6139,1.4323,94.1909,325.0347,0.3775,1.7629,705.3193,11.6256,22.9223,5.0591,3.2466,57.1105,401.8004,354.3911,3.543911,5.3060574,0.507174236
1653,PP,Pistachio Soft Shell,90.0496,9.9504,81.5769,13.0251,5.2249,0.1731,0,1.9423,0.9901,95.1258,450.0344,0.3422,1.9418,955.1707,22.3399,25.0763,0.7138,0.8485,51.0201,536.8791,541.6319,5.416319,5.876086,0.890877043
1654,PS,Rice Husk,74.9685,25.0315,79.9043,7.3193,12.5974,0.1566,0.0224,1.2263,1.9775,92.9163,345.2074,0.3214,3.8799,739.2634,11.9434,24.7782,3.2189,2.7472,57.305,414.1555,369.9294,3.699294,5.395438,0.482012414
1655,PET,Elephant Grass,64.2035,35.7965,54.9213,4.6438,39.69,0.745,0,0.2181,4.33,86.329,180.7046,0.3073,9.1229,929.6599,13.5306,29.8511,6.292,0.399,49.9265,253.5603,223.2809,2.232809,5.3653854,0.453269729
1656,PS,Pistachio Soft Shell,26.521,73.479,57.377,6.3389,35.0055,1.2785,0,14.3961,7.3112,67.2782,193.4543,0.3377,11.0145,840.2902,13.548,23.5763,6.7695,1.1916,54.913,246.9952,217.696,2.17696,4.8603906,0.574644876
1657,PS,Nectarine Stone,55.3177,44.6823,71.599,7.4796,20.5953,0.2234,0.1028,0.8476,3.7382,86.734,380.6681,0.4047,8.6802,798.831,10.9357,22.044,5.29,1.5174,60.1934,447.7089,388.4212,3.884212,4.5018288,0.496085103
1658,PE,Cocoa Pod Husk,68.2133,31.7867,70.5253,9.4199,19.2202,0.6487,0.1859,3.4224,3.9181,89.2743,363.2643,0.3746,3.3852,811.2232,15.2875,23.9676,3.2322,1.7807,55.6996,435.675,401.1376,4.011376,5.3084582,0.637840251
1659,PP,Hazelnut Shell,73.4077,26.5923,76.3169,11.5508,11.76,0.3723,0,0.2852,2.2769,95.2618,461.03,0.3891,2.1761,810.4545,16.134,22.3843,2.8413,1.8177,56.8201,534.9863,498.4908,4.984908,5.2136304,0.720773042
1660,PP,Cotton Stalk,27.7358,72.2642,57.1483,8.7346,32.2104,0.9725,0.9342,13.2979,7.6102,69.4857,269.5298,0.4139,9.6062,659.8767,8.8473,13.7675,10.007,3.4829,63.6887,312.9821,260.7066,2.607066,3.9370916,0.642622117
1661,PE,Spirulina Sp.,72.7617,27.2383,73.2543,9.8136,14.689,1.9641,0.279,0.5391,1.566,93.2337,312.3093,0.2876,4.6612,758.8617,18.361,24.4816,2.097,3.0833,51.9242,385.2879,372.1039,3.721039,6.171491,0.749991831
1662,PP,Sorghum Bagasse,14.2361,85.7639,70.7806,9.3847,19.646,0.0686,0.1202,5.2073,7.7475,74.7898,247.5709,0.2709,12.2554,879.3525,22.3606,27.0757,1.3307,1.5421,47.6657,316.2373,318.8711,3.188711,6.3785548,0.825854918
1663,PU,Sorghum Stalk,26.1164,73.8836,50.9247,7.2266,38.4566,2.0581,1.3339,3.743,7.5563,72.5216,243.0091,0.4115,16.1791,756.6102,8.4407,11.4787,12.3217,1.4572,65.9366,281.6463,228.4178,2.284178,2.8795894,0.735335883
1664,PU,Beetroot Pellets,12.3836,87.6164,42.2526,5.6077,50.1091,1.5627,0.4679,0.7086,6.2401,81.3579,147.8477,0.3458,11.6934,934.1859,11.7997,18.423,13.7229,0.0828,55.7861,199.4958,164.7466,1.647466,3.625308,0.640487434
1665,PE,Coconut Shell,0.9556,99.0444,46.3965,6.0899,47.3218,0.1902,0.0016,3.7637,14.1633,77.2196,193.3615,0.4375,4.8534,674.6362,7.2821,14.8019,14.8083,2.8657,60.2375,247.6438,197.2162,1.972162,3.6774268,0.491970625
1666,PU,Soybean Cake,15.9169,84.0831,57.4514,6.8452,27.1962,8.4802,0.0271,4.3471,27.8429,59.1898,156.9178,0.2939,8.6202,994.5624,20.0242,28.0548,2.3577,0.2779,49.278,211.6803,204.9417,2.049417,5.7970066,0.713753083
1667,PP,Sunflower Seed Hulls,6.0139,93.9861,76.5749,3.7465,18.2688,1.4098,0,0.9399,9.8685,73.4658,308.3458,0.3733,15.7258,709.5725,4.9916,24.5697,6.3606,2.0957,61.9806,376.3534,306.9557,3.069557,4.3851356,0.203160804
1668,PS,Soybean Cake,15.704,84.296,61.2796,6.8757,24.0133,7.8314,0,4.3895,27.8177,59.3885,196.7743,0.3427,8.4043,710.1239,11.479,22.7205,5.4029,3.079,57.3145,248.5346,218.2537,2.182537,5.204797,0.505226558
1669,PE,Coffee Husk,65.3299,34.6701,70.9284,9.4706,19.3528,0.1372,0.1111,0.7858,3.2376,91.4687,264.4084,0.2621,4.5079,818.9698,21.6612,27.5285,1.1994,2.4937,47.0925,342.685,344.8146,3.448146,6.7007452,0.786864522
1670,PE,Sorghum Bagasse,76.4334,23.5666,81.8199,10.5975,7.2403,0.1794,0.163,1.4309,2.1289,93.0769,331.0484,0.2711,3.3633,850.005,21.7253,25.3521,0.8123,2.102,49.9787,403.7247,406.8044,4.068044,6.293213,0.856942817
1671,PET,Cocoa Pod Husk,18.4308,81.5692,41.9327,5.3666,51.2187,1.3026,0.1795,8.7824,10.0932,71.5325,124.1199,0.3419,9.5919,984.9612,12.283,21.2064,13.0567,0.0236,53.3585,173.3262,144.3698,1.443698,4.0070192,0.579211936
1672,PET,Pistachio Soft Shell,90.0714,9.9286,60.5178,4.4554,34.8265,0.2003,0,1.9381,1.177,90.803,215.2123,0.3198,6.0819,920.1751,12.9125,32.848,3.7334,0.5823,49.9231,297.6149,264.891,2.64891,5.7418614,0.393098514
1673,PP,Cherry Stone,72.9263,27.0737,75.5454,11.7816,12.5052,0.1164,0.0514,0.2752,2.0518,91.5783,356.6265,0.3013,6.0947,996.1408,24.8683,26.3181,0.5422,0.662,47.6005,442.3904,460.0136,4.600136,6.238853,0.944912437
1674,PS,DDGS,50.1502,49.8498,71.2939,7.8349,17.9874,2.4845,0.3994,6.2394,4.2943,83.3272,267.556,0.2966,6.1391,869.9105,18.2451,29.5528,0.859,1.7387,49.5279,346.9496,335.1533,3.351533,6.3165782,0.617372973
1675,PS,Rubber Wood,97.4015,2.5985,89.1806,8.4463,2.3678,0.0052,0,0.3205,0.1813,99.1114,502.6781,0.3893,0.3868,829.3875,12.448,27.1997,1.2165,1.7161,57.4181,593.6938,537.3232,5.373232,5.38591,0.457652106
1676,PET,Chlorella Vulgaris,70.8402,29.1598,59.2335,4.9653,32.7177,2.9231,0.1604,0.5615,2.8237,88.2824,224.5669,0.329,8.3324,959.5039,13.6937,29.6152,4.2699,0.2646,52.1157,301.0897,268.8022,2.688022,5.3051616,0.462387558
1677,PS,Cherry Stone,68.4728,31.5272,77.0755,7.776,14.9531,0.1356,0.0599,0.4575,2.3893,90.4806,393.8794,0.3745,6.6726,985.8103,15.4817,27.0485,1.8938,0.2539,55.3121,473.271,437.244,4.37244,5.1710308,0.572368154
1678,PET,Beetroot Pellets,17.3665,82.6335,42.9742,5.0743,50.5414,0.9887,0.4214,0.6683,5.8516,81.74,119.9614,0.2867,11.7401,847.996,12.8874,21.509,14.3893,0.8684,50.1588,177.744,148.2603,1.482603,4.4128604,0.599163141
1679,PET,Safflower Seed,31.592,68.408,53.5062,6.0871,38.3448,2.0619,0,0.9622,6.5243,72.1994,165.2208,0.2725,20.3141,820.7654,14.2483,19.8083,9.5297,1.3448,55.0669,214.0875,186.9189,1.869189,4.5161006,0.719309582
1680,PE,Cotton Stalk,49.6086,50.3914,65.9562,8.9683,23.5574,0.7823,0.7358,9.2729,5.3068,78.8084,234.7248,0.2849,6.6119,789.5398,19.4317,27.2598,2.0251,2.6292,48.5025,305.6314,298.1206,2.981206,6.474612,0.71283355
1681,PS,Pistachio Soft Shell,44.39,55.61,65.3592,6.8637,26.8095,0.9676,0,10.9438,5.5332,75.1871,237.7631,0.3262,8.3359,734.8584,12.5846,25.7358,4.5804,2.8277,54.268,302.8807,270.0943,2.700943,5.6141642,0.488991988
1682,PU,Colza seed,42.4604,57.5396,53.3247,7.2558,34.4568,4.8905,0.0722,5.2674,4.9086,78.0643,257.6129,0.4032,11.7597,654.9285,7.7051,12.8942,11.6543,3.3008,64.422,307.5925,250.891,2.50891,3.6385064,0.597563245
1683,PS,Spirulina Sp.,44.5603,55.4397,61.9592,7.1737,26.8644,3.6867,0.316,1.1864,3.1874,86.1685,264.0248,0.3294,9.4577,830.6321,15.2689,24.9886,4.1886,1.5063,53.9764,334.3676,305.4392,3.054392,5.3368602,0.611034632
1684,PP,Sorghum Bagasse,52.6285,47.3715,77.3966,11.3836,11.1155,0.0379,0.0664,2.8763,4.2793,85.8513,495.8525,0.4352,6.9931,657.2796,8.9747,15.58,6.7221,3.763,64.9451,549.9621,468.6204,4.686204,4.2795016,0.576039795
1685,PP,Hazelnut Shell,7.6395,92.3605,53.4568,5.8644,39.3858,1.293,0,0.9907,7.9082,84.7798,160.1364,0.2735,6.3213,994.934,19.5356,32.0661,3.6507,0.2493,44.4973,233.6772,222.9945,2.229945,6.2394228,0.609229061
1686,PS,Sorghum Bagasse,64.3357,35.6643,82.3995,8.5492,8.9727,0.0285,0.05,2.2941,3.2217,89.4175,326.1461,0.2886,5.0667,897.6058,18.8111,27.8141,0.6233,1.4804,51.261,401.5291,390.5344,3.905344,6.0661586,0.67631525
1687,PE,Pistachio Soft Shell,23.0049,76.9951,54.8355,6.8575,36.8799,1.388,0.0391,15.0294,7.661,65.7634,145.2023,0.2634,11.5462,833.4661,18.757,26.6706,5.1939,1.7034,47.6614,200.1751,188.8062,1.888062,5.9960688,0.703283766
1688,PE,Olive Pomace,17.4405,82.5595,61.2091,7.0816,31.153,0.4422,0.1141,4.0515,6.1155,81.8794,278.1231,0.3823,7.9536,872.361,13.3827,23.1867,5.753,0.8145,56.838,340.3984,300.883,3.00883,4.6584468,0.577171396
1689,PS,Cotton Husk,45.4534,54.5466,68.4909,8.4431,22.3015,0.7645,0,1.6292,3.2714,87.9209,372.8902,0.4018,7.1785,801.2576,12.481,21.412,5.1581,1.593,59.3537,438.1026,386.5655,3.865655,4.616154,0.582897441
1690,PET,Chlorella Vulgaris,81.8818,18.1182,60.3454,4.7261,33.001,1.8278,0.0997,0.3489,1.834,90.7086,182.9784,0.2636,7.1085,840.0859,14.7635,35.313,2.2503,1.698,45.946,268.7218,247.5351,2.475351,6.65178,0.418075496
1691,PP,Colza seed,22.8849,77.1151,53.6652,8.182,33.9885,4.1642,0,7.0594,6.2372,71.6763,265.3579,0.4078,15.0271,824.9482,11.6337,14.3541,9.003,0.9293,64.0784,303.7426,258.6924,2.586924,3.3977456,0.810479236
1692,PE,Cotton Stem,82.4881,17.5119,79.4598,10.2958,9.6916,0.3727,0.1801,0.8169,2.5496,92.7043,467.4622,0.3971,3.9292,933.2706,16.4737,24.1203,2.1795,0.5657,56.6357,543.2452,507.0873,5.070873,5.020838,0.682980726
1693,PS,Nectarine Stone,22.9234,77.0766,58.1131,6.742,34.5823,0.3854,0.1773,1.3171,6.4484,77.2613,306.5641,0.4452,14.9732,899.6694,9.057,15.5792,9.9808,0.1528,65.1901,351.2858,289.0604,2.890604,2.9958376,0.581352059
1694,PE,Hazelnut Shell,99.5906,0.4094,85.836,11.1755,2.6044,0.2149,0.1693,0.0044,0.0351,99.9127,586.704,0.4343,0.0478,715.4059,10.7096,20.6798,3.9422,2.8332,61.8113,663.6156,582.8276,5.828276,4.7765772,0.517877349
1695,PS,Rubber Wood,33.5074,66.4926,64.1062,7.1996,28.5603,0.1339,0,3.2834,4.639,82.181,264.2562,0.3347,9.8966,883.6458,15.7926,25.7324,4.0789,0.9265,53.4681,331.0661,303.5174,3.035174,5.2795702,0.613724332
1696,PET,Sorghum Stalk,62.1282,37.8718,55.9345,5.2882,37.6045,0.5117,0.661,1.9186,3.9234,82.8957,237.1015,0.3821,11.2623,863.3161,10.0715,21.5246,9.2824,0.6063,58.3402,299.2275,250.0963,2.500963,4.016877,0.467906488
1697,PP,Soybean Cake,11.1822,88.8178,59.2094,7.3873,25.1519,8.2515,0,4.5919,29.3099,57.1872,206.8911,0.3737,8.911,853.4964,14.0272,21.822,5.0745,1.0514,58.0234,253.1719,226.5145,2.265145,4.6409108,0.642800843
1698,PS,Cocoa Pod Husk,6.4262,93.5738,40.7556,5.7862,51.7645,1.4878,0.2059,10.0878,11.5342,68.4528,147.1582,0.4194,9.9252,695.8923,6.4416,10.1455,18.9297,2.1413,62.2611,190.4036,146.5825,1.465825,2.7406112,0.634921887
1699,PU,Coffee Husk,39.8759,60.1241,51.787,7.0365,39.4339,1.6748,0.0678,1.3627,5.8537,84.3946,178.7143,0.2903,8.389,948.6404,20.021,26.9309,4.9351,0.4409,47.652,244.5414,232.7913,2.327913,5.7134036,0.743421126
1700,PP,DDGS,98.8195,1.1805,85.1671,13.7711,0.9935,0.0588,0.0095,0.1454,0.1017,99.1134,446.9813,0.3114,0.6395,894.7596,23.1247,24.4373,0.524,1.6818,50.2288,533.3189,546.2553,5.462553,6.1786518,0.946287028
1701,PE,Sorghum Stalk,56.093,43.907,68.2967,9.2919,20.8607,0.689,0.8617,2.2244,4.3974,83.9835,250.6264,0.2659,9.3947,816.3708,21.4335,27.5311,1.3748,2.4258,47.0599,327.4537,327.9504,3.279504,6.652173,0.778519565
1702,PE,Beetroot Pellets,79.955,20.045,76.5508,10.0033,12.8013,0.4064,0.2382,0.1621,1.4106,95.7783,512.9622,0.4487,2.649,684.3319,8.967,18.173,6.1319,3.0918,63.5999,581.2824,495.5075,4.955075,4.3650984,0.493424311
1703,PP,Hazelnut Shell,9.6138,90.3862,54.143,6.0351,38.5566,1.2653,0,0.9695,7.7391,85.0945,217.1689,0.3605,6.1969,847.1088,13.0504,24.7148,7.1119,1.0848,54.0367,283.9806,248.3709,2.483709,4.9118664,0.528039879
1704,PU,Rice Husk,14.7444,85.2556,51.5187,4.4538,42.7735,1.1526,0.1013,3.666,6.8236,76.0761,151.0187,0.3018,13.4343,999.0806,12.116,26.2349,9.3587,0.0345,52.22,210.5902,179.0803,1.790803,4.6264764,0.461827566
1705,PE,Cotton Stem,90.8932,9.1068,82.5893,10.7298,6.2111,0.2946,0.1753,0.4248,1.3259,96.1964,347.3291,0.2754,2.0529,650.2769,13.0608,14.1726,5.2785,5.1288,62.3158,379.6367,342.4347,3.424347,5.0324244,0.921552856
1706,PP,Sorghum Bagasse,68.7506,31.2494,80.1749,12.223,7.5333,0.025,0.0438,1.8974,2.8229,90.4964,365.9768,0.295,4.7833,781.7623,20.5773,23.4621,1.441,2.8869,51.622,437.7462,435.1438,4.351438,6.2120832,0.877044254
1707,PET,Cotton Husk,32.8537,67.1463,54.2671,7.0628,37.7189,0.9512,0,1.8936,4.096,83.4981,238.8954,0.363,10.5123,805.3528,12.8518,20.0356,8.3477,1.4836,57.2792,296.4184,257.2252,2.572252,4.4436088,0.641448222
1708,PET,Spirulina Sp.,99.8217,0.1783,62.1291,4.3368,33.4908,0.0424,0.001,0.0035,0.2199,94.6553,262.4276,0.368,5.1213,984.6283,11.2119,30.8451,4.3065,0.1139,53.5219,346.1039,300.997,3.00997,5.138144,0.363490473
1709,PU,Cocoa Beans Husk,56.9556,43.0444,56.0308,7.2512,32.9678,3.5285,0.2217,3.4436,5.1244,84.8442,199.6154,0.2919,6.5878,733.9632,15.8421,25.8989,4.8757,3.1354,50.1866,270.2538,249.2613,2.492613,6.0966814,0.611690072
1710,PET,Colza seed,32.5792,67.4208,50.0544,5.7942,40.5007,3.6507,0,6.172,5.5215,73.607,213.3157,0.4037,14.6995,925.9468,9.3322,15.9974,11.5577,0.0639,63.0482,259.1327,211.7622,2.117622,3.0464262,0.583357296
1711,PU,Cotton Stem,6.1023,93.8977,49.7811,6.1733,42.4956,1.3258,0.2243,4.3804,13.7073,60.842,212.0896,0.4303,21.0703,940.2081,5.5011,8.8175,14.9995,0.0027,70.6093,240.0132,185.5929,1.855929,1.7060904,0.623884321
1712,PP,Elephant Grass,22.3377,77.6623,51.6685,7.1323,39.6257,1.5736,0,0.4733,9.1016,77.6246,180.2605,0.3001,12.8005,774.932,15.3058,20.8979,8.2703,2.1607,53.3622,234.5365,209.4579,2.094579,5.0596924,0.73240852
1713,PET,Pistachio Soft Shell,83.1698,16.8302,59.3694,4.54,35.7723,0.3183,0,3.2853,1.8493,88.1009,257.982,0.3996,6.7645,912.039,9.6345,25.9728,7.1758,0.3,56.9163,330.8976,278.617,2.78617,4.4204988,0.370945759
1714,PE,Hazelnut Shell,45.7616,54.2384,66.8997,7.9478,24.2193,0.8554,0.0778,0.5818,4.6441,91.0752,247.6156,0.2802,3.6989,898.1083,20.5976,31.1968,0.6986,1.6018,45.8879,335.0348,332.5952,3.325952,6.728782,0.660247205
1715,PU,Elephant Grass,78.7067,21.2933,60.6287,7.6242,27.8762,3.7371,0.1338,0.1298,2.9676,92.251,323.382,0.4003,4.6516,770.147,11.834,21.4311,6.0926,1.9609,58.6525,393.316,343.3279,3.433279,4.6803928,0.552188175
1716,PS,Cocoa Beans Husk,18.5368,81.4632,51.9531,6.3733,39.2868,2.1506,0.2362,6.5541,9.0515,73.5327,172.5046,0.3158,10.8617,939.6585,16.4046,24.6036,6.6293,0.323,51.9706,228.2776,206.5338,2.065338,4.9873844,0.666756084
1717,PP,Nectarine Stone,99.1933,0.8067,85.2616,13.7884,0.9441,0.004,0.0019,0.0133,0.0675,99.2665,595.505,0.4136,0.6527,691.9243,12.288,18.4833,4.048,3.5632,61.612,662.6633,593.1981,5.931981,4.9316254,0.664816348
1718,PS,DDGS,15.1099,84.8901,58.0041,7.3696,29.7154,4.2308,0.6801,10.4846,7.3129,71.7481,214.579,0.3286,10.4544,975.8684,17.8357,24.7604,4.0357,0.2151,52.9968,271.8165,253.8008,2.538008,5.1230718,0.720331659
1719,PP,Peach Stone,67.0493,32.9507,70.7863,11.5799,16.2366,1.2984,0.0989,0.8309,1.8233,89.6581,297.5107,0.2693,7.6877,822.4808,24.0571,25.6054,1.0173,2.5614,46.7384,378.8306,392.8311,3.928311,6.7414284,0.939532286
1720,PS,Açaí Seed,76.046,23.954,80.0073,7.9962,11.8094,0.187,0,3.556,2.2157,92.1467,326.1831,0.3042,2.0816,832.6627,16.2349,27.9173,1.1622,1.9779,52.7056,402.6001,380.0991,3.800991,5.9790372,0.581535464
1721,PET,Cherry Stone,90.7237,9.2763,60.9083,4.5077,34.4987,0.0676,0.0176,0.0943,0.8935,92.422,228.3144,0.3284,6.5902,874.57,11.8788,31.38,4.4794,0.9066,51.3499,310.9739,272.9921,2.729921,5.5613532,0.378546845
1722,PU,Banana Stems,80.7106,19.2894,60.5341,7.7311,28.0496,3.5479,0.1372,0.6862,2.2694,93.5769,224.3092,0.2766,3.4675,922.292,21.8922,30.7643,1.193,1.1452,44.9738,311.7109,312.2338,3.122338,6.650641,0.711610536
1723,PET,Coconut Shell,83.0251,16.9749,59.4276,4.6234,35.8914,0.0577,0,0.645,2.6018,91.6871,258.6608,0.3912,5.0661,806.6548,8.8893,26.057,7.4677,1.2806,56.3041,336.5038,282.0346,2.820346,4.7016812,0.341148252
1724,PE,Safflower Seed,69.2996,30.7004,74.7821,9.8789,14.1546,1.0665,0.1178,0.4318,2.8982,88.2626,482.2339,0.4409,8.4074,912.8447,13.4126,20.0677,4.4044,0.4148,61.6829,540.5785,481.1638,4.811638,4.1255894,0.668367576
1725,PP,DDGS,58.5192,41.4808,71.7525,11.0786,14.7693,2.0674,0.3323,5.1084,3.5734,85.9172,405.8603,0.3909,5.401,733.0639,13.7677,19.7416,4.3538,2.7361,59.3464,467.3207,422.2725,4.222725,4.953877,0.697395348
1726,PE,Coconut Shell,39.9017,60.0983,61.9615,8.0993,29.6734,0.198,0.0678,2.2837,8.5941,86.1694,238.0662,0.3109,2.9528,773.3773,17.0382,27.6366,3.1276,2.5891,49.5906,312.8097,294.9158,2.949158,6.249235,0.616508543
1727,PU,Banana Stems,35.2579,64.7421,48.3851,6.4378,43.1059,2.0112,0.0599,2.3031,6.2032,83.3663,186.9256,0.3471,8.1274,918.1096,15.1988,23.0613,8.091,0.3893,53.241,246.453,218.2529,2.182529,4.6865636,0.659060851
1728,PP,Açaí Seed,34.5791,65.4209,60.7574,8.9803,29.7515,0.5108,0,9.2963,6.0514,78.7943,215.2154,0.2892,5.858,699.4263,16.3642,23.2944,4.7628,4.2184,51.3539,276.2921,257.8762,2.578762,6.2126152,0.70249502
1729,PE,Sugarcane Straw,66.7455,33.2545,71.7123,9.4575,18.5081,0.2086,0.1135,3.9877,2.4846,90.1984,435.6903,0.4377,3.3293,764.9141,11.2813,20.0164,5.3993,1.9664,61.317,500.499,436.3515,4.363515,4.444418,0.563602846
1730,PS,Durian Shell,84.1395,15.8605,85.4596,8.4927,5.5464,0.4853,0.0159,1.232,0.6975,95.393,335.2087,0.2749,2.6775,813.1011,17.2692,25.645,1.2455,2.2606,53.5744,402.5304,384.7202,3.847202,5.9056384,0.673394424
1731,PP,Sorghum Stalk,14.0657,85.9343,51.3113,7.8382,38.2326,1.118,1.4998,4.3535,8.6066,68.6042,243.1792,0.4033,18.4357,775.1651,9.2273,10.8671,11.7,1.225,66.5722,275.1357,225.3678,2.253678,2.804353,0.849104177
1732,PP,DDGS,19.6728,80.3272,58.8218,8.4833,28.048,4.0034,0.6436,9.8925,6.9198,73.1969,310.7086,0.4403,9.9908,760.4813,10.0504,15.2722,8.4091,1.7624,64.3779,355.7034,300.3854,3.003854,3.6406796,0.658084624
1733,PP,Colza seed,97.0471,2.9529,84.3387,13.633,1.8689,0.1595,0,0.2703,0.2388,98.4346,494.1423,0.3495,1.0563,757.9752,17.651,22.2751,1.8546,2.9769,55.2382,572.5278,549.2524,5.492524,5.7787008,0.792409462
1734,PS,Cotton Stem,35.3535,64.6465,63.4024,6.9063,28.8078,0.7363,0.1473,3.0865,9.4119,73.0578,186.5755,0.2539,14.4438,882.4585,19.9047,28.9189,2.7048,1.268,47.1647,251.5729,243.8825,2.438825,6.247433,0.688293815
1735,PU,Castor Seed Hull,79.4372,20.5628,61.2772,7.7063,27.4998,3.3816,0.135,0.4137,1.1488,93.2997,318.2334,0.3824,5.1378,848.3438,14.2328,23.4443,4.7528,1.1705,56.3734,390.6754,351.1903,3.511903,4.9101632,0.607089996
1736,PS,Soybean Cake,5.9596,94.0404,57.9364,6.6882,26.6386,8.7367,0,4.8738,31.0333,54.7171,184.0329,0.3614,9.3758,927.1379,14.7995,23.5863,4.6215,0.4107,56.5811,230.356,207.7306,2.077306,4.7172504,0.627461704
1737,PET,Cocoa Pod Husk,36.7161,63.2839,46.4692,5.135,47.2391,1.0174,0.1392,6.8137,7.8777,76.7237,141.8736,0.3281,8.5849,954.196,13.4746,25.1415,10.0775,0.1334,51.1237,199.9892,171.6891,1.716891,4.670843,0.53595052
1738,PE,Coconut Shell,66.523,33.477,72.6008,9.4728,17.6101,0.2033,0.1131,1.2721,4.7872,92.287,253.9555,0.2507,1.6537,919.4254,24.2734,28.4125,0.5097,1.5448,45.2362,332.3637,344.8919,3.448919,6.7545406,0.854321161
1739,PP,Sorghum Stalk,60.5937,39.4063,69.8548,11.0932,17.8515,0.5127,0.6878,1.9964,3.9467,85.3322,261.3268,0.2523,8.7247,934.7411,27.0847,27.2408,0.4523,1.4571,43.6402,343.133,368.4052,3.684052,6.8791302,0.994269625
1740,PET,Chlorella Vulgaris,96.516,3.484,61.8191,4.4091,33.3765,0.3762,0.0192,0.0671,0.5223,93.9244,210.8368,0.297,5.4862,922.0816,13.9142,35.4242,2.2311,0.7541,47.671,299.3588,272.0732,2.720732,6.2361506,0.392787981
1741,PET,Rice Husk,32.0046,67.9954,53.2611,3.9654,42.2774,0.4352,0.0608,2.9238,5.4388,79.4659,131.0287,0.2536,12.1715,950.7226,14.01,32.6764,7.0772,0.2866,45.9269,199.7606,175.7976,1.757976,5.7329092,0.428749801
1742,PP,Cotton Husk,66.1001,33.8999,73.6409,12.0018,13.8821,0.4751,0,0.956,2.0331,92.219,341.7367,0.2955,4.7919,914.5897,24.485,26.045,0.6992,1.377,47.3918,427.1203,443.3403,4.433403,6.419016,0.940103667
1743,PE,Sugarcane Straw,57.1315,42.8685,67.5874,8.9537,23.1535,0.2082,0.0971,5.1406,3.203,87.3704,373.2389,0.4153,4.286,857.6831,13.8526,22.0549,4.5945,1.0148,58.4658,437.7549,392.07,3.9207,4.6382966,0.628096251
1744,PE,Cotton Stalk,14.001,85.999,51.807,7.3913,38.4793,1.1868,1.1356,15.8254,9.0566,63.8482,215.7196,0.4149,11.2698,832.4541,11.1708,16.1893,9.7906,0.8609,61.7055,255.9259,215.7414,2.157414,3.5545004,0.690011304
1745,PE,Soy Peel,28.0053,71.9947,56.5086,7.9607,33.3362,2.1469,0.0476,5.1987,8.1619,80.1615,257.4443,0.3818,6.4779,805.0287,13.7795,20.9445,6.5516,1.606,57.1058,315.1028,279.3062,2.793062,4.702141,0.657905417
1746,PE,Sunflower Seed Hulls,81.4994,18.5006,84.1336,9.7015,5.5777,0.4487,0.1385,0.185,1.9426,94.7665,399.5406,0.3217,3.1059,887.723,18.2393,26.958,0.6564,1.5306,52.5938,483.1551,466.9131,4.669131,5.9145072,0.676582091
1747,PET,Durian Shell,13.5193,86.4807,60.5614,7.9108,28.7908,2.6504,0.0865,5.7999,3.8316,75.0797,259.2107,0.3412,15.2888,725.9553,12.3472,18.1862,7.3918,2.6553,59.3953,310.4356,271.0778,2.710778,4.5755562,0.678932377
1748,PET,Plum Stone,52.5507,47.4493,55.5508,5.409,38.5307,0.4289,0.0807,10.0666,3.6007,81.8942,235.255,0.4147,4.4385,707.9841,7.62,20.6834,10.4452,2.4594,58.7693,301.0528,246.1875,2.461875,4.3095336,0.368411383
1749,PE,Cocoa Pod Husk,19.088,80.912,46.6406,6.6689,45.1535,1.3266,0.2105,8.7116,9.9735,72.7289,160.0223,0.3435,8.586,844.1435,14.5099,20.9762,9.612,1.0749,53.7598,210.9477,184.3109,1.843109,4.5948846,0.691731582
1750,PU,Castor Seed Hull,97.26,2.74,65.102,8.2036,22.4382,4.0909,0.1653,0.0551,0.673,97.2959,349.1089,0.379,1.976,757.336,13.1247,23.9011,4.0888,2.3757,56.4778,429.074,385.126,3.85126,5.2795068,0.549125354
1751,PS,Cotton Husk,6.9194,93.0806,53.1543,8.405,37.136,1.3046,0,2.6388,5.5824,79.529,238.0354,0.3523,12.2498,934.3299,17.2059,19.9949,6.4503,0.2999,56.0479,287.2049,262.3707,2.623707,4.4849588,0.860514431
1752,PP,Plum Stone,2.7231,97.2769,49.2368,6.7974,42.9541,0.8463,0.1654,20.6378,7.1556,68.5881,169.6529,0.3772,3.6185,714.5879,11.1588,20.3808,9.9947,2.9045,55.5119,221.6878,188.4646,1.884646,4.8129422,0.547515309
1753,PP,Rubber Wood,53.979,46.021,69.6352,10.4885,19.7836,0.0927,0,2.2261,3.2107,87.4437,263.5954,0.2606,7.1195,823.5703,23.517,26.9753,1.0829,2.5434,45.8781,342.5964,352.7765,3.527765,6.849261,0.871797533
1754,PE,Banana Stems,51.8441,48.1559,63.3376,8.4236,27.6473,0.5034,0.0881,1.7131,4.4567,88.1653,267.3028,0.3188,5.6649,767.9504,16.5271,25.6043,3.6192,2.5447,51.683,340.5384,318.1526,3.181526,5.9220712,0.645481423
1755,PE,Castor Seed Hull,99.107,0.893,85.6072,11.149,2.8653,0.2101,0.1685,0.018,0.0292,99.7612,530.1395,0.3938,0.1916,998.0331,18.0236,25.5596,1.0501,0.3204,55.0256,619.1663,591.6173,5.916173,5.2817616,0.705159705
1756,PU,Olive Pomace,22.7093,77.2907,58.1822,6.6813,33.6853,1.3334,0.1177,3.793,5.8615,82.5644,273.9206,0.404,7.7811,664.6929,7.7585,17.3256,10.2788,3.2885,61.3168,335.2133,275.7476,2.757476,4.1982266,0.447805559
1757,PE,Elephant Grass,54.475,45.525,65.9218,8.4685,24.4802,1.0368,0.0926,0.2774,5.3353,86.9383,246.6359,0.2787,7.449,662.1321,13.0702,18.4486,6.5979,4.7743,57.0783,298.4939,266.5576,2.665576,5.4453046,0.708465683
1758,PP,Beetroot Pellets,92.2236,7.7764,81.9347,13.1797,4.7535,0.0925,0.0397,0.0629,0.5472,97.9073,553.0407,0.4074,1.4826,817.968,16.152,21.1675,2.741,1.6906,58.2418,625.4511,582.9102,5.829102,5.0167558,0.763056573
1759,PP,Beetroot Pellets,16.7596,83.2404,46.7533,6.6747,45.1569,0.9906,0.4245,0.6732,5.8579,82.451,187.1703,0.3522,11.0179,837.5188,13.2444,18.6067,10.7494,0.9915,56.2714,239.9697,205.4614,2.054614,4.1297964,0.711808112
1760,PE,Olive Pomace,60.0292,39.9708,73.9873,9.2061,16.3413,0.3224,0.1429,1.9615,2.9608,91.2167,380.0353,0.3665,3.861,884.3187,16.621,25.7298,2.1761,1.0832,54.3662,458.1657,429.477,4.29477,5.4248084,0.645982479
1761,PET,Olive Pomace,20.0745,79.9255,57.2196,5.8346,36.4653,0.3987,0.0818,3.9223,5.9626,81.3948,254.0401,0.4035,8.7203,694.8882,7.5502,18.2069,10.9574,2.5953,60.6667,315.8202,257.476,2.57476,4.0386084,0.414688937
1762,PP,Colza seed,90.997,9.003,81.8363,13.1883,4.4892,0.4862,0,0.8242,0.7282,96.2516,364.0128,0.2706,2.196,912.6045,26.018,24.288,0.4397,1.6367,47.6153,442.9262,470.0001,4.700001,6.4561706,1.07122859
1763,PS,Beetroot Pellets,61.3269,38.6731,70.3764,7.2335,21.7326,0.4602,0.1972,0.4354,2.7215,91.7632,329.1214,0.3546,5.0799,797.935,13.291,26.9438,3.0779,1.9065,54.7425,409.3788,369.6437,3.696437,5.5128738,0.493286025
1764,PET,Rice Husk,86.4322,13.5678,60.3922,4.2601,35.2241,0.1113,0.0121,0.5834,1.2534,91.6522,211.1048,0.314,6.511,737.9581,9.3628,31.0503,5.6704,2.4562,51.4546,294.4358,251.9716,2.519716,5.8028398,0.301536539
1765,PET,Sugarcane Straw,31.9729,68.0271,49.1805,5.4401,45.2296,0.1499,0,8.1575,5.1499,78.2787,121.3719,0.2516,8.4139,896.8992,18.1419,30.8322,6.7848,0.8947,43.345,186.3801,172.0976,1.720976,6.164485,0.588407574
1766,PE,Spirulina Sp.,74.9095,25.0905,74.2577,9.9229,13.7232,1.8258,0.2704,0.4966,1.4425,93.7656,336.8328,0.3043,4.2953,839.4961,19.7496,26.9958,0.9845,2.1093,50.1159,422.2418,415.357,4.15357,6.289557,0.731580468
1767,PU,Sugarcane Straw,54.8208,45.1792,55.4729,7.2319,34.8065,2.3955,0.0932,5.4177,3.7045,85.556,186.2313,0.2795,5.3218,770.4113,17.8228,28.0451,4.0835,2.6619,47.3588,259.2458,245.0262,2.450262,6.4115052,0.635504955
1768,PS,Banana Stems,15.2706,84.7294,46.7856,5.9022,46.6181,0.6941,0,3.0447,7.8414,79.1649,133.478,0.2786,9.949,700.2433,12.7538,21.8917,11.96,3.4024,49.987,192.7392,164.8723,1.648723,5.3538238,0.582586094
1769,PU,Açaí Seed,95.1747,4.8253,64.8194,8.1896,22.7942,4.035,0.1618,0.6857,1.0173,96.4597,300.897,0.3318,1.8373,766.9259,15.6209,26.8767,2.6017,2.6429,52.2245,385.9861,359.6865,3.596865,6.0196796,0.581206026
1770,PE,Sorghum Stalk,28.9776,71.0224,57.3761,8.1135,32.2367,0.9849,1.2888,3.5981,7.1131,74.1045,306.3968,0.4307,15.1843,984.7984,11.311,16.0895,7.9363,0.0196,64.3679,344.8241,293.2473,2.932473,3.2558818,0.703005065
1771,PP,Sorghum Stalk,91.9248,8.0752,82.3417,13.2851,4.1273,0.1051,0.1409,0.4091,0.8088,96.5967,573.0076,0.4213,2.1854,900.3568,16.9984,21.1711,2.5915,0.7843,58.4375,642.2639,601.9499,6.019499,4.7841652,0.802905848
1772,PE,Sugarcane Straw,11.6679,88.3321,48.0815,6.5715,45.1208,0.2064,0.0198,10.5923,6.5998,73.9976,182.7335,0.3772,8.8103,919.3145,13.6013,20.7155,9.5013,0.258,55.9172,232.6398,200.8155,2.008155,4.1714574,0.656575994
1773,PU,Cocoa Beans Husk,78.024,21.976,60.7586,7.7548,27.4331,3.8572,0.1964,1.7581,2.9098,91.2395,266.0328,0.3315,4.0926,959.8547,19.0509,27.6427,2.4407,0.4723,50.3527,344.576,330.1128,3.301128,5.7095608,0.689183763
1774,PE,Cotton Stem,19.2983,80.7017,55.9325,7.0329,35.8583,0.9597,0.2166,3.7648,11.7494,66.4509,229.1075,0.3719,18.0349,989.2632,12.2222,17.7485,8.4007,0.0229,61.5492,268.0815,229.5191,2.295191,3.5645068,0.688632842
1775,PU,Soy Peel,73.526,26.474,60.2243,7.8619,27.9329,3.8559,0.125,1.9117,3.4424,91.1704,321.7998,0.406,3.4755,660.0307,8.861,18.4797,8.0174,3.8209,60.7904,390.3089,329.6885,3.296885,4.6533124,0.479499126
1776,PET,Corn Cobs,66.3258,33.6742,57.2636,4.9284,37.6126,0.1954,0,0.2032,4.784,86.0565,273.1962,0.4346,8.9563,871.055,8.2547,20.6174,9.9875,0.398,60.7418,337.9559,276.289,2.76289,3.631784,0.400375411
1777,PET,Sugarcane Straw,3.1914,96.8086,43.6848,5.9082,50.2067,0.2003,0,11.6088,7.2399,71.3354,115.8505,0.2911,9.8159,795.8391,14.3131,21.7304,12.5658,1.7851,49.6032,167.1453,143.6068,1.436068,4.922911,0.658667121
1778,PS,Hazelnut Shell,30.8013,69.1987,62.9368,6.2182,29.8763,0.9687,0,0.8038,5.925,88.5638,224.3797,0.2992,4.7074,684.1561,10.7302,23.009,7.1237,3.6983,55.4338,288.7791,249.7232,2.497232,5.381987,0.466347951
1779,PS,Rubber Wood,0.2424,99.7576,51.0518,6.5505,42.1967,0.2009,0,4.826,6.9598,73.3666,198.2235,0.3576,14.8476,970.7366,12.8929,19.1069,9.537,0.0464,58.4161,243.5508,208.5079,2.085079,3.8165138,0.674777175
1780,PP,Hazelnut Shell,56.8344,43.1656,70.5563,10.1179,18.7216,0.6043,0,0.463,3.696,92.6204,267.9331,0.2609,3.2206,902.344,24.526,28.1096,0.5748,1.7181,45.0693,351.3376,365.8909,3.658909,6.8056974,0.872513305
1781,PS,Banana Stems,8.0319,91.9681,43.0765,5.6806,50.4895,0.7534,0,3.2877,8.5114,77.4019,105.489,0.2539,10.799,859.8594,16.9599,24.6269,11.6317,1.065,45.7149,161.4087,142.7905,1.427905,5.3159286,0.688673767
1782,PU,Cocoa Pod Husk,98.4602,1.5398,65.2538,8.2387,22.1769,4.1598,0.1708,0.1658,0.7805,97.4234,272.0262,0.2947,1.6303,652.1346,11.4284,16.7794,7.1711,4.7618,59.8109,325.3552,284.6353,2.846353,5.053196,0.681097059
1783,PS,Spirulina Sp.,49.9519,50.0481,64.7057,7.3024,24.3785,3.3282,0.2853,1.0905,2.8774,87.4942,227.5993,0.2679,8.5379,834.8258,19.141,29.96,1.4925,2.0328,47.3076,309.0153,300.6798,3.006798,6.5699304,0.63888518
1784,PE,Corn Cobs,53.0522,46.9478,67.9614,8.8057,22.7872,0.3555,0.0902,0.2833,6.4756,85.4598,280.1012,0.3066,7.7813,712.7181,14.9878,23.501,4.0278,3.6003,53.8595,346.9936,319.6656,3.196656,5.8687158,0.637751585
1785,PS,Cocoa Pod Husk,5.2629,94.7371,40.1409,5.7525,52.3918,1.5063,0.2084,10.2107,11.6776,68.0631,113.4849,0.3326,10.0486,901.3015,13.2083,19.1899,14.0788,0.2649,53.1702,158.807,132.7944,1.327944,3.939258,0.688294363
1786,PP,Durian Shell,91.1557,8.8443,83.3268,13.3742,3.0195,0.2706,0.0088,0.5932,0.389,97.069,584.0231,0.4225,1.9488,787.6845,14.6734,19.9679,3.2872,1.95,60.1177,651.8485,596.5843,5.965843,4.7987826,0.734849433
1787,PU,Safflower Seed,58.2064,41.7936,58.9258,7.702,29.5748,3.6985,0.099,0.5879,4.2946,82.8238,330.5353,0.4292,12.2937,908.0231,11.7604,17.686,7.3717,0.2639,62.8971,380.853,327.0131,3.270131,3.5930354,0.664955332
1788,PET,Sorghum Stalk,4.1458,95.8542,46.3881,6.7497,43.9408,1.2483,1.6729,4.8561,9.6088,64.8383,174.843,0.3555,20.6968,965.5639,9.6354,11.9613,12.8007,0.0076,64.9904,204.8853,166.4389,1.664389,2.5504678,0.805547892
1789,PS,Rubber Wood,37.284,62.716,65.5883,7.2733,27.0121,0.1263,0,3.1083,4.3755,83.1817,310.2392,0.3796,9.3345,767.3991,11.3467,21.791,6.2027,1.9706,58.6865,373.9188,324.6065,3.246065,4.6765844,0.520705796
1790,PU,Corn Cobs,10.7377,89.2623,49.5425,6.3341,43.1901,0.9151,0.0183,0.5386,12.3764,72.1506,182.0079,0.3498,14.9344,828.851,11.6402,17.0072,11.549,0.9357,58.8607,227.5538,190.8657,1.908657,3.7350294,0.684427772
1791,PU,Rice Husk,80.4187,19.5813,62.4352,7.4012,26.5093,3.5001,0.1542,0.842,2.0294,92.8953,249.023,0.3007,4.2333,795.6942,17.0071,28.8516,2.357,2.3199,49.4282,332.6552,314.7087,3.147087,6.3025926,0.589468175
1792,PET,Cocoa Beans Husk,57.9394,42.0606,54.2121,4.9882,39.5496,1.1281,0.122,3.3649,4.7951,83.277,157.1306,0.2754,8.563,842.4404,14.729,30.8388,5.7926,1.4,47.1999,229.343,206.0773,2.060773,5.9776208,0.477612618
1793,PU,Pistachio Soft Shell,67.8346,32.1654,59.2055,7.4051,29.8654,3.4087,0.1153,6.2787,3.6074,84.2816,240.9634,0.3329,5.8323,815.1244,15.7478,25.5202,4.2543,1.7591,52.6907,310.5046,285.3498,2.853498,5.5460654,0.617071967
1794,PE,Castor Seed Hull,4.4382,95.5618,46.083,5.7434,47.9465,0.2196,0.0075,1.9227,3.1244,76.5755,160.874,0.3275,18.3774,984.0832,10.2329,15.5682,14.2117,0.0077,59.9761,203.2455,164.905,1.64905,3.069503,0.657294999
1795,PE,Plum Stone,88.8483,11.1517,81.7691,10.687,7.0902,0.2836,0.17,2.3659,0.8203,96.3828,541.5633,0.4407,0.431,805.9618,12.5584,21.6454,3.5553,1.5916,60.6265,615.0142,548.6064,5.486064,4.6534204,0.580187938
1796,PS,Coconut Shell,22.0496,77.9504,55.7574,6.5822,37.5123,0.1481,0,3.0062,11.1469,82.0273,205.1087,0.3395,3.8196,797.2054,14.2112,26.5088,5.8029,1.8887,51.5859,272.6199,244.2247,2.442247,5.551073,0.536093675
1797,PS,Cocoa Beans Husk,26.4186,73.5814,55.6537,6.5787,35.6117,1.9425,0.2134,5.9393,8.1757,76.0742,254.2355,0.4159,9.8108,886.7094,11.2549,19.5665,8.3479,0.4224,60.358,306.8169,260.7433,2.607433,3.8321274,0.575212736
1798,PP,Pistachio Soft Shell,37.4662,62.5338,60.5277,8.6659,29.7182,1.0881,0,12.2066,6.2221,72.0102,216.199,0.3053,9.5611,732.231,16.3581,22.8789,4.9178,3.1391,52.7013,272.9679,253.1317,2.531317,5.773214,0.714986297
1799,PET,Cotton Husk,82.015,17.985,60.0531,5.0646,34.6051,0.2772,0,0.5072,1.2509,91.6922,292.4577,0.4187,6.5497,794.1553,8.2218,22.4628,8.6582,1.2859,59.3701,366.0683,302.6999,3.026999,4.1786194,0.366018484
1800,PP,Pistachio Soft Shell,59.2477,40.7523,69.2469,10.4716,19.5724,0.7091,0,7.9548,4.0549,81.5853,409.9395,0.4359,6.405,764.4136,11.9782,17.7347,5.9216,1.9734,62.3894,461.6804,404.0711,4.040711,4.234695,0.675410354
1801,PE,Rice Husk,45.0005,54.9995,65.6785,7.1257,26.6315,0.4386,0.1257,2.365,4.345,84.7561,254.0959,0.3093,8.5339,952.619,18.3682,28.9792,2.2361,0.55,49.8392,329.1863,313.5651,3.135651,5.8320448,0.633840824
1802,PS,Cotton Husk,68.6053,31.3947,77.7053,8.466,13.3887,0.44,0,1.0226,1.8829,92.9628,301.0883,0.2769,4.1317,876.3474,19.5692,28.2403,0.7562,1.7283,49.7041,379.5308,372.469,3.72469,6.2904828,0.692952979
1803,PE,Peach Stone,2.4402,97.5598,41.8284,7.0641,46.9612,3.8494,0.2968,2.46,5.3983,70.3723,137.7088,0.2884,21.7694,739.6624,10.5809,8.521,15.0107,1.7641,63.9805,167.2839,136.5409,1.365409,2.847931,1.241743927
1804,PE,Cotton Stalk,52.3887,47.6113,67.0609,9.0914,22.3923,0.7508,0.7046,8.7613,5.014,79.9765,366.6351,0.4314,6.2482,990.3413,14.3619,21.5109,4.3793,0.0794,59.555,422.017,378.714,3.78714,4.2898838,0.667656862
1805,PE,Olive Pomace,91.1146,8.8854,83.3141,10.7568,5.5302,0.235,0.164,0.436,0.6582,98.0319,454.9981,0.355,0.8739,925.7624,18.747,26.9143,0.6066,1.1183,52.5914,547.6782,531.3408,5.313408,5.8162292,0.696544216
1806,PP,Rice Straw,13.8808,86.1192,55.5801,7.1669,37.069,0.184,0,4.489,7.3243,79.3361,247.5931,0.388,8.8506,850.9245,12.932,20.6556,7.7354,0.9218,57.7539,302.8618,263.3415,2.633415,4.329266,0.62607719
1807,PET,Banana Stems,92.6545,7.3455,60.4651,4.4145,35.0319,0.0885,0,0.2613,0.8744,93.2764,186.1434,0.2722,5.5879,908.6809,14.9433,37.0272,1.9317,0.991,45.1059,274.9623,253.4369,2.534369,6.6340816,0.40357629
1808,PS,Olive Pomace,47.3754,52.6246,72.1901,7.2943,20.2033,0.2585,0.0538,2.6773,3.8981,88.3571,276.7037,0.2996,5.0675,742.3778,13.8273,26.2264,3.2148,2.9362,53.7806,346.6914,316.1285,3.161285,5.8490344,0.527228289
1809,PP,Cherry Stone,38.0719,61.9281,62.6528,9.1187,27.8446,0.2663,0.1177,0.6296,4.6933,81.38,326.1305,0.3793,13.2971,915.5481,15.7728,19.709,5.4019,0.428,58.6644,376.7797,341.5427,3.415427,4.3400204,0.800284134
1810,PU,Soybean Cake,21.82,78.18,58.0298,6.9459,26.8075,8.1797,0.0371,4.0419,25.9303,61.9082,247.4909,0.4434,8.1196,737.1421,8.4627,16.4694,8.7661,1.9659,64.3259,292.9423,243.3659,2.433659,3.6929082,0.513843856
1811,PU,Sunflower Seed Hulls,34.1926,65.8074,72.4747,4.8712,20.1728,2.4232,0.0581,0.6581,7.1149,80.7277,265.4592,0.3167,11.4993,805.2653,10.8392,30.6647,2.25,1.7904,54.4417,342.0569,302.5503,3.025503,5.675349,0.353474842
1812,PP,Colza seed,28.3596,71.6404,55.9295,8.5844,31.6175,3.8686,0,6.5583,5.7944,73.6515,188.4056,0.2687,13.9958,960.2205,23.5827,24.1573,3.512,0.4424,48.3043,244.7687,245.0258,2.450258,5.7491306,0.976214229
1813,PU,Beetroot Pellets,20.9866,79.0134,44.5539,5.8701,47.3157,1.8217,0.4386,0.6391,5.6863,82.983,122.7641,0.2587,10.6916,785.8344,15.7594,23.5636,10.9637,2.0937,47.439,183.4573,161.7036,1.617036,5.4205734,0.66880273
1814,PS,Sugarcane Straw,23.6975,76.3025,54.2428,6.5613,39.0388,0.1571,0,9.1972,5.701,77.4934,160.2637,0.2767,7.6084,909.445,19.4256,29.4631,4.382,0.8627,45.8651,225.668,214.6917,2.146917,6.119162,0.659319624
1815,PE,Rice Straw,22.9496,77.0504,58.8335,7.2625,33.6521,0.2129,0.039,4.0163,6.553,81.5696,234.561,0.337,7.8611,724.6956,12.8132,22.8831,6.6609,2.8744,54.7551,298.2905,263.1906,2.631906,5.2961314,0.559941616
1816,PS,Cotton Stem,15.6511,84.3489,55.2351,6.4215,37.1906,0.9607,0.1921,3.9663,12.2804,64.9074,250.4363,0.4303,18.8459,695.224,5.3966,8.973,14.7294,1.862,68.9861,286.9536,223.7427,2.237427,2.3800268,0.601426502
1817,PET,Rice Straw,16.2555,83.7445,52.6046,5.8042,41.4072,0.1839,0,4.3653,7.1564,79.1102,206.6764,0.3744,9.3681,725.0802,9.1157,18.9426,11.5143,2.3221,58.1024,265.2665,218.5382,2.185382,4.202575,0.481227498
1818,PP,Corn Cobs,52.3478,47.6522,67.4712,10.157,22.124,0.2478,0,0.2875,6.5727,84.9908,377.1027,0.3957,8.149,689.6526,11.493,17.539,6.4412,3.2852,61.2363,433.0486,378.245,3.78245,4.6272596,0.655282513
1819,PS,Cocoa Beans Husk,64.5765,35.4235,73.5689,7.5735,17.8197,0.9352,0.1027,2.963,3.9359,88.378,412.6614,0.4327,4.7231,709.6791,8.3726,20.6719,6.1399,2.5443,62.2519,482.5946,407.9619,4.079619,4.4197596,0.405023244
1820,PP,Cocoa Pod Husk,93.1994,6.8006,82.2821,13.289,4.3058,0.1081,0.015,0.7322,0.8383,97.2422,501.1424,0.3701,1.1873,729.8286,15.6349,21.3485,2.6291,3.2514,57.1296,576.116,538.514,5.38514,5.5424814,0.732365272
1821,PU,Soybean Cake,94.266,5.734,65.1282,8.1822,22.0375,4.4919,0.1603,0.2964,2.4577,95.2697,294.2198,0.3256,1.9762,753.6201,15.3817,26.5352,2.6846,2.8902,52.4737,377.147,350.7805,3.507805,6.0393504,0.579671531
1822,PP,Coffee Husk,92.8785,7.1215,82.4982,13.306,4.1958,0,0,0.1614,0.665,97.7859,557.2499,0.4075,1.3877,895.6834,17.7449,21.9419,2.2354,0.9112,57.165,631.2211,598.2851,5.982851,5.0073382,0.808722125
1823,PP,DDGS,90.8399,9.1601,82.5109,13.238,3.7212,0.4565,0.0734,1.1281,0.7891,96.5005,573.4488,0.424,1.5823,826.4547,15.4495,20.4846,3.0355,1.5057,59.5143,641.8357,591.973,5.91973,4.7886462,0.754200717
1824,PP,Soybean Cake,94.4228,5.5772,83.9054,13.4442,2.1323,0.5181,0,0.2883,1.8405,96.843,409.2966,0.2969,1.0282,879.484,23.5755,24.1825,0.5826,1.8572,49.7998,490.3666,505.2373,5.052373,6.2580266,0.974899204
1825,PS,DDGS,0.5892,99.4108,52.4968,7.1767,34.5755,4.9545,0.7965,12.2438,8.5637,66.9499,239.1103,0.4278,12.2426,920.8487,11.2244,16.5645,8.7004,0.1384,63.1833,280.3649,237.302,2.37302,3.3489094,0.677617797
1826,PU,Rice Husk,1.4074,98.5926,49.3018,3.8553,46.0764,0.6759,0.0905,4.2395,7.7973,72.6604,180.276,0.4104,15.3028,766.3672,4.546,11.8095,19.407,0.7662,63.4387,233.2436,175.1643,1.751643,2.2532646,0.384944324
1827,PS,Nectarine Stone,79.5081,20.4919,81.6695,8.0304,10.1505,0.1025,0.0471,0.497,1.7144,93.8078,499.739,0.4389,3.9808,951.7107,12.3538,24.4873,2.954,0.26,59.9379,576.4541,511.8557,5.118557,4.5126902,0.50449825
1828,PP,Soy Peel,79.5513,20.4487,77.2751,12.3881,9.7438,0.5931,0,1.4766,2.3182,93.9691,437.521,0.3596,2.2361,702.9918,14.6995,19.9604,3.6012,3.7096,58.0236,503.0353,463.5595,4.635595,5.4305932,0.736433138
1829,PP,Sorghum Bagasse,34.3742,65.6258,74.2509,10.4332,15.1715,0.0525,0.0919,3.9846,5.9283,80.592,311.6811,0.3028,9.4951,889.8692,21.5195,25.8375,1.3088,1.3538,49.9633,383.8318,382.9408,3.829408,6.0642914,0.832878568
1830,PE,Elephant Grass,31.4985,68.5015,55.7985,7.09,35.6039,1.4541,0.0535,0.4174,8.028,80.3563,167.3932,0.2514,11.1983,708.7445,16.533,25.6737,5.8068,3.8515,48.1133,232.7591,215.7356,2.157356,6.3992872,0.643966394
1831,PE,Rice Straw,86.5458,13.4542,81.2398,10.5124,7.8901,0.2105,0.1471,0.7013,1.1443,96.7652,433.0402,0.3519,1.3892,977.9825,19.7038,27.2406,0.5653,0.6806,51.7893,524.6473,513.5096,5.135096,5.8039808,0.723324743
1832,PU,Rubber Wood,15.2235,84.7765,53.1996,6.8098,39.1546,0.8101,0.0259,4.1008,6.0059,77.0486,201.0669,0.3317,12.8447,950.2965,15.7828,22.4463,7.1451,0.2023,54.4155,254.4365,227.8558,2.278558,4.6051996,0.703135929
1833,PP,Cocoa Pod Husk,33.2132,66.7868,53.3688,8.3401,37.0823,1.0619,0.1469,7.1908,8.2323,77.3269,263.5499,0.4208,7.25,848.2699,13.2316,18.2155,7.8518,0.8977,59.7697,311.9732,271.8374,2.718374,4.0455424,0.726392358
1834,PS,Elephant Grass,11.5725,88.4275,47.5076,5.5816,45.1192,1.7917,0,0.562,10.3633,74.6271,162.8174,0.3383,14.4476,786.3684,10.0973,16.5438,13.7337,1.3719,58.2515,212.5464,173.7399,1.737399,3.6661674,0.610337407
1835,PP,Cotton Stem,10.2112,89.7888,52.5062,6.8343,39.4323,1.0227,0.2045,4.1887,13.0724,62.6265,229.4105,0.4147,20.1124,744.2218,6.6848,9.094,14.1021,1.2816,68.778,260.471,205.7076,2.057076,2.3266152,0.735078073
1836,PU,Rice Husk,94.5577,5.4423,64.7854,8.0358,23.0078,4.0055,0.1656,0.234,0.9972,96.5164,226.5033,0.2503,2.2524,977.1016,24.0196,30.8776,0.3526,1.0788,43.6362,315.4115,325.8317,3.258317,6.8709048,0.777897246
1837,PE,Soy Peel,19.6503,80.3497,53.0884,7.5848,36.9217,2.3716,0.0334,5.802,9.1091,77.8615,166.9996,0.2758,7.2274,953.6378,22.3624,27.969,3.5553,0.5389,45.5643,231.4638,228.5119,2.285119,6.1321594,0.79954235
1838,PE,Cotton Stem,51.5198,48.4802,67.9295,8.6967,22.5155,0.6604,0.198,2.2616,7.0583,79.838,280.0852,0.3157,10.8421,904.1514,19.1269,25.5582,2.5732,0.9325,51.77,346.7649,332.9745,3.329745,5.6198734,0.748366473
1839,PE,Beetroot Pellets,25.9004,74.0996,51.1235,6.7763,40.7421,0.9362,0.4219,0.5993,5.2146,84.4475,244.3377,0.4047,9.7386,721.8049,9.0556,15.5218,11.7956,2.2628,61.2482,299.4092,245.9914,2.459914,3.743834,0.583411718
1840,PS,Elephant Grass,42.7178,57.2822,62.5445,6.6085,29.6864,1.1607,0,0.4345,6.7132,83.4933,231.6405,0.3067,9.359,867.8078,16.3454,28.057,3.5237,1.2048,50.8675,303.368,281.1827,2.811827,5.7318036,0.582578323
1841,PS,Rubber Wood,68.0564,31.9436,77.6645,7.8737,14.3974,0.0643,0,1.6813,2.2286,91.3357,311.9027,0.2964,4.7544,999.5764,19.5627,30.0638,0.2816,0.7646,49.3263,396.262,388.1889,3.881889,6.1745372,0.650706165
1842,PS,Olive Pomace,86.5134,13.4866,85.5847,8.1888,6.1464,0.0662,0.0138,0.8349,0.999,96.8674,360.4912,0.2982,1.2987,903.7906,17.5044,27.7892,0.5905,1.3567,52.7555,437.8259,419.4863,4.194863,5.877613,0.629899385
1843,PS,Sunflower Seed Hulls,1.5686,98.4314,76.2227,3.1847,19.1161,1.4765,0,0.9875,10.3353,72.2392,312.0163,0.3913,16.438,860.2413,5.8882,25.6958,5.7798,0.4895,62.1462,378.034,309.833,3.09833,4.0488374,0.229150289
1844,PU,Elephant Grass,23.1141,76.8859,47.4145,5.912,44.1056,2.5287,0.0393,0.4685,9.1493,77.4759,172.8999,0.3449,12.9063,671.655,8.3584,14.2924,14.7129,3.0989,59.5189,225.1249,181.3595,1.813595,3.8129558,0.584814307
1845,PE,Peach Stone,88.3142,11.6858,80.6915,10.7046,7.7728,0.6459,0.1852,0.2947,0.6466,96.4335,495.0241,0.3984,2.6252,668.1457,9.7174,16.9763,5.8026,3.715,63.7571,553.0647,477.3144,4.773144,4.518463,0.572409771
1846,PET,Coconut Shell,0.1261,99.8739,46.035,6.0384,47.7368,0.1898,0,3.7952,14.2822,77.0223,132.7911,0.3053,4.9003,979.6867,18.0377,28.4902,7.1373,0.1725,46.1615,192.8428,176.8263,1.768263,5.5995918,0.633119459
1847,PS,Plum Stone,94.7947,5.2053,88.0152,8.3983,3.5324,0.0453,0.0088,1.2939,0.3829,98.1303,499.5553,0.3976,0.1929,673.2522,7.4598,17.5637,6.2319,3.1458,65.5935,556.7253,467.471,4.67471,4.144881,0.424728275
1848,PE,Sunflower Seed Hulls,3.9826,96.0174,76.3975,3.4226,18.7246,1.4486,0.0068,0.9602,10.0818,72.9223,318.0882,0.3925,16.0357,750.3174,4.7943,23.8385,6.9056,1.4567,63.0025,384.9263,311.5091,3.115091,4.042934,0.201115842
1849,PP,Cotton Stem,50.7856,49.2144,67.4428,10.0046,21.88,0.5606,0.1121,2.2959,7.1652,79.2891,379.1851,0.4105,11.2498,782.4165,12.6726,17.4385,6.1109,1.7481,62.0085,427.5158,375.9622,3.759622,4.1917116,0.726702411
1850,PS,Olive Pomace,50.0994,49.9006,73.1224,7.3566,19.2249,0.2451,0.051,2.549,3.6963,88.9495,342.7004,0.3635,4.8052,958.9189,15.6813,28.2301,1.8774,0.4429,53.7589,422.5093,391.5933,3.915933,5.4091312,0.55548156
1851,PP,Coconut Shell,95.23,4.77,83.6737,13.4775,2.8398,0.0091,0,0.1813,0.6821,98.4267,593.5052,0.4264,0.7099,822.3747,15.3827,20.5392,2.9878,1.5571,59.5309,663.5194,611.8951,6.118951,4.8067126,0.748943484
1852,PE,Cotton Stalk,6.7012,93.2988,48.9063,7.068,41.5384,1.2697,1.2176,17.1687,9.8254,60.7812,123.4341,0.2657,12.2247,943.2527,20.736,24.9341,6.2472,0.412,47.2766,170.3789,161.8472,1.618472,5.5286806,0.831632182
1853,PE,Castor Seed Hull,31.9404,68.0596,57.5651,7.3138,34.85,0.2168,0.0543,1.3694,2.2252,83.3111,190.8966,0.2612,13.0943,956.2576,21.7131,27.5342,3.7206,0.4854,46.5309,257.6832,252.1535,2.521535,5.9880972,0.788586558
1854,PS,Cotton Stalk,87.6356,12.3644,84.7654,8.2836,6.6247,0.1664,0.1598,2.4505,1.3021,94.6275,321.1593,0.2727,1.6199,734.0634,14.6066,22.5542,2.825,3.1728,56.8067,376.245,347.2017,3.472017,5.5552044,0.647622172
1855,PP,Coconut Shell,80.1282,19.8718,77.7016,12.2981,9.9625,0.0378,0,0.7551,2.8417,95.0288,532.7048,0.4367,1.3744,998.774,16.9925,21.7068,2.7225,0.1249,58.4525,599.3615,559.389,5.59389,4.614961,0.782819209
1856,PE,Sorghum Stalk,80.6806,19.3194,78.1992,10.3604,10.5452,0.4208,0.4743,0.9787,1.9349,92.9414,410.7203,0.3518,4.145,861.4711,17.787,25.5124,1.5281,1.4793,53.6255,492.6359,470.6783,4.706783,5.6651478,0.697190386
1857,PET,Beetroot Pellets,45.8884,54.1116,49.5998,4.8187,44.6476,0.658,0.276,0.4377,3.9044,86.2097,155.742,0.3015,9.4482,683.272,9.3035,22.7209,12.6848,3.303,51.8837,225.017,185.1968,1.851968,5.0500854,0.409468815
1858,PU,Açaí Seed,94.3537,5.6463,64.6713,8.1742,22.9872,4.0069,0.1604,0.8023,1.0883,96.213,318.5093,0.353,1.8964,993.1733,18.7152,27.6354,1.8544,0.2943,51.4719,403.0506,385.9004,3.859004,5.6086614,0.67721835
1859,PET,Sunflower Seed Hulls,42.5362,57.4638,70.1172,3.6247,25.3831,0.875,0,0.5746,6.123,81.5366,327.4962,0.4297,11.7658,801.433,5.3714,22.5327,8.2888,0.8886,62.9179,398.0324,320.5042,3.205042,3.7373502,0.23838244
1860,PU,Sorghum Bagasse,10.9171,89.0829,68.0394,8.6038,22.6837,0.5298,0.1434,5.4088,8.1128,73.66,343.2425,0.4054,12.8184,846.101,12.5963,19.1829,5.89,0.9622,61.3419,392.4142,344.0268,3.440268,4.1219134,0.656642114
1861,PP,Sugarcane Straw,55.5856,44.4144,66.6907,10.3457,22.8721,0.0914,0,5.326,3.3185,86.6488,349.8942,0.3758,4.7067,833.3996,16.8196,22.1562,3.7964,1.5076,55.7181,413.9605,385.5332,3.855332,5.1479188,0.759137397
1862,PET,DDGS,29.9988,70.0012,55.2422,6.3183,34.3807,3.498,0.5608,8.6208,6.0932,75.1353,182.6124,0.3042,10.1507,862.4377,15.9914,25.9134,5.3814,1.1402,51.4209,244.2316,222.6315,2.226315,5.4003512,0.617109295
1863,PET,Beetroot Pellets,78.1474,21.8526,57.0936,4.5295,37.9815,0.284,0.1114,0.1767,1.7019,91.2654,257.0041,0.4065,6.856,715.8487,6.5736,21.2291,11.0105,2.1324,59.0236,332.0605,267.6173,2.676173,4.1482146,0.309650433
1864,PU,Pistachio Soft Shell,21.3202,78.6798,49.8282,6.1399,41.7312,2.2645,0.0362,15.3583,7.9565,64.5735,194.8027,0.4168,12.1117,748.3956,7.8989,13.7141,13.3775,1.6312,63.3659,237.6733,190.908,1.90908,3.1650274,0.575969258
1865,PS,Cocoa Beans Husk,63.2573,36.7427,72.9495,7.5391,18.4348,0.97,0.1066,3.0659,4.0825,87.9526,243.2829,0.2585,4.899,903.9995,20.2816,30.1135,0.6417,1.523,47.4165,319.9103,316.4192,3.164192,6.5299478,0.673505239
1866,PS,Sorghum Stalk,54.6538,45.3462,70.0236,7.7521,20.8429,0.59,0.7914,2.4066,4.5416,83.3607,285.0839,0.3137,9.6911,703.9442,12.4658,22.8539,4.7505,3.4495,56.3102,349.2201,311.4961,3.114961,5.4608188,0.545456137
1867,PP,Corn Cobs,54.9105,45.0895,68.444,10.3556,20.9659,0.2345,0,0.2721,6.2192,85.7711,383.2445,0.3919,7.7376,661.5291,10.6023,16.9732,6.732,4.0413,61.6447,440.3523,381.8348,3.818348,4.730457,0.624649447
1868,PP,Rubber Wood,21.8887,78.1113,58.5309,8.1446,33.1672,0.1573,0,3.7784,5.4496,79.0367,304.1701,0.4155,11.7353,745.0729,10.1147,15.5312,9.282,2.0059,63.0634,351.8895,296.2039,2.962039,3.767431,0.651250386
1869,PS,Rubber Wood,87.3874,12.6126,85.2507,8.2509,6.473,0.0254,0,0.7849,0.8799,96.458,460.57,0.3812,1.8772,991.1667,15.5477,28.5848,0.6195,0.452,54.7952,552.7739,515.9115,5.159115,5.4426524,0.543914948
1870,PU,Chlorella Vulgaris,85.1764,14.8236,63.6755,8.0161,23.0297,5.0524,0.2263,0.2854,1.8708,94.1755,336.4263,0.3809,3.6683,727.1567,11.9833,22.3901,4.9965,2.7356,57.8488,411.7578,363.7621,3.637621,5.0946938,0.535205292
1871,PP,Cocoa Beans Husk,24.017,75.983,53.4116,7.8018,36.5603,2.006,0.2204,6.0786,8.4425,75.2278,221.8937,0.3585,10.2511,919.2364,16.2333,21.1898,6.4314,0.4124,55.6783,273.1018,247.0746,2.470746,4.5707504,0.766090289
1872,PP,Nectarine Stone,97.3765,2.6235,84.5896,13.6498,1.7415,0.0131,0.006,0.0433,0.2195,98.7407,457.9357,0.3222,0.9965,763.0863,19.1877,22.0317,1.6699,3.0412,54.0643,531.7611,519.8603,5.198603,5.9370154,0.870913275
1873,PP,Durian Shell,72.6234,27.3766,78.6474,12.3771,8.1103,0.8377,0.0274,1.836,1.204,91.9753,376.9835,0.3021,4.9847,867.3587,22.6767,25.3385,0.6867,1.9544,49.3374,461.4417,470.2712,4.702712,6.3414098,0.894950372
1874,PU,Cotton Stalk,11.3906,88.6094,48.4586,6.9431,41.7625,1.6709,1.1649,16.3057,9.3999,62.5157,202.7374,0.4372,11.7787,995.4455,10.0481,15.8024,10.4235,0.0075,63.4059,239.0828,197.8432,1.978432,3.0789822,0.63585911
1875,PE,Safflower Seed,62.7486,37.2514,72.3926,9.597,16.6544,1.2493,0.1067,0.524,3.5166,85.7622,336.5928,0.3237,10.1972,747.7664,15.946,23.4366,3.0533,2.8587,54.6824,406.6252,379.5312,3.795312,5.6985942,0.680388794
1876,PET,Safflower Seed,83.3668,16.6332,60.0634,4.76,34.6522,0.5245,0,0.234,1.7453,89.2214,229.0317,0.3336,8.7993,834.9845,11.208,28.2766,5.9894,1.2011,53.3235,305.6561,264.3842,2.643842,5.2033094,0.396370144
1877,PP,Coffee Husk,87.7101,12.2899,80.2761,12.9113,6.8126,0,0,0.2785,1.1477,96.5419,503.8318,0.3846,2.0319,802.882,16.9627,21.9241,2.4652,1.9848,56.6603,578.5028,545.7454,5.457454,5.3049666,0.773701087
1878,PU,Spirulina Sp.,74.3442,25.6558,58.9092,7.7233,28.2664,4.8286,0.2726,0.5078,1.921,92.0868,316.5811,0.3978,5.4844,926.3679,14.8404,22.8273,4.8092,0.3988,57.0707,385.2354,347.0627,3.470627,4.6217734,0.650116308
1879,PS,Soybean Cake,90.196,9.804,86.8368,8.3084,3.9439,0.9108,0,0.6873,3.2353,95.0999,422.7853,0.3493,0.9775,756.7084,11.9989,24.3538,2.4565,2.4843,58.7037,494.1186,443.21,4.4321,5.2538394,0.492691079
1880,PS,Sugarcane Straw,33.6865,66.3135,58.9502,6.8147,34.0986,0.1365,0,8.0194,4.9547,80.4135,177.823,0.2676,6.6124,913.0469,20.5052,31.4306,2.418,1.0294,44.6153,250.6347,244.8338,2.448338,6.5433424,0.652396073
1881,PET,Plum Stone,77.9271,22.0729,59.0908,4.8339,35.822,0.2159,0.0375,4.6829,1.7873,88.7375,231.7596,0.3605,4.7923,938.9361,12.3035,29.7797,4.9513,0.3263,52.6294,308.6465,270.5791,2.705791,5.1978356,0.413150569
1882,PS,Rice Straw,11.0301,88.9699,55.0995,6.3552,38.3551,0.1901,0,4.6597,7.5667,78.7017,198.5131,0.3302,9.0719,658.3098,9.5661,20.3425,10.154,4.1333,55.7982,259.9397,218.5837,2.185837,5.0760152,0.470251936
1883,PET,Rubber Wood,57.346,42.654,57.387,5.2772,37.2323,0.1035,0,2.0633,3.0963,85.5673,273.5857,0.4262,9.2731,912.21,9.2904,21.2242,9.1096,0.1933,60.1819,336.6467,279.1404,2.791404,3.7468138,0.437726746
1884,PU,Olive Pomace,30.3985,69.6015,58.9291,6.8404,32.489,1.6186,0.1229,3.4156,5.338,84.0911,304.1646,0.4334,7.1553,998.4823,11.7941,21.6792,6.4887,0.032,59.9805,363.0732,313.2112,3.132112,4.016798,0.544028377
1885,PET,Sorghum Stalk,84.8908,15.1092,59.6823,4.7144,35.117,0.2225,0.2637,0.7654,1.6915,89.9846,239.3532,0.3543,7.5585,725.5054,8.3926,25.5293,8.0077,2.3626,55.6386,316.4507,264.3388,2.643388,4.9689034,0.328743836
1886,PE,Castor Seed Hull,19.8884,80.1116,52.5334,6.6256,40.5892,0.218,0.0338,1.6118,2.6193,80.3595,217.8418,0.3485,15.4094,757.708,10.7389,16.3346,11.3553,1.8937,59.6649,268.3783,224.3626,2.243626,3.8959054,0.657432689
1887,PS,Peach Stone,80.9212,19.0788,80.7609,8.2039,10.2262,0.7518,0.0572,0.6429,1.0557,94.0443,448.5601,0.3936,4.2571,884.4355,13.6621,26.0411,2.1107,0.9556,57.2214,530.9919,482.1518,4.821518,5.0987902,0.524636056
1888,PP,Durian Shell,27.6488,72.3512,67.2913,9.9575,20.4649,2.2139,0.0724,4.8523,3.1819,79.6135,414.921,0.4411,12.3523,931.769,13.4422,17.5681,5.5299,0.2077,63.2398,458.8698,405.2666,4.052666,3.7396948,0.765148195
1889,PU,Cherry Stone,89.1691,10.8309,63.8358,8.0558,24.1446,3.7917,0.1722,0.1101,1.3558,94.9133,228.5042,0.2574,3.6208,729.2546,17.6705,25.1728,3.3348,3.6245,50.1525,299.6781,285.5835,2.855835,6.3777578,0.701967997
1890,PET,Soy Peel,33.7531,66.2469,50.8249,5.9017,41.3417,1.9317,0,4.7836,7.5812,79.9582,187.2502,0.3517,7.677,956.1316,14.3756,24.9042,7.3385,0.175,53.2059,247.9484,218.5565,2.185565,4.753144,0.577235968
1891,PE,Safflower Seed,94.9961,5.0039,84.1548,10.9847,4.3494,0.3496,0.1615,0.0704,0.4724,98.0701,463.9107,0.3538,1.3871,888.5008,18.2606,26.4466,0.7209,1.4526,53.0971,555.7646,536.7544,5.367544,5.8244472,0.690470609
1892,PET,Nectarine Stone,73.2051,26.7949,58.5258,4.8391,36.4171,0.1564,0.0616,0.442,2.3954,88.2239,293.7574,0.4459,8.9387,917.9655,8.042,20.9254,9.5307,0.1248,61.3623,359.8481,294.0171,2.940171,3.5498148,0.384317624
1893,PET,Sugarcane Straw,25.6069,74.3931,47.9649,5.5436,46.3305,0.161,0,8.9209,5.6121,76.743,198.8216,0.4294,8.724,812.1861,8.5598,16.6879,13.535,0.8799,60.3363,251.4968,202.4273,2.024273,3.342138,0.512934521
1894,PS,Açaí Seed,78.8013,21.1987,81.1797,8.0538,10.6009,0.1655,0,3.1699,1.9609,93.027,326.7534,0.2974,1.8422,865.0243,17.1784,28.1529,0.8558,1.7057,52.1053,403.4227,385.1209,3.851209,6.0131732,0.610182255
1895,PET,Pistachio Soft Shell,7.7468,92.2532,46.8191,5.465,46.1084,1.6076,0,18.0078,9.1955,58.5729,166.4357,0.4268,14.2238,970.6767,7.1444,13.7498,14.5847,0.0043,64.5165,203.1266,159.8165,1.598165,2.5056094,0.519600285
1896,PS,Cocoa Pod Husk,8.8431,91.1569,42.0327,5.8562,50.4612,1.4494,0.2005,9.8324,11.2363,69.2625,112.5911,0.3034,9.6688,772.7867,13.0152,19.6398,13.851,1.9949,51.4142,161.7104,136.2069,1.362069,4.5944306,0.662695139
1897,PP,Colza seed,76.214,23.786,75.7221,12.1017,10.8917,1.2844,0,2.1775,1.9239,90.9177,476.1804,0.4029,4.9809,675.9093,11.6215,17.6736,5.1342,3.8498,61.715,537.4031,475.1351,4.751351,4.860224,0.657562692
1898,PET,Banana Stems,83.0439,16.9561,58.2346,4.5203,37.0808,0.1643,0,0.6032,1.7436,91.427,203.5279,0.3153,6.2262,904.5754,13.0629,32.2549,4.5462,0.6834,49.4517,284.986,252.8595,2.528595,5.7195678,0.404989629
1899,PS,Chlorella Vulgaris,24.3163,75.6837,61.3646,6.9856,23.703,7.5305,0.4163,1.5059,6.9428,79.3017,302.9203,0.3943,12.2496,965.9584,13.0296,21.1134,5.2738,0.1119,60.3866,360.1176,317.0246,3.170246,4.1075454,0.61712467
1900,PU,Colza seed,69.43,30.57,59.1205,7.7359,28.4588,4.5668,0.118,2.7985,2.8891,87.3663,239.9999,0.311,6.9461,711.2564,14.4273,24.0344,4.8516,3.5114,53.1428,311.5591,283.6562,2.836562,5.843564,0.600277103
1901,PET,Olive Pomace,58.1642,41.8358,59.5788,5.1193,35.0359,0.2233,0.0428,2.053,3.2211,87.7309,184.8732,0.2764,6.995,703.6961,10.9923,27.6591,6.9111,3.3481,51.0727,256.6958,222.4898,2.224898,5.8708348,0.39742074
1902,PET,Soybean Cake,92.7858,7.2142,61.717,4.4952,33.0892,0.6986,0,0.373,2.5755,91.6002,180.9848,0.2601,5.4513,908.8183,15.5414,38.1046,0.9531,1.2506,44.1492,270.4304,252.8277,2.528277,6.9273656,0.407861518
1903,PU,Hazelnut Shell,13.0036,86.9964,52.7375,5.6039,39.8725,1.764,0.0221,0.9331,7.5269,85.4281,228.297,0.4,6.1119,933.762,11.7781,23.6444,7.9534,0.2023,56.4155,292.9876,250.6588,2.506588,4.3236526,0.498134865
1904,PU,Castor Seed Hull,20.3578,79.6422,48.5988,6.058,44.2784,1.0302,0.0346,1.6024,2.726,80.0531,223.7084,0.4085,15.6185,891.1237,8.7913,13.8241,13.3255,0.1194,63.9284,268.3512,216.0076,2.160076,2.7340422,0.635940134
1905,PS,Beetroot Pellets,52.0444,47.9556,65.6182,6.9303,26.6363,0.5707,0.2446,0.492,3.3748,89.834,269.9646,0.3218,6.2992,969.1973,17.7728,29.5901,2.0678,0.4323,50.0865,350.3308,331.685,3.31685,5.8025784,0.60063332
1906,PS,Plum Stone,99.4521,0.5479,89.9704,8.4866,1.5373,0.0048,0.0009,0.3151,0.0403,99.6243,583.0487,0.4461,0.0203,750.6786,8.9532,23.5358,3.3513,2.1132,62.0442,668.2133,576.7604,5.767604,4.688982,0.380407719
1907,PE,Olive Pomace,62.9367,37.0633,74.8596,9.3511,15.3301,0.3142,0.1449,1.8188,2.7454,91.8542,278.6448,0.2631,3.5816,995.1552,24.0618,28.6611,0.2764,0.9283,46.0451,359.9469,371.9337,3.719337,6.5423044,0.839528141
1908,PE,Elephant Grass,40.4521,59.5479,59.7434,7.6272,31.2692,1.2915,0.0688,0.3629,6.9787,82.9211,276.7241,0.3691,9.7373,907.1307,15.1133,22.5195,5.4702,0.5394,56.3418,336.6977,303.1437,3.031437,4.6627986,0.671120584
1909,PE,Cotton Stem,80.5826,19.4174,78.7504,10.1974,10.4807,0.3904,0.1812,0.9058,2.827,91.9127,370.7799,0.32,4.3545,763.5355,16.6035,24.3977,2.0328,2.8322,54.1011,445.0346,421.1756,4.211756,5.8812158,0.68053546
1910,PE,Peach Stone,77.1675,22.8325,75.647,10.2321,12.8596,1.0617,0.1997,0.5757,1.2634,93.0508,309.7644,0.2723,5.1101,915.6743,23.3452,27.1833,0.502,1.5253,47.4103,392.4964,402.7588,4.027588,6.4924348,0.858806694
1911,PET,Beetroot Pellets,21.1544,78.8456,43.8542,5.0404,49.7586,0.9447,0.4021,0.6377,5.593,82.3336,127.403,0.2954,11.4357,882.9573,13.0886,22.4596,13.3083,0.5179,50.456,186.191,156.3787,1.563787,4.4288866,0.582761937
1912,PS,Coconut Shell,50.0634,49.9366,68.1355,7.2704,24.4993,0.0949,0,1.9977,7.1409,88.4145,218.1213,0.26,2.4469,963.9138,21.4489,32.4099,0.4203,1.0953,44.6244,299.5912,300.15,3.0015,6.792246,0.661800869
1913,PU,Cotton Stem,86.1732,13.8268,63.3473,7.9698,24.7281,3.7768,0.178,0.645,2.53,92.4518,234.5937,0.2722,4.3732,882.8078,21.3446,30.4638,0.9086,1.6828,45.5609,322.3728,322.4387,3.224387,6.746098,0.700654547
1914,PS,Soybean Cake,66.5899,33.4101,78.7379,7.8544,10.3038,3.1039,0,1.8605,11.0253,83.7832,437.9786,0.4463,3.331,737.5856,8.6396,21.3914,4.9645,2.1455,62.8566,505.9139,431.0997,4.310997,4.3964822,0.403881934
1915,PP,Banana Stems,39.7687,60.2313,57.4928,8.7813,33.2325,0.4934,0,2.1427,5.5742,85.0118,300.1272,0.3989,7.2713,747.3387,12.3736,18.0901,7.6176,2.2771,59.6383,355.4179,309.4724,3.094724,4.4309032,0.68399843
1916,PP,DDGS,50.8172,49.1828,69.1887,10.564,17.402,2.4512,0.3941,6.057,4.2369,83.395,359.4556,0.3711,6.3111,675.3645,12.1016,18.4952,5.395,4.0342,59.901,418.2046,371.2297,3.712297,5.0816116,0.654310308
1917,PET,Cotton Husk,22.6786,77.3214,53.0696,7.4764,38.3634,1.0907,0,2.1805,4.6849,81.8022,210.0084,0.3231,11.3324,816.4875,15.7336,21.3325,7.3403,1.5739,54.0175,266.8333,240.1157,2.401157,4.95058,0.73754131
1918,PE,Cocoa Pod Husk,33.1294,66.8706,53.4675,7.4552,37.741,1.1328,0.2034,7.1998,8.2427,77.458,249.315,0.4161,7.0995,800.1897,11.5145,18.4106,8.8286,1.4069,59.7904,301.4135,257.2112,2.572112,4.0669718,0.625427743
1919,PET,Chlorella Vulgaris,76.2371,23.7629,59.777,4.8484,32.8562,2.3877,0.1307,0.4576,2.34,89.4682,258.7618,0.376,7.7342,749.3885,8.3814,24.0147,7.9338,1.9508,57.6854,333.9152,278.529,2.78529,4.6294298,0.349011231
1920,PU,Cocoa Pod Husk,86.9973,13.0027,62.0063,7.9315,26.025,3.8606,0.1765,1.4,2.1247,93.8,290.5445,0.3469,2.6753,977.6489,18.6885,27.4982,2.2909,0.3486,51.1393,371.3993,354.5264,3.545264,5.60793,0.679626303
1921,PET,Spirulina Sp.,94.138,5.862,60.8269,4.4377,34.2833,0.4186,0.0334,0.116,0.5347,93.5482,304.2265,0.4376,5.8011,697.9856,5.4301,20.4751,10.7023,2.1971,61.1863,382.579,305.7052,3.057052,3.9528752,0.265205054
1922,PS,Soy Peel,95.6339,4.3661,88.2288,8.4186,3.226,0.1266,0,0.5065,0.495,98.606,563.9712,0.4443,0.3925,932.7935,12.2498,25.4364,2.1212,0.4463,59.7455,649.3267,579.5211,5.795211,4.6877402,0.481585444
1923,PP,Durian Shell,36.5071,63.4929,69.528,10.4341,18.0315,1.9429,0.0635,4.2582,2.7923,82.0483,321.7766,0.3221,10.9012,831.522,19.3254,22.8434,2.7335,1.7318,53.3521,386.2603,372.8693,3.728693,5.585396,0.845994904
1924,PU,Plum Stone,58.6867,41.3133,58.4726,7.5859,30.9472,2.8243,0.17,8.7648,3.391,85.4388,282.209,0.403,2.4054,990.6667,15.4044,24.7312,4.3149,0.1142,55.4015,348.2939,316.2324,3.162324,4.82069,0.622873132
1925,PS,Soybean Cake,81.7021,18.2979,83.9226,8.1451,6.2323,1.6999,0,1.1094,6.0383,91.028,416.7384,0.3704,1.8243,796.2033,12.5006,26.583,1.687,2.0604,57.1669,497.1984,449.6206,4.496206,5.437146,0.470247903
1926,PU,Elephant Grass,71.7278,28.2722,58.9698,7.4092,29.9136,3.5854,0.1219,0.1723,3.7437,90.3961,293.5967,0.3826,5.6879,887.2719,14.5908,23.5304,5.0146,0.7474,56.0905,362.836,326.1709,3.261709,4.808206,0.620082957
1927,PP,Cocoa Pod Husk,78.1901,21.8099,75.0476,12.0507,12.507,0.3468,0.048,2.3482,2.6884,92.2591,302.1195,0.2616,2.7043,712.2671,20.351,19.9834,2.7765,4.2947,52.5782,356.8946,353.1463,3.531463,6.253319,1.018395268
1928,PS,Sorghum Bagasse,15.1469,84.8531,71.6404,8.6213,19.5515,0.0679,0.1189,5.1823,7.6652,75.0977,300.9308,0.334,12.0548,654.5473,9.9585,16.7994,7.2373,4.25,61.7238,348.161,299.2931,2.992931,4.7137424,0.592789028
1929,PET,Colza seed,96.9197,3.0803,61.6164,4.4003,33.7873,0.196,0,0.282,0.4527,93.7267,306.89,0.4356,5.5386,719.491,5.7903,21.5722,9.9432,1.9551,60.7374,385.8281,310.3651,3.103651,4.0433754,0.268414904
1930,PS,Pistachio Soft Shell,60.9975,39.0025,72.7778,7.3515,19.1921,0.6786,0,7.7353,3.8808,82.5374,236.6321,0.2667,5.8465,748.2262,15.544,26.1888,2.8742,3.0643,52.3248,298.9734,278.4722,2.784722,6.0755602,0.593536168
1931,PET,Banana Stems,16.4385,83.5615,42.7762,5.2536,51.2806,0.6896,0,2.9726,7.7679,78.6093,128.5817,0.3206,10.6502,663.7377,8.2275,15.0993,18.5409,3.361,54.7662,183.9563,144.9939,1.449939,3.9943198,0.54489281
1932,PE,Cotton Husk,8.7662,91.2338,53.5194,8.6438,36.5248,1.2971,0.0149,2.5729,5.4717,79.9469,216.5128,0.3135,12.0085,824.5209,18.2068,20.5993,6.2386,1.5993,53.3496,269.5838,250.8703,2.508703,5.1343956,0.883855277
1933,PU,Cotton Husk,18.2756,81.7244,53.1947,8.3766,36.4846,1.913,0.0311,2.3047,5.011,81.6568,286.3104,0.4185,11.0275,988.1864,13.6461,17.8331,7.3367,0.0337,61.1429,331.3581,289.7211,2.897211,3.732814,0.765211881
1934,PS,Castor Seed Hull,9.2609,90.7391,48.4873,5.7685,45.5446,0.1996,0,1.8442,2.9667,77.74,171.7546,0.3246,17.4491,898.6673,11.703,17.3783,12.6973,0.2279,57.9927,219.0695,182.0342,1.820342,3.535178,0.673426054
1935,PP,Rubber Wood,89.1505,10.8495,81.8057,13.0575,5.1149,0.0219,0,0.5248,0.7569,96.6577,552.3877,0.4118,2.0606,870.7101,16.8715,21.4459,2.5806,1.1037,57.9965,623.5343,584.5909,5.845909,4.91943,0.786700488
1936,PU,Banana Stems,3.6185,96.3815,39.9282,5.5376,53.5866,0.9415,0.0062,3.4287,8.9415,76.2587,109.3282,0.2993,11.3711,953.0376,13.8798,20.5393,14.6005,0.0684,50.9084,158.7493,133.1072,1.331072,4.1114574,0.675767918
1937,PET,Cotton Stalk,10.0506,89.9494,47.8442,6.5262,43.2531,1.2136,1.1629,16.5523,9.4938,61.6568,118.0775,0.2677,12.2971,951.9134,19.3427,25.1044,7.2106,0.2938,47.6479,165.3715,153.6335,1.536335,5.3573464,0.770490432
1938,PET,Coconut Shell,14.384,85.616,48.3384,5.7951,45.6995,0.1671,0,3.2534,12.2733,79.5445,203.5456,0.4328,4.9288,775.0232,9.0195,18.4886,12.2819,1.507,58.7012,260.8877,213.0085,2.130085,3.8431756,0.487841156
1939,PE,Durian Shell,23.2258,76.7742,66.2721,9.1041,22.1095,2.3981,0.1163,5.1489,3.3764,78.5093,270.6967,0.3035,12.9654,717.2446,15.7745,21.9724,4.2321,3.4235,54.5679,331.9141,307.6743,3.076743,5.6977814,0.717923395
1940,PS,Castor Seed Hull,46.4991,53.5009,65.6058,6.8882,27.3883,0.1177,0,1.1694,1.7492,86.7932,217.4657,0.2582,10.2882,907.734,20.3244,31.5626,1.3727,1.2232,45.5155,298.5121,293.4372,2.934372,6.6098284,0.643939346
1941,PU,Nectarine Stone,38.2676,61.7324,55.1214,7.0083,35.7473,1.9159,0.207,1.0182,5.3942,81.0251,242.3773,0.3616,12.5625,693.1712,9.8814,16.6902,10.1971,2.9411,60.2313,297.3255,249.3553,2.493553,4.2230702,0.592048028
1942,PS,Plum Stone,59.9569,40.0431,73.3901,7.7374,18.456,0.3484,0.0681,8.6153,2.9455,86.9553,346.2868,0.3814,1.4839,780.6248,12.3575,26.3484,2.985,2.0993,56.1964,422.767,378.6328,3.786328,5.4060578,0.46900381
1943,PE,Cocoa Beans Husk,34.6002,65.3998,58.0347,7.7273,32.1904,1.7992,0.2485,5.232,7.2666,78.7745,194.4937,0.2805,8.7269,967.6561,21.9266,28.0733,2.7653,0.467,46.7074,261.5979,258.2778,2.582778,6.0724946,0.781048185
1944,PET,Nectarine Stone,92.9182,7.0818,61.2068,4.4672,34.2459,0.0638,0.0163,0.1168,0.7876,92.981,314.373,0.4498,6.1146,750.3403,5.9784,20.7015,10.2545,1.5282,61.5325,390.6423,313.6494,3.136494,3.8011518,0.288790667
1945,PE,Sugarcane Straw,14.728,85.272,49.3944,6.7318,43.6422,0.2065,0.025,10.2254,6.3712,74.8976,193.2814,0.3788,8.5058,872.457,13.3205,20.4089,9.3273,0.6543,56.2808,244.4429,211.022,2.11022,4.2443748,0.652680938
1946,PE,Peach Stone,77.8338,22.1662,75.9485,10.2603,12.5555,1.0369,0.1988,0.5589,1.2265,93.253,508.0599,0.4442,4.9616,986.0909,14.5383,21.5143,3.4855,0.1098,60.3265,572.9244,518.2415,5.182415,4.3202466,0.675750547
1947,PET,Beetroot Pellets,85.0324,14.9676,58.6929,4.4678,36.5588,0.2041,0.0763,0.1211,1.2319,92.3443,290.1015,0.4411,6.3027,669.4249,4.8955,18.4342,12.4231,2.5336,61.693,366.3295,288.8629,2.888629,3.758452,0.265566176
1948,PP,Açaí Seed,67.8161,32.1839,73.3583,11.4544,14.936,0.2513,0,4.5733,2.977,89.3138,382.7552,0.3548,3.1359,723.071,15.5448,22.1619,3.2006,3.3832,55.7046,453.3669,422.036,4.22036,5.6824234,0.701420005
1949,PU,Rice Husk,92.3738,7.6262,64.4224,7.9377,23.5486,3.9274,0.1639,0.3279,1.1566,95.9572,358.1412,0.4011,2.5583,942.7216,15.2056,24.8061,3.4523,0.3802,56.1273,435.3051,397.141,3.97141,4.903885,0.612978259
1950,PS,Rice Husk,22.8422,77.1578,58.4635,4.8668,36.118,0.4827,0.069,3.3635,6.0955,78.5815,162.9751,0.2643,11.9595,684.9055,10.1099,25.7591,8.7104,3.6301,51.7633,227.9066,193.9073,1.939073,5.6370916,0.392478774
1951,PP,Safflower Seed,50.6138,49.3862,67.7539,10.4161,20.3484,1.4816,0,0.6947,4.6622,80.8877,354.8846,0.3595,13.7554,681.4346,12.5667,16.7516,6.1518,3.6309,60.8928,405.728,359.5219,3.595219,4.7677674,0.750179087
1952,PS,Soybean Cake,77.1629,22.8371,82.3653,8.0578,7.4553,2.1217,0,1.335,7.5363,88.8518,460.4451,0.4261,2.2769,828.1021,11.1993,24.5708,2.8885,1.3328,60.0072,536.6757,473.5185,4.735185,4.7825876,0.455797125
1953,PE,Pistachio Soft Shell,73.2644,26.7356,75.1655,9.6921,14.3988,0.6191,0.1245,5.2188,2.6602,88.0987,429.8013,0.4129,4.0223,818.4412,13.4014,22.1312,3.7944,1.4964,59.1568,497.3748,446.6858,4.466858,4.7715936,0.605543305
1954,PET,Chlorella Vulgaris,45.7942,54.2058,56.7114,5.5079,32.075,5.4075,0.2981,1.0437,5.0687,82.7787,173.3204,0.2641,11.1089,890.9416,17.2366,30.1095,3.5839,1.0227,47.9609,246.432,230.2684,2.302684,6.0214764,0.57246384
1955,PET,Chlorella Vulgaris,57.2481,42.7519,57.8648,5.2598,32.3689,4.2713,0.2351,0.8232,4.0421,85.2955,259.3641,0.3881,9.8392,722.7078,7.8151,19.981,9.5484,2.1887,60.4061,326.9206,268.9049,2.689049,4.1451914,0.39112657
1956,PU,Cocoa Beans Husk,58.7923,41.2077,56.443,7.2951,32.4853,3.5572,0.2194,3.2966,4.9313,85.4018,199.1992,0.2871,6.3703,914.9304,20.4052,28.586,2.9287,0.9032,47.1223,272.7696,264.9999,2.649999,6.1289432,0.713817953
1957,PU,Peach Stone,64.6784,35.3216,56.8716,7.814,30.9901,4.1083,0.2159,0.8906,2.3425,87.9218,287.3365,0.3788,8.8451,915.4575,15.3019,21.5667,5.5578,0.4503,57.0757,349.0565,314.554,3.14554,4.5312168,0.709515132
1958,PS,Coconut Shell,28.9265,71.0735,58.796,6.7512,34.3178,0.135,0,2.7586,10.1635,83.5953,249.7146,0.3785,3.4826,853.251,13.5913,25.4503,5.445,1.1009,54.411,317.1103,281.8468,2.818468,5.0687204,0.534032998
1959,PE,Coconut Shell,88.6087,11.3913,81.4274,10.6123,7.6019,0.2077,0.1506,0.4329,1.6289,97.3623,467.7803,0.3789,0.5759,830.1125,15.8927,25.1006,1.7297,1.7317,55.5233,552.853,517.3672,5.173672,5.4990358,0.633160164
1960,PET,Spirulina Sp.,65.0824,34.9176,54.1703,4.9539,38.3348,2.3419,0.199,0.6911,2.1442,87.8888,264.0463,0.4355,9.2759,784.3042,7.1268,17.7561,11.9057,1.1453,62.0138,329.3023,264.2623,2.642623,3.4169804,0.401371923
1961,PU,Nectarine Stone,63.017,36.983,59.3585,7.5182,30.0995,2.8316,0.1922,0.61,3.4721,87.7945,227.2896,0.294,8.1234,902.1224,19.6758,27.5919,2.9723,0.9876,48.7265,301.6853,290.7481,2.907481,5.9551266,0.713100584
1962,PE,Castor Seed Hull,99.0633,0.9367,85.5889,11.1465,2.886,0.2101,0.1684,0.0188,0.0306,99.7507,400.8062,0.2978,0.1999,779.7126,18.4144,23.2967,1.5281,2.7531,53.9783,470.8295,456.0277,4.560277,5.9097492,0.790429546
1963,PE,Rice Straw,96.9649,3.0351,84.9107,11.0449,3.6695,0.2101,0.1648,0.1582,0.2581,99.2548,501.0666,0.3778,0.3289,729.1616,13.0622,21.9815,2.9743,2.9804,58.9759,575.788,521.7199,5.217199,5.2473698,0.594236062
1964,PS,Elephant Grass,48.1585,51.8415,65.1713,6.7878,26.9905,1.0504,0,0.4122,6.0756,85.0421,310.43,0.3855,8.4701,790.6062,11.1329,22.6617,5.9931,1.6431,58.5672,377.1672,326.6513,3.266513,4.6459572,0.491264998
1965,PE,Coffee Husk,22.9758,77.0242,52.5408,7.3579,40.014,0.0482,0.0391,1.7458,7.1927,81.071,168.6938,0.2721,9.9905,904.5337,20.8546,26.5578,5.1268,0.8757,46.5723,231.2429,222.3853,2.223853,5.9120802,0.785253297
1966,PE,Açaí Seed,56.4712,43.5288,69.2944,9.1134,21.0378,0.4585,0.096,6.1854,4.0264,85.9943,275.108,0.3017,3.7939,751.9342,17.079,25.8257,2.5595,3.1115,51.4019,346.6808,329.1166,3.291166,6.2124872,0.661317989
1967,PE,Cherry Stone,56.6906,43.3094,69.7779,9.0389,20.6992,0.3053,0.1787,0.4403,3.2822,87.0999,412.4241,0.421,9.1776,766.5017,11.129,18.6228,6.2054,1.8769,62.134,470.9795,407.7597,4.077597,4.220335,0.59760079
1968,PU,Sorghum Stalk,86.8141,13.1859,63.0549,8.092,24.6577,3.8177,0.3777,0.668,1.8414,93.3791,337.4916,0.3884,4.1115,827.846,14.0009,23.1805,4.4496,1.4129,56.8872,410.6328,369.3482,3.693482,4.9386584,0.603994737
1969,PE,Chlorella Vulgaris,55.2507,44.7493,70.8189,9.0968,15.1757,4.5686,0.34,0.8616,4.1051,87.7794,299.0747,0.2982,7.2539,771.0661,17.5778,25.4495,1.9323,2.8154,52.1583,374.6433,358.5754,3.585754,6.1129526,0.690693334
1970,PE,Cocoa Pod Husk,99.4205,0.5795,85.6983,11.1675,2.7459,0.218,0.1703,0.0624,0.0714,99.7849,593.7656,0.4407,0.0813,713.3354,10.4228,20.2803,4.1758,2.8058,62.2914,669.4364,585.2969,5.852969,4.6854566,0.513937171
1971,PU,Cotton Husk,31.7347,68.2653,55.2525,8.3607,34.0432,2.2897,0.0539,1.9251,4.2845,84.3336,309.3838,0.4276,9.4568,970.2438,13.5681,18.5748,6.8624,0.0673,60.9155,358.9119,314.5415,3.145415,3.829873,0.730457394
1972,PE,Chlorella Vulgaris,59.2094,40.7906,72.1601,9.2828,14.049,4.183,0.325,0.7854,3.7419,88.8588,287.1035,0.278,6.6139,734.3803,17.3158,22.9879,2.6961,3.4222,53.5083,352.0575,335.2733,3.352733,5.9917294,0.753257148
1973,PU,Cocoa Pod Husk,10.156,89.844,40.2372,5.8722,51.8206,1.8551,0.2149,9.6733,11.1354,69.5104,144.6979,0.4117,9.6809,972.1234,9.6735,15.7697,14.6433,0.01,59.823,186.891,150.4438,1.504438,3.0353002,0.61342321
1974,PP,Cotton Stem,21.6933,78.3067,56.7331,7.7314,34.4653,0.8919,0.1784,3.6531,11.4008,67.3417,289.266,0.4433,17.6044,893.2557,9.5339,13.3042,9.9847,0.1512,66.9854,321.7383,265.9484,2.659484,2.76012,0.716608289
1975,PU,Rubber Wood,0.9728,99.0272,51.1,6.5627,42.0954,0.2403,0.0017,4.7901,6.9147,73.5418,201.7189,0.3628,14.7534,756.9205,10.0718,15.353,12.2111,1.8035,60.5577,247.8106,204.7202,2.047202,3.6678854,0.656015111
1976,PE,Plum Stone,28.4991,71.5009,58.9813,7.911,32.2559,0.6819,0.17,15.1693,5.2595,76.9158,174.1959,0.269,2.6554,753.9919,18.6159,29.0744,2.9455,3.3398,45.9792,242.1378,233.4686,2.334686,6.86954,0.640284924
1977,PU,Beetroot Pellets,18.9426,81.0574,44.0071,5.8077,47.9793,1.7602,0.4456,0.6556,5.8179,82.5969,164.7712,0.3556,10.9296,844.3987,11.5672,17.9607,13.1196,0.742,56.4488,218.8205,181.4841,1.814841,3.7779418,0.644028351
1978,PP,Peach Stone,91.9784,8.0216,81.9635,13.2974,4.399,0.3161,0.0241,0.2023,0.4439,97.104,392.7966,0.2882,2.2498,981.043,25.9819,25.0866,0.265,1.0582,47.6036,478.9025,506.9534,5.069534,6.3457924,1.035688375
1979,PP,Soy Peel,33.8244,66.1756,58.7486,9.1189,30.2132,1.9193,0,4.7785,7.5022,81.601,264.1086,0.3515,6.1183,706.7585,14.0489,20.347,6.0626,3.3355,56.2007,323.4698,290.8197,2.908197,5.2751122,0.690465425
1980,PU,Corn Cobs,68.5789,31.4211,60.0059,7.595,29.2388,3.0437,0.1166,0.1896,4.7453,88.8426,270.0963,0.3466,6.2225,965.1661,17.6805,26.0244,3.4618,0.3144,52.4938,341.9124,320.2026,3.202026,5.3011236,0.679381657
1981,PET,Nectarine Stone,27.4737,72.5263,52.3064,5.7017,41.454,0.371,0.1668,1.1962,6.1254,77.188,177.0279,0.3106,15.4904,787.8871,11.663,19.9482,11.0138,1.6207,55.697,231.6693,195.5671,1.955671,4.3532878,0.58466428
1982,PP,Açaí Seed,63.5435,36.4565,71.7385,11.1363,16.8405,0.2847,0,5.1805,3.3722,87.9615,382.2164,0.3699,3.4858,900.4157,18.9398,23.5648,2.4135,0.9331,54.1472,451.9786,433.6182,4.336182,5.348713,0.803732686
1983,PU,Rice Husk,94.9625,5.0375,64.8527,8.0539,22.9075,4.0199,0.1659,0.2166,0.9676,96.6201,360.0354,0.3969,2.1957,882.5877,14.6874,24.5276,3.5975,0.8826,56.2757,438.3187,398.3048,3.983048,4.9926876,0.598811135
1984,PET,Nectarine Stone,75.5671,24.4329,58.8471,4.7945,36.157,0.1453,0.0562,0.403,2.2028,88.7938,210.8529,0.3178,8.6004,922.9849,13.3666,30.3304,5.0001,0.4897,50.7974,287.5803,254.9814,2.549814,5.4405358,0.44069976
1985,PE,Rice Husk,45.2967,54.7033,65.7879,7.1476,26.5012,0.4373,0.1259,2.3522,4.3216,84.8381,214.7472,0.2605,8.4881,767.7058,17.2749,29.2062,2.503,2.8997,48.0828,289.0327,274.7845,2.747845,6.583763,0.591480576
1986,PP,Corn Cobs,65.6413,34.3587,72.5174,11.1872,16.1167,0.1787,0,0.2073,4.7391,89.0384,415.2701,0.3827,6.0152,982.7326,19.0113,22.8402,2.5326,0.2424,55.3726,481.7401,460.5298,4.605298,5.0178648,0.832361363
1987,PET,Chlorella Vulgaris,81.3026,18.6974,60.2871,4.7387,32.9861,1.8853,0.1028,0.36,1.8859,90.5814,286.2961,0.4128,7.1727,861.8369,8.8907,24.027,7.5446,0.6301,58.8835,360.2561,300.9144,3.009144,4.2131734,0.37002955
1988,PET,Soybean Cake,82.8128,17.1872,61.0909,4.7186,32.5684,1.6221,0,0.8886,5.8457,87.3287,213.5048,0.3179,5.937,988.2666,14.3623,33.0424,2.7571,0.2267,49.6109,293.6721,266.574,2.66574,5.7956294,0.434662736
1989,PS,Cotton Husk,31.2031,68.7969,62.8192,8.429,27.7875,0.9643,0,2.0025,4.126,84.8176,346.3744,0.4159,9.0539,984.2511,14.1734,20.9556,5.2725,0.0764,59.5214,402.3213,358.379,3.58379,4.198484,0.676353815
1990,PET,Sunflower Seed Hulls,91.4188,8.5812,63.3567,4.2277,32.2589,0.1567,0,0.0858,1.093,92.7258,319.6385,0.4429,6.0954,947.9241,7.8664,24.9711,7.1716,0.0823,59.9082,396.2499,327.6725,3.276725,4.0253932,0.315020163
1991,PU,Cocoa Pod Husk,52.725,47.275,52.297,7.013,37.5302,2.9661,0.1936,5.09,6.1436,82.9665,151.1577,0.251,5.7999,993.3708,23.817,31.1572,2.6388,0.3796,41.953,224.0187,226.1735,2.261735,6.63394,0.764414004
1992,PE,Cherry Stone,99.8927,0.1073,85.9399,11.1946,2.4852,0.2102,0.17,0.0011,0.0081,99.9481,439.972,0.325,0.0427,943.8295,20.5018,26.355,0.392,1.1503,51.5769,528.4323,523.8765,5.238765,5.9467318,0.777909315
1993,PS,Rubber Wood,49.0065,50.9935,70.1887,7.502,22.2066,0.1027,0,2.5647,3.5577,86.2879,355.1352,0.3924,7.5897,910.9609,13.6402,24.4333,3.9394,0.545,57.4412,423.9174,379.5902,3.795902,4.7468474,0.558262699
1994,PE,Sugarcane Straw,61.1137,38.8863,69.296,9.1624,21.2293,0.2084,0.1039,4.663,2.9054,88.5419,318.3463,0.3393,3.8897,967.3722,19.8493,27.1646,1.6753,0.5043,50.7879,396.1209,385.01,3.8501,5.7470034,0.730704667
1995,PE,Cocoa Pod Husk,66.0824,33.9176,69.4893,9.3006,20.3451,0.6781,0.187,3.6518,4.1808,88.5566,258.9562,0.2738,3.6108,993.0265,24.1013,29.783,0.2971,0.9638,44.8195,344.0898,355.7249,3.557249,6.7006388,0.809230098
1996,PET,Rice Husk,23.8381,76.1619,52.1912,3.9212,43.3357,0.4838,0.0681,3.275,6.0669,77.6373,131.9713,0.2668,13.0208,789.0676,10.5657,27.5995,10.9069,1.6781,49.2218,197.6898,165.2686,1.652686,5.2193924,0.382822153
1997,PE,Olive Pomace,59.294,40.706,73.7667,9.1694,16.597,0.3245,0.1424,1.9976,3.0153,91.0554,303.2314,0.2941,3.9317,860.3538,19.8755,28.3343,0.8678,1.9098,48.9855,386.2437,380.4233,3.804233,6.4003842,0.701464303
1998,PS,Coffee Husk,29.2713,70.7287,56.5094,6.8807,36.6099,0,0,1.6616,6.6048,82.5639,192.7492,0.29,9.1697,801.5805,16.6874,26.5103,5.3865,1.9972,49.4159,259.4987,239.3916,2.393916,5.8575346,0.629468546
1999,PS,Coconut Shell,34.9164,65.0836,61.4427,6.8983,31.5354,0.1237,0,2.543,9.307,84.9609,249.6229,0.352,3.1891,824.8532,14.3693,27.2099,4.2061,1.5755,52.6372,321.7172,291.2232,2.912232,5.5443608,0.528090879
2000,PU,Elephant Grass,20.7494,79.2506,46.8525,5.8392,44.7959,2.4773,0.0353,0.483,9.4122,76.8474,194.4627,0.3976,13.2574,855.1532,9.4571,15.1376,13.2487,0.4131,61.7313,241.8559,196.2348,1.962348,3.0765942,0.624742363
2001,PET,Cocoa Beans Husk,1.7781,98.2219,43.5864,5.8623,47.6728,2.5936,0.2848,7.8578,10.9173,68.038,147.5557,0.3642,13.1869,671.7967,7.0914,10.8815,17.4677,2.7729,61.6732,191.1417,149.6002,1.496002,3.1296384,0.651693241
2002,PP,Colza seed,43.6607,56.3393,62.258,9.7091,24.9906,3.0423,0,5.1575,4.5568,79.1724,291.7484,0.3445,11.1133,831.3971,17.5151,20.7002,4.4142,1.5102,55.858,347.2402,324.5039,3.245039,5.0405076,0.846131921
2003,PET,Soybean Cake,58.9071,41.0929,59.59,5.2541,31.3202,3.8357,0,2.1245,13.6844,77.0899,163.3761,0.2663,7.1012,807.595,15.2216,33.1776,2.5054,2.1136,46.9796,236.4262,218.9528,2.189528,6.5809792,0.458791474
2004,PP,Castor Seed Hull,77.4933,22.5067,76.258,11.9684,11.7241,0.0495,0,0.4528,0.7359,94.0958,378.709,0.3117,4.7155,700.6885,16.5349,19.6794,3.4866,4.0485,56.2442,438.6147,413.3047,4.133047,5.7147366,0.840213624
2005,PE,Rice Husk,33.9333,66.0667,61.5934,6.3058,31.4994,0.4846,0.1168,2.8409,5.2193,81.6927,242.4495,0.3358,10.2471,894.8498,14.5471,26.1505,4.8704,0.729,53.6747,309.0169,277.8958,2.778958,5.1270318,0.556283819
2006,PU,Hazelnut Shell,87.982,12.018,63.9007,7.9103,24.1759,3.8635,0.1496,0.1289,1.5568,96.1859,395.7961,0.449,2.1284,928.4609,12.8751,22.3684,4.7904,0.3149,59.6259,467.3759,412.5036,4.125036,4.3216634,0.575593248
2007,PU,Elephant Grass,70.3662,29.6338,58.6462,7.3673,30.3111,3.5558,0.1196,0.1806,3.8951,90.0342,241.8376,0.3184,5.8901,761.3855,15.2783,25.5767,4.469,2.5209,52.124,316.3948,289.9874,2.899874,5.7752028,0.597352278
2008,PP,Sorghum Bagasse,4.8668,95.1332,69.166,8.8969,21.7277,0.0761,0.1333,5.7762,8.5939,72.0903,267.7058,0.3105,13.5396,668.3117,12.2523,18.6825,6.1915,4.3385,58.4997,317.108,280.9388,2.809388,5.2304264,0.655816941
2009,PP,Rice Straw,63.1058,36.8942,72.7163,10.9869,16.2179,0.0788,0,1.9231,3.1378,90.8616,275.4519,0.2551,4.0775,978.4692,27.0064,27.493,0.3009,1.1403,44.0578,357.9764,383.8517,3.838517,6.7890366,0.982300949
2010,PS,Sorghum Stalk,85.8988,14.1012,83.9261,8.2653,7.379,0.1835,0.2461,0.8862,1.4123,94.6879,429.6591,0.3634,3.0136,987.3699,16.2819,28.9859,0.4238,0.6058,53.6687,521.5143,491.6207,4.916207,5.627545,0.561717939
2011,PP,Cocoa Pod Husk,98.3357,1.6643,84.7578,13.7127,1.4994,0.0265,0.0037,0.1792,0.2052,98.9474,536.6191,0.3766,0.6682,944.5704,20.4568,23.7006,1.1755,0.7231,53.9422,620.9986,610.5966,6.105966,5.4544798,0.863134267
2012,PE,Rubber Wood,68.7758,31.2242,75.0442,9.7468,14.8848,0.2073,0.1169,1.5104,2.1784,91.6501,283.2599,0.261,4.6611,652.6659,13.7383,15.5589,5.7669,5.2671,59.6327,321.9851,291.7835,2.917835,5.3297796,0.882986586
2013,PU,Açaí Seed,54.0466,45.9534,57.3989,7.419,32.4614,2.6288,0.0919,6.53,4.5749,84.0965,236.72,0.3447,4.7986,762.0158,14.1588,24.1475,5.4839,2.3804,53.8052,304.1443,273.5043,2.735043,5.4239186,0.586346413
2014,PU,Olive Pomace,24.074,75.926,58.3148,6.7095,33.473,1.3841,0.1186,3.726,5.7686,82.8353,270.9137,0.3972,7.6701,781.8453,10.7605,20.6898,7.872,1.6688,58.9804,332.4837,283.6134,2.836134,4.3664792,0.520087193
2015,PET,Corn Cobs,31.5464,68.4536,52.1963,5.5428,41.8953,0.3656,0,0.413,9.5081,77.1398,195.197,0.3574,12.9391,851.8842,10.9548,20.1259,10.7428,0.7215,57.4539,249.8408,208.9772,2.089772,3.9772788,0.544313546
2016,PE,Soybean Cake,71.7886,28.2114,77.4917,9.8948,9.7197,2.7717,0.122,1.4585,9.3098,86.4047,314.4373,0.2977,2.827,796.9963,18.5037,25.2048,1.404,2.5343,52.3296,384.3744,372.5678,3.725678,6.0814838,0.734133974
2017,PU,Pistachio Soft Shell,40.2444,59.7556,53.6433,6.6546,36.9037,2.73,0.0684,11.6643,6.1871,72.5916,167.3822,0.2962,9.557,747.8645,14.6535,24.0835,6.9104,2.6846,51.6447,225.6627,202.4172,2.024172,5.5781858,0.608445616
2018,PET,Açaí Seed,24.2188,75.7812,51.1647,5.9044,42.3318,0.5991,0,10.7685,7.0606,74.3504,206.4267,0.4116,7.8205,950.9691,11.3052,21.2708,9.2848,0.0855,58.0531,259.3086,218.9239,2.189239,3.9316914,0.531489178
2020,PS,Spirulina Sp.,45.5035,54.4965,62.4397,7.1962,26.4295,3.624,0.3106,1.1697,3.1332,86.4003,213.5521,0.2637,9.2968,858.0711,19.9344,29.6988,1.8192,1.6762,46.7966,292.5227,286.0067,2.860067,6.4950436,0.671219039
2021,PE,Cotton Husk,39.4724,60.5276,64.4445,9.5041,25.053,0.9312,0.0671,1.7069,3.6301,86.6894,281.712,0.3119,7.9736,789.5002,18.6039,24.142,3.2701,2.2994,51.668,351.1425,335.9954,3.359954,5.8742984,0.770603098
2022,PP,Safflower Seed,2.6675,97.3325,50.467,7.0824,39.5307,2.92,0,1.3691,9.1885,62.8181,218.2271,0.3755,26.6243,865.7352,7.4509,7.7777,13.1298,0.0651,71.576,238.8434,190.0496,1.900496,1.8079932,0.957982437
2023,PET,Banana Stems,93.2772,6.7228,60.6096,4.4076,34.8992,0.0836,0,0.2392,0.8181,93.3962,300.985,0.4386,5.5465,769.5928,6.552,22.2049,9.5668,1.392,60.2831,378.4703,306.5455,3.065455,4.0037694,0.295070007
2024,PE,Chlorella Vulgaris,47.6248,52.3752,68.2353,8.7384,17.346,5.3113,0.369,1.0085,4.8046,85.7003,267.6492,0.2829,8.4866,765.8323,18.0685,25.6045,2.0603,2.9453,51.2435,341.2997,328.3723,3.283723,6.2319824,0.705676737
2025,PET,Cotton Stalk,80.1713,19.8287,59.0119,4.8169,35.6234,0.2914,0.2563,3.6488,2.2565,87.4081,205.16,0.3175,6.6866,686.5194,8.4968,25.1912,8.6246,3.2475,54.3634,277.4058,232.0185,2.320185,5.2543506,0.337292388
2026,PP,Corn Cobs,54.4297,45.5703,68.2615,10.3183,21.1832,0.237,0,0.275,6.2856,85.6246,250.2166,0.2571,7.8148,784.7984,22.6525,26.2281,1.572,3.0291,46.514,324.599,330.5279,3.305279,6.8356284,0.863672931
2027,PP,DDGS,7.8726,92.1274,54.8939,7.6949,32.0816,4.5915,0.7381,11.3457,7.9363,69.333,268.26,0.4369,11.385,779.3727,9.6678,14.634,9.4955,1.4129,64.6256,310.8486,259.4044,2.594044,3.3938246,0.660639606
2028,PET,Corn Cobs,7.9995,92.0005,48.7655,5.9587,44.7949,0.4809,0,0.5551,12.7065,71.1028,168.1018,0.3406,15.6356,991.2857,12.0271,18.9683,11.0492,0.018,57.9368,212.4293,178.6545,1.786545,3.6953766,0.634063147
2029,PE,Rice Husk,7.4556,92.5444,51.8199,4.3444,43.1456,0.5946,0.0954,3.9794,7.311,74.3637,123.7234,0.2502,14.3459,997.1558,14.6772,30.0799,8.14,0.0766,46.9892,184.818,162.5028,1.625028,5.4026278,0.487940452
2030,PE,Sugarcane Straw,38.6687,61.3313,59.6661,7.9863,32.0744,0.2075,0.0657,7.3545,4.5824,81.9398,228.5081,0.3164,6.1233,946.4855,19.8817,27.2579,3.1321,0.5458,49.1671,296.5784,285.5421,2.855421,5.7771154,0.729392213
2031,PET,Cotton Stalk,46.2433,53.7567,53.6084,5.644,39.3151,0.7376,0.695,9.8922,5.7583,74.9483,136.1979,0.2519,9.4012,858.6733,17.7134,30.8887,5.0129,1.3947,44.7688,201.5912,187.8348,1.878348,6.304326,0.573458902
2032,PET,Sorghum Bagasse,66.4236,33.5764,64.2373,5.7807,29.8877,0.0472,0.047,2.0387,3.1726,86.631,271.7809,0.3566,8.1577,844.3339,12.0556,26.6605,4.9928,1.148,55.1315,344.8312,302.6225,3.026225,5.0722118,0.452189569
2033,PET,Soybean Cake,83.7046,16.2954,61.1469,4.6986,32.615,1.5395,0,0.8425,5.5533,87.7106,190.7604,0.2831,5.8936,838.7337,13.7826,34.7198,2.4172,1.6243,47.4546,273.6832,249.1471,2.491471,6.444715,0.396966572
2034,PS,Soy Peel,6.6695,93.3305,48.0562,6.8205,42.4165,2.7069,0,6.7526,10.5807,74.2763,126.2374,0.2523,8.3904,890.1771,21.4302,27.7159,5.5985,1.0767,44.1768,185.8229,179.4673,1.794673,6.1921236,0.773209602
2035,PU,DDGS,88.4766,11.5234,64.1439,8.152,23.171,4.2903,0.2427,1.4191,1.5235,94.3201,388.5092,0.4388,2.7373,742.1455,10.2014,19.7284,6.3755,2.1814,61.4699,458.3867,393.3244,3.933244,4.3684708,0.517092111
2036,PET,Cotton Stalk,4.0472,95.9528,46.8881,6.6725,43.9063,1.2926,1.2405,17.6571,10.1134,59.452,145.4821,0.3417,12.7775,988.5487,14.399,19.9355,9.294,0.0343,55.9379,185.1409,160.9916,1.609916,4.0792444,0.722279351
2037,PET,Sorghum Stalk,46.6351,53.3649,53.3837,5.6787,39.2976,0.7085,0.9314,2.7035,5.4426,78.0707,238.8895,0.4086,13.7832,775.2089,7.6914,15.0919,12.7577,1.2441,62.9572,291.1317,233.7132,2.337132,3.1776384,0.50963762
2038,PS,Peach Stone,92.4748,7.5252,86.4772,8.3814,4.8223,0.2965,0.0226,0.3747,0.4164,97.5298,337.8095,0.2715,1.6791,982.478,20.3105,27.5453,0.2728,0.8811,50.9853,411.7692,407.1073,4.071073,5.9796756,0.737349021
2039,PU,Spirulina Sp.,15.5445,84.4555,43.3684,6.4473,43.4073,6.2692,0.5078,1.6716,4.9489,78.7403,180.4217,0.3647,14.6392,692.7114,8.0881,10.3915,14.9062,2.4678,63.959,225.5149,180.4586,1.804586,3.0663162,0.778338065
2040,PS,Castor Seed Hull,39.0327,60.9673,62.1735,6.6637,31.0287,0.1341,0,1.3047,1.9933,84.978,205.078,0.2634,11.724,708.3677,14.3212,26.1506,5.2643,3.6891,50.5698,274.3788,249.0913,2.490913,6.162363,0.547643266
2041,PS,Cocoa Beans Husk,49.7084,50.2916,66.5883,7.1859,24.7523,1.3277,0.1458,4.1227,5.588,83.5838,216.0135,0.2651,6.7055,698.8136,13.9061,23.2645,5.1645,3.8735,53.7487,274.4627,248.4415,2.484415,5.8198988,0.597739044
2042,PET,Cocoa Beans Husk,97.7386,2.2614,61.742,4.3688,33.793,0.0896,0.0066,0.1809,0.4565,94.0764,251.9751,0.3572,5.2862,851.1415,10.2454,30.1311,5.0786,1.0078,53.5345,335.7745,289.0107,2.890107,5.2638142,0.340027414
2043,PP,Rice Straw,85.4132,14.5868,80.482,12.718,6.7688,0.0312,0,0.7604,1.2406,96.0846,565.9324,0.4358,1.9144,703.1298,11.5856,18.0294,4.8043,3.0388,62.5372,629.5612,555.4372,5.554372,4.6108396,0.642594873
2044,PET,Durian Shell,12.4695,87.5305,60.5419,7.9542,28.7341,2.6822,0.0875,5.8703,3.8756,74.8416,261.2002,0.3436,15.4125,652.8857,9.8482,15.7953,8.9579,4.0482,61.3227,311.6459,264.5765,2.645765,4.503069,0.623489266
2045,PE,DDGS,29.9245,70.0755,62.3599,8.3752,25.0973,3.5553,0.6123,8.6299,6.0367,76.6975,216.3033,0.2828,8.6359,716.6405,16.3586,24.2048,3.8789,3.7499,51.6619,279.4957,261.6863,2.616863,6.1589978,0.675841155
2046,PP,Spirulina Sp.,51.7225,48.2775,63.2075,10.1133,23.1935,3.2105,0.2752,0.9556,2.7756,87.7743,264.816,0.2841,8.4945,866.4172,23.1822,25.081,2.0167,1.5642,48.0994,338.6073,343.0417,3.430417,6.2238672,0.92429329
2047,PS,Durian Shell,59.6378,40.3622,78.136,8.4861,12.1025,1.2351,0.0404,2.8262,1.775,88.585,309.2194,0.2865,6.8138,689.0287,12.8532,19.5829,4.6914,3.8684,58.9901,360.0103,323.3059,3.233059,5.2404782,0.65634814
2048,PE,Soybean Cake,69.8539,30.1461,76.9096,9.8053,10.219,2.9474,0.1188,1.5586,9.9482,85.4737,441.7188,0.4259,3.0195,974.5359,15.2727,23.3351,2.6367,0.2135,58.5255,508.9769,466.7972,4.667972,4.6661072,0.654494731
2049,PU,Sunflower Seed Hulls,79.1967,20.8033,67.8348,7.2024,21.1898,3.6383,0.1346,0.208,2.6594,92.4785,367.6339,0.4068,4.6541,753.0948,10.2959,22.5708,5.2669,2.1081,59.7319,442.4291,382.4755,3.824755,4.7105778,0.456160172
2050,PP,Rubber Wood,51.6708,48.3292,68.8365,10.3199,20.7462,0.0973,0,2.3378,3.3718,86.8389,389.2925,0.3929,7.4515,980.593,17.5593,22.1047,3.3908,0.1803,56.764,450.2459,421.0439,4.210439,4.746144,0.794369523
2051,PS,Rubber Wood,10.5254,89.4746,55.0872,6.7512,37.9814,0.1802,0,4.3491,6.2424,76.0914,232.3732,0.3717,13.3171,846.6233,12.1167,19.0127,9.023,0.8524,58.9938,282.8859,241.9707,2.419707,4.009363,0.637295071
2052,PU,Soy Peel,17.1177,82.8823,48.5785,6.971,41.2985,3.1228,0.0291,5.9848,9.4989,76.8101,162.8606,0.3108,7.7062,865.6377,17.5634,24.1257,6.8108,1.0968,50.3929,220.5649,202.5692,2.025692,5.3293398,0.727995457
2053,PE,Cocoa Pod Husk,86.8834,13.1166,79.6027,10.4655,9.3643,0.391,0.1766,1.4122,1.6168,95.5624,433.1387,0.364,1.4086,668.6823,10.6819,17.0629,5.6124,3.9335,62.6755,486.1846,424.6182,4.246182,4.7117636,0.626030745
2054,PET,Cotton Husk,67.5675,32.4325,58.3528,5.6519,35.5201,0.4752,0,0.9146,2.087,89.2842,197.6619,0.288,7.7142,719.2047,12.4909,28.6804,5.7265,3.1948,49.9036,275.2085,243.8301,2.438301,6.106486,0.435520425
2055,PU,Chlorella Vulgaris,32.3382,67.6618,56.4948,7.0756,27.9119,8.0906,0.4271,1.3028,6.4009,80.8632,205.4585,0.2898,11.4331,655.3633,11.3902,18.4177,7.8301,4.6296,57.6048,263.4654,229.274,2.29274,5.2081686,0.618437699
2056,PS,Cherry Stone,58.5833,41.4167,72.9585,7.5498,19.2349,0.1781,0.0787,0.5382,3.1388,87.5574,395.0358,0.4063,8.7656,906.0847,12.6843,23.4633,4.159,0.5195,59.16,463.2029,410.0581,4.100581,4.5122612,0.540601706
2057,PS,Safflower Seed,87.2062,12.7938,84.994,8.2923,6.3299,0.3838,0,0.3544,1.2078,94.9399,382.1121,0.3162,3.4979,820.1661,15.2012,26.6881,1.2581,2.0205,54.83,458.9546,428.2708,4.282708,5.7277692,0.569587194
2058,PE,Coffee Husk,4.7195,95.2805,44.6151,6.4472,48.9197,0.0099,0.008,2.1595,8.8975,76.5893,131.8221,0.2844,12.3537,658.0942,11.3393,16.2898,14.9185,4.1445,53.2973,182.5581,151.8049,1.518049,4.7608902,0.696098172
2059,PU,Rubber Wood,46.5778,53.4222,57.8191,7.3536,32.6843,2.0639,0.0792,2.5841,4.0065,84.7642,315.1838,0.4368,8.6452,767.5004,9.5261,16.8811,9.1195,1.6398,62.8147,371.1531,310.4151,3.104151,3.7428858,0.564305644
2060,PS,Cocoa Beans Husk,44.9106,55.0894,64.3357,7.0608,26.9894,1.4544,0.1598,4.497,6.121,82.0368,281.4898,0.3648,7.3452,677.8047,9.4304,21.0433,7.1145,3.5284,58.8448,346.2788,295.3567,2.953567,4.9331062,0.448142639
2061,PE,Hazelnut Shell,83.7733,16.2267,80.2717,10.227,8.9558,0.4031,0.1424,0.174,1.3894,97.316,360.6924,0.2983,1.1206,732.7357,16.3171,22.1956,2.6794,3.3386,55.4403,424.5996,399.862,3.99862,5.7541112,0.73515021
2062,PU,Safflower Seed,31.7862,68.2138,54.6497,7.3365,34.5783,3.3814,0.054,0.9595,6.6303,73.2868,205.2438,0.3054,19.1234,926.2299,16.8019,19.6811,6.8619,0.3305,56.3083,251.4616,228.1546,2.281546,4.4127428,0.853707364
2063,PET,Banana Stems,49.4851,50.5149,50.4459,4.8898,44.2353,0.429,0,1.797,4.7789,84.9688,173.2033,0.3345,8.4553,891.7941,12.3486,25.8856,9.2726,0.5399,51.9524,240.0929,205.2347,2.052347,4.7885186,0.477045153
2064,PS,Cherry Stone,35.9896,64.0104,63.5526,7.0331,29.0174,0.2752,0.1216,0.7227,4.8511,80.8787,236.7402,0.2976,13.5475,956.6253,18.3547,26.9788,3.4052,0.4054,50.8268,303.1983,286.2798,2.862798,5.5267696,0.680337895
2065,PU,Elephant Grass,40.7626,59.2374,51.6095,6.4555,38.9534,2.9123,0.0693,0.361,7.1869,82.1663,165.2112,0.2778,10.2858,944.4624,19.284,27.1805,5.2781,0.4476,47.788,230.0052,216.6916,2.166916,5.6676558,0.709479222
2066,PP,Cotton Stalk,90.1166,9.8834,81.6742,13.1504,4.9146,0.133,0.1278,1.8187,1.0408,95.3951,471.18,0.3563,1.7454,804.1176,18.6317,23.2966,1.6265,2.2276,54.1986,551.5874,533.7483,5.337483,5.745076,0.79976048
2067,PP,Plum Stone,82.2504,17.7496,78.9323,12.5632,8.32,0.1544,0.0302,3.7657,1.3056,93.8597,528.7222,0.4298,1.069,828.4176,15.0528,20.4953,3.4,1.4426,59.6036,594.6016,544.6273,5.446273,4.724561,0.734451313
2068,PS,Cherry Stone,48.2006,51.7994,68.6361,7.3123,23.7304,0.2227,0.0984,0.623,3.9257,84.4882,343.5026,0.3859,10.9631,714.9904,9.6083,20.1776,6.8406,2.5791,60.7722,407.394,347.1827,3.471827,4.5033918,0.476186464
2069,PU,Soy Peel,72.6775,27.3225,60.0491,7.8485,28.1339,3.8449,0.1236,1.9729,3.5335,90.9545,229.6728,0.2914,3.5391,761.8936,17.544,28.0834,2.7153,2.9452,48.6807,310.3062,295.5302,2.955302,6.487642,0.624710683
2070,PET,Elephant Grass,73.3494,26.6506,56.7733,4.5645,38.0998,0.5624,0,0.1624,3.2773,88.4652,165.4694,0.2672,8.0951,965.4143,16.1527,34.8519,3.529,0.3859,45.0797,245.5998,226.2463,2.262463,6.2739832,0.463466841
2071,PS,Durian Shell,65.4492,34.5508,79.873,8.4877,10.5475,1.0573,0.0346,2.4481,1.5195,90.1997,344.9542,0.3102,5.8327,944.7864,18.7155,28.7113,0.4339,1.0945,51.0379,428.8878,416.4102,4.164102,6.0307288,0.651851362
2072,PE,Rice Straw,48.8382,51.1618,67.9546,8.5855,23.165,0.2119,0.083,2.6669,4.3512,87.7554,227.4991,0.2518,5.2265,828.7492,21.6708,29.1918,1.181,2.3934,45.5426,305.1162,306.9256,3.069256,6.8754504,0.742359156
2073,PU,Coffee Husk,49.1903,50.8097,53.9409,7.2292,36.6804,2.066,0.0836,1.1516,5.0398,86.4884,266.1346,0.4017,7.3202,980.2209,14.0345,21.7933,6.5983,0.0753,57.4789,325.2418,286.874,2.86874,4.2886392,0.643982325
2074,PP,Olive Pomace,5.6338,94.3662,57.643,6.6419,35.155,0.4635,0.0965,4.6309,6.9901,79.2637,244.1869,0.3747,9.1153,954.2744,13.977,23.6181,6.1652,0.1818,56.0348,303.0946,268.0455,2.680455,4.550481,0.591791888
2075,PS,Cocoa Beans Husk,15.5281,84.4719,50.5405,6.2948,40.6897,2.2301,0.245,6.7888,9.3858,72.5625,160.7502,0.308,11.2629,944.0178,16.6261,24.4682,7.0636,0.2866,51.4803,215.2027,194.5737,1.945737,4.9812148,0.679498288
2076,PS,Castor Seed Hull,12.7542,87.2458,50.0931,5.8735,43.8414,0.1919,0,1.7809,2.8525,78.5892,220.4403,0.395,16.7774,731.4128,6.725,11.0574,15.7612,1.5901,64.8644,266.3916,208.8059,2.088059,2.6887882,0.60818999
2077,PS,Spirulina Sp.,81.4221,18.5779,80.7368,8.0535,9.8684,1.2354,0.1059,0.5306,1.0681,95.232,475.594,0.4183,3.1693,741.3898,9.7191,23.3652,3.8609,2.3107,60.7269,555.7133,482.2647,4.822647,4.8209086,0.415964768
2078,PP,Cocoa Pod Husk,30.5087,69.4913,52.0652,8.117,38.56,1.1049,0.1529,7.482,8.5657,76.429,252.4767,0.4224,7.5233,837.9759,12.7247,17.6887,8.4863,0.9654,60.0984,299.9402,259.0825,2.590825,3.948657,0.719368863
2079,PE,Plum Stone,50.4182,49.5818,67.2579,8.9192,23.1156,0.5372,0.17,10.519,3.6472,83.9863,324.4469,0.3864,1.8475,846.9422,15.3036,24.403,3.5043,1.3305,55.4283,392.4057,359.9208,3.599208,5.2038858,0.627119616
2080,PET,Nectarine Stone,71.3909,28.6091,58.2791,4.8733,36.6169,0.1649,0.0658,0.4719,2.5434,87.786,274.0524,0.4183,9.1987,888.6017,8.8329,22.0863,9.0676,0.3346,59.6622,341.4696,282.1351,2.821351,3.8566138,0.399926651
2081,PET,Castor Seed Hull,19.5386,80.4614,47.7352,5.2641,46.8177,0.183,0,1.6189,2.6717,79.2402,144.0231,0.2868,16.4692,831.2288,12.0366,19.3613,13.6906,0.9798,53.9303,197.4313,164.1634,1.641634,4.090245,0.621683461
2082,PU,Durian Shell,54.3904,45.6096,63.2362,8.3667,24.579,3.6801,0.1381,3.0589,2.3321,86.099,294.3506,0.3443,8.51,963.3486,18.3801,24.7399,3.0827,0.3404,53.4293,362.8601,343.3415,3.433415,5.2241414,0.74293348
2083,PS,Cocoa Beans Husk,30.3544,69.6456,57.5015,6.6813,33.7765,1.8386,0.202,5.6324,7.7384,77.3431,283.4468,0.4397,9.2861,980.4756,10.7959,19.8457,7.6626,0.0334,61.6187,335.3693,284.4052,2.844052,3.6784726,0.543991897
2084,PS,Cotton Husk,83.3646,16.6354,83.5795,8.4806,7.7068,0.2332,0,0.6359,0.9977,96.1771,317.1915,0.2661,2.1893,858.4014,19.0602,26.7995,0.8279,1.8763,51.4339,388.1634,378.8493,3.788493,6.106954,0.711214761
2085,PET,DDGS,58.4329,41.5671,58.0562,5.5122,34.0091,2.0895,0.333,5.1191,3.7035,83.0783,195.6929,0.3034,8.0991,908.5334,15.5319,29.9566,4.056,0.7409,49.6268,268.3434,245.0966,2.450966,5.717219,0.518480068
2086,PS,Coffee Husk,13.4339,86.5661,48.9653,6.5188,44.5159,0,0,1.9889,8.0837,78.7044,137.6072,0.2584,11.223,771.6256,16.9438,24.4531,8.737,2.4418,47.4209,196.3587,178.0942,1.780942,5.7851854,0.692910101
2087,PET,Soybean Cake,96.6078,3.3922,61.9569,4.4096,33.2888,0.3447,0,0.1754,1.3223,93.2371,305.1668,0.4327,5.2652,796.5717,7.1059,23.6335,8.3778,1.165,59.7167,383.489,314.0954,3.140954,4.1623282,0.300670658
2088,PP,Sugarcane Straw,34.2627,65.7373,57.6318,8.6634,33.5695,0.1354,0,7.8829,4.9116,80.4793,217.5179,0.3065,6.7262,938.5857,21.5177,26.1501,3.3426,0.6271,48.3611,281.9653,276.2457,2.762457,5.843326,0.82285345
2089,PET,Cotton Stalk,81.8364,18.1636,59.2771,4.7764,35.4422,0.2695,0.2348,3.3424,2.0847,88.0196,285.6883,0.4383,6.5533,968.6648,8.7657,23.684,7.8762,0.0452,59.5758,354.8369,294.6597,2.946597,3.9470612,0.370110623
2090,PP,Nectarine Stone,96.0656,3.9344,84.1047,13.5498,2.3168,0.0197,0.009,0.0649,0.3292,98.3613,581.6219,0.413,1.2446,815.4445,15.8975,20.9149,2.731,1.7028,58.7503,653.6751,607.6248,6.076248,4.9618098,0.760104041
2091,PU,Soy Peel,8.7758,91.2242,46.8563,6.8393,43.2751,3.0144,0.0149,6.5872,10.3945,74.6865,154.2236,0.3159,8.3318,761.1177,14.6004,21.0998,9.3016,2.3616,52.6284,208.3389,183.6861,1.836861,5.0808708,0.691968644
2092,PET,Peach Stone,93.8476,6.1524,60.8505,4.4952,34.3647,0.2711,0.0185,0.1551,0.5375,93.1484,185.111,0.2657,6.159,863.8859,14.5913,36.7871,1.9842,1.4547,45.1768,273.8593,251.9576,2.519576,6.7318176,0.396641758
2093,PE,Soy Peel,28.8892,71.1108,56.8705,8.0005,32.9568,2.1231,0.0491,5.1348,8.0617,80.4049,208.5758,0.306,6.3986,986.755,21.2602,27.2306,3.0328,0.294,48.1702,275.0878,268.8268,2.688268,5.8324092,0.78074666
2094,PS,Castor Seed Hull,63.9856,36.0144,73.6444,7.414,18.8623,0.0792,0,0.8526,1.1775,91.0443,346.4312,0.3487,6.9256,791.7461,13.2913,26.7885,2.8013,2.0135,55.1031,426.4381,385.9697,3.859697,5.5316444,0.496156933
2095,PU,Colza seed,24.4465,75.5535,49.4535,6.9351,38.4631,5.1066,0.0416,6.9165,6.2576,71.851,177.0113,0.3185,14.9749,755.8823,12.9671,16.9657,9.8777,2.1787,57.9944,224.0944,193.473,1.93473,4.3180996,0.764312702
2096,PET,Cocoa Pod Husk,53.885,46.115,50.7288,4.9176,43.5024,0.7497,0.1015,4.9651,5.7974,81.598,156.3341,0.3113,7.6395,716.2695,10.3007,24.9575,10.5562,2.7976,51.3507,223.7398,187.8933,1.878933,5.2586614,0.41272964
2097,PS,Olive Pomace,48.1139,51.8861,72.4429,7.3112,19.938,0.2549,0.0531,2.6425,3.8434,88.5177,286.3079,0.3082,4.9964,800.5111,15.2856,29.1106,1.742,2.2757,51.5734,365.9097,341.0855,3.410855,6.133481,0.525087082
2098,PU,Plum Stone,52.5805,47.4195,57.4058,7.4834,32.3199,2.6209,0.17,10.0603,3.8036,83.5954,230.1215,0.3441,2.5407,676.0269,11.2976,21.5406,7.1933,4.032,55.8905,293.9798,255.938,2.55938,5.3777124,0.524479355
2099,PP,Chlorella Vulgaris,96.5448,3.4552,84.4039,13.596,1.6373,0.3438,0.019,0.0665,0.317,98.5745,531.44,0.3753,1.042,930.3122,20.2315,23.6131,1.2274,0.836,54.0884,615.2571,603.5361,6.035361,5.4595406,0.856791357
2100,PE,Cocoa Beans Husk,96.8061,3.1939,84.6152,11.0304,3.8929,0.2876,0.1738,0.2555,0.3549,98.9444,588.6751,0.4463,0.4452,878.3535,13.7335,22.202,2.9417,0.8668,60.2347,664.3645,600.1967,6.001967,4.5909844,0.618570399
2101,PS,Spirulina Sp.,36.9859,63.0141,58.1008,6.9929,30.3568,4.1904,0.3592,1.3212,3.6229,84.3061,255.87,0.3483,10.7498,722.3366,11.5286,20.3694,7.3537,2.6843,57.9738,319.0567,276.3746,2.763746,4.7726126,0.565976416
2102,PP,Banana Stems,88.292,11.708,80.1042,12.8647,6.9352,0.0959,0,0.4165,1.0835,96.6838,442.1864,0.3388,1.8162,892.4535,21.4979,24.8671,0.9352,1.3945,51.3032,528.9527,529.1362,5.291362,5.9542588,0.864511744
2103,PS,Açaí Seed,93.1021,6.8979,87.2651,8.3528,4.3282,0.0539,0,1.1664,0.6381,97.5961,404.0991,0.3255,0.5994,971.9833,17.2867,28.2915,0.3333,0.8316,53.2559,487.7737,465.7843,4.657843,5.7294054,0.611020978
2104,PET,Beetroot Pellets,2.3666,97.6334,39.4898,5.2088,53.641,1.1626,0.4979,0.7897,6.8757,79.3892,127.1517,0.345,12.9454,748.253,7.6636,11.5532,20.8173,1.4344,58.2922,176.2869,135.3493,1.353493,2.7968872,0.663331371
2105,PU,Cotton Husk,96.3335,3.6665,65.1294,8.2843,22.3251,4.0974,0.1638,0.1034,0.7978,97.181,284.5321,0.3083,1.9178,679.7728,12.7307,20.0964,5.6951,4.1093,57.3267,347.7889,310.2774,3.102774,5.3781914,0.633481619
2106,PU,Rubber Wood,69.0942,30.9058,61.1366,7.744,28.0378,2.9642,0.1175,1.495,2.5707,90.3049,256.9297,0.3176,5.6294,905.7056,18.8086,27.4708,2.7028,0.9346,50.0571,334.2607,319.5663,3.195663,5.8272364,0.684676092
2107,PU,Pistachio Soft Shell,63.8646,36.1354,58.4051,7.2971,30.8781,3.3111,0.1086,7.0536,3.9786,82.5996,199.8128,0.2855,6.3682,962.2376,21.126,29.4873,2.2383,0.5577,46.5643,273.222,268.4434,2.684434,6.1966644,0.716444028
2108,PP,Cocoa Pod Husk,69.8944,30.1056,71.0491,11.3663,17.0397,0.4787,0.0662,3.2414,3.7109,89.505,337.0415,0.321,3.5427,668.6293,14.1989,17.4089,5.1239,4.6713,58.577,387.9415,353.7286,3.537286,5.399328,0.815611555
2109,PS,Sugarcane Straw,32.2682,67.7318,58.2818,6.7787,34.8,0.1395,0,8.1866,5.0606,79.999,273.7513,0.4197,6.7538,814.1546,10.6923,20.421,8.0747,1.2184,59.5921,332.0035,282.103,2.82103,4.1640016,0.52359336
2110,PET,Olive Pomace,59.9009,40.0991,59.6863,5.0867,34.9707,0.2153,0.041,1.9678,3.0961,88.0198,270.7835,0.4038,6.9163,897.1592,10.1677,24.7685,7.1452,0.4139,57.4945,341.6168,289.3444,2.893444,4.3671188,0.410509316
2111,PP,Colza seed,16.5664,83.4336,51.0519,7.7176,36.7251,4.5054,0,7.6378,6.7483,69.3965,222.5307,0.3749,16.2174,956.2249,13.7177,16.4132,8.2053,0.0681,61.595,260.5397,226.7768,2.267768,3.5739546,0.835772427
2112,PP,Pistachio Soft Shell,95.3098,4.6902,83.6825,13.4612,2.7747,0.0816,0,0.9155,0.4667,97.4382,615.5951,0.4446,1.1796,861.962,15.2107,20.066,3.19,1.0468,60.4849,681.319,624.7565,6.247565,4.545826,0.758033489
2113,PU,Cherry Stone,36.6488,63.3512,54.8443,6.9686,36.1928,1.8117,0.1827,0.644,5.021,80.381,295.712,0.4417,13.954,917.122,9.7644,15.5484,9.8332,0.1023,64.7084,340.8886,282.5933,2.825933,3.050277,0.628000309
2114,PE,Coconut Shell,7.5973,92.4027,49.0509,6.4326,44.3121,0.1915,0.0129,3.5113,13.2136,78.7458,146.3003,0.2961,4.5293,846.5012,17.5409,28.0347,6.4925,1.4407,46.4853,209.8713,193.435,1.93435,5.94256,0.625685311
2115,PU,Sunflower Seed Hulls,93.3317,6.6683,66.3775,7.9346,21.5093,4.02,0.1587,0.0667,1.2601,96.1691,314.9674,0.3406,2.5041,748.7634,14.1114,26.3904,2.9207,2.8297,53.7153,399.3964,365.7805,3.657805,5.8622542,0.53471717
2116,PE,Cotton Stem,66.2434,33.7566,73.4115,9.4569,16.4185,0.5236,0.1895,1.5748,4.9147,85.9551,424.8826,0.4159,7.5554,704.1657,10.1835,18.6272,5.9946,2.829,62.3321,485.7678,418.9774,4.189774,4.4596272,0.546700524
2117,PP,Pistachio Soft Shell,85.2398,14.7602,79.6515,12.6264,7.4653,0.2568,0,2.8812,1.4686,93.0114,491.1821,0.3921,2.6388,813.2968,16.5725,21.649,2.6757,1.7984,57.3018,561.7282,526.4321,5.264321,5.1614312,0.765508799
2118,PP,Cocoa Beans Husk,17.0623,82.9377,50.4691,7.2482,39.8527,2.1896,0.2405,6.635,9.2153,73.0061,177.5471,0.3207,11.1436,882.0876,16.887,21.9138,7.2062,0.7987,53.1243,228.9696,207.9154,2.079154,4.8708694,0.7706103
2119,PU,Sugarcane Straw,6.616,93.384,44.5716,6.1136,48.8334,0.4701,0.0112,11.1981,7.017,72.3746,129.8624,0.3093,9.4103,776.0297,13.5065,20.7035,12.1958,2.0187,51.5686,181.4383,155.1567,1.551567,4.7900376,0.652377617
2120,PP,Elephant Grass,56.2431,43.7569,66.4647,10.0651,22.5837,0.8866,0,0.2667,5.1281,87.1748,364.7306,0.3831,7.4304,880.7434,16.7672,21.4898,3.995,0.9044,56.8421,426.1931,394.9942,3.949942,4.8423476,0.780239928
2121,PE,Olive Pomace,63.4469,36.5531,75.0127,9.3766,15.1527,0.3128,0.1453,1.7938,2.7076,91.966,406.0026,0.382,3.5326,752.7868,13.1191,23.4355,3.4588,2.479,57.4821,481.2506,433.9055,4.339055,5.2572178,0.559796036
2122,PU,Durian Shell,78.6944,21.3056,64.5438,8.3205,23.0236,3.9571,0.1551,1.4289,1.4091,92.3928,302.3797,0.3371,4.7692,690.5722,12.4038,21.4302,5.3096,3.7358,57.085,371.4336,330.4809,3.304809,5.377232,0.578800011
2123,PU,Safflower Seed,81.6404,18.3596,62.7185,8.0261,25.1369,3.9797,0.1388,0.2582,2.223,91.2829,229.2673,0.2662,6.2359,980.9329,23.5563,30.3224,0.7938,0.734,44.5628,315.749,322.729,3.22729,6.6274748,0.77686133
2124,PE,DDGS,94.0643,5.9357,83.9793,10.9607,4.3592,0.4934,0.2075,0.731,0.5113,98.0079,412.9048,0.3178,0.7498,992.5966,21.553,26.8104,0.2624,0.8466,50.4983,501.2101,502.6091,5.026091,6.0089172,0.803904455
2125,PU,Chlorella Vulgaris,42.3083,57.6917,57.8497,7.2531,26.9907,7.5173,0.3892,1.1109,5.5462,83.375,320.2007,0.4323,9.9679,806.3303,10.1923,17.1711,7.8639,1.1839,63.5074,376.0911,318.2932,3.182932,3.6881632,0.593572922
2126,PET,Cocoa Pod Husk,98.1364,1.8636,61.7076,4.3572,33.8715,0.0597,0.0041,0.2006,0.4358,94.161,206.0535,0.2925,5.2026,778.7523,11.3227,34.7584,3.1977,2.2144,48.5038,294.5865,260.8273,2.608273,6.3951652,0.32575435
2127,PU,Sorghum Stalk,80.943,19.057,61.8816,8.0083,25.9924,3.6475,0.4702,0.9654,2.3942,91.3617,232.1423,0.2763,5.2787,854.2189,20.7419,29.3189,1.546,1.803,46.4862,315.9534,312.5568,3.125568,6.5797806,0.707458329
2128,PS,Castor Seed Hull,79.7963,20.2037,80.9127,7.8895,11.1534,0.0444,0,0.5661,0.6606,94.8881,346.0249,0.3056,3.8852,901.9652,17.2744,28.9163,0.6359,1.3718,51.8001,429.1679,410.0499,4.100499,6.0001934,0.597393166
2129,PU,Hazelnut Shell,92.2365,7.7635,64.5341,8.0412,23.2853,3.9826,0.1568,0.0833,1.2181,96.7962,226.5041,0.2516,1.9024,965.6524,23.8294,30.8952,0.388,1.1587,43.6948,315.6042,325.3493,3.253493,6.881185,0.771297807
2130,PE,Elephant Grass,24.8349,75.1651,52.8626,6.6902,38.83,1.5751,0.0422,0.4581,8.809,78.4472,233.7698,0.3867,12.2857,842.048,11.5199,18.0377,9.631,0.83,59.969,284.6873,241.1574,2.411574,3.8140394,0.638656813
2131,PU,Açaí Seed,53.5535,46.4465,57.3099,7.4098,32.5773,2.6119,0.091,6.6,4.6176,83.9483,239.2682,0.3497,4.8341,936.3682,17.2745,26.0427,4.0546,0.4826,52.1247,306.9345,285.3005,2.853005,5.319797,0.66331448
2132,PU,Soy Peel,51.5907,48.4093,55.6957,7.5155,33.1303,3.5708,0.0877,3.4956,5.7976,85.5862,286.7587,0.4201,5.1206,845.2947,12.5708,20.4539,6.9324,0.979,59.044,347.3268,302.4769,3.024769,4.2853198,0.614591838
2133,PU,Rice Straw,80.1633,19.8367,62.726,7.8455,25.883,3.4092,0.1363,1.034,2.168,93.581,364.6086,0.431,3.217,889.4746,13.0224,22.3096,5.0596,0.626,58.9573,434.5675,384.039,3.84039,4.4415368,0.583712841
2134,PS,Sugarcane Straw,50.5642,49.4358,66.9038,7.2429,25.7516,0.1018,0,6.0292,3.6936,85.3478,238.0717,0.2918,4.9294,743.254,14.8508,27.447,3.3377,3.0622,51.2986,309.1872,284.9707,2.849707,6.158476,0.541071884
2135,PE,Sugarcane Straw,86.3478,13.6522,80.1226,10.4846,9.0366,0.2094,0.1468,1.6371,1.02,95.9643,384.5066,0.3198,1.3786,716.1766,14.8442,21.1885,3.2687,3.4838,57.186,446.9601,412.9427,4.129427,5.520125,0.700578144
2136,PET,Plum Stone,63.9257,36.0743,57.1376,5.1512,37.3165,0.3334,0.0613,7.6533,2.7878,84.9618,186.5466,0.3107,4.5971,778.5159,12.4839,30.587,5.2607,2.1355,49.514,262.1034,231.7133,2.317133,5.9667322,0.408143983
2137,PET,Cherry Stone,61.5163,38.4837,56.9362,5.0557,37.7507,0.1843,0.0731,0.3912,3.0457,85.2809,209.0869,0.3273,11.2822,914.4527,12.7814,26.6804,6.9366,0.4257,53.1545,277.6581,241.6905,2.416905,4.8945222,0.479055786
2138,PP,Coffee Husk,5.6197,94.3803,44.9823,6.641,48.3766,0,0,2.1391,8.8134,76.7834,149.6339,0.3145,12.2641,849.7109,14.9785,19.3531,11.3665,0.9416,53.3587,198.2988,172.1126,1.721126,4.3932614,0.773958694
2139,PET,Rubber Wood,28.1261,71.8739,54.1105,5.9236,39.8125,0.1534,0,3.4767,5.0735,79.3179,246.093,0.4133,12.1319,962.4788,10.0277,19.0849,9.8477,0.0375,61.0016,298.2238,247.7842,2.477842,3.501114,0.52542586
2140,PE,Safflower Seed,15.4345,84.5655,55.1349,7.5611,34.7084,2.5694,0.0262,1.1895,7.9832,67.7038,185.9107,0.2766,23.1235,810.7198,16.1634,17.1339,8.0626,1.5436,57.086,225.8274,203.1501,2.031501,4.4571274,0.943357905
2141,PS,Castor Seed Hull,74.6557,25.3443,78.5495,7.7349,13.6598,0.0558,0,0.6592,0.8286,93.6385,310.2106,0.2854,4.8737,664.9795,10.528,17.4544,6.366,4.1136,61.5317,356.2462,309.4787,3.094787,4.8089472,0.603171693
2142,PS,Sugarcane Straw,41.4593,58.5407,62.6131,7.0119,30.2545,0.1205,0,7.1028,4.3739,82.686,201.6112,0.275,5.8373,827.2273,18.4328,31.0914,2.1005,2.0323,46.3405,277.9166,267.2005,2.672005,6.6358222,0.592858475
2143,PE,Peach Stone,0.7948,99.2052,41.0838,6.9944,47.7121,3.9108,0.299,2.5015,5.4893,69.873,184.5913,0.3979,22.1362,819.4884,4.9535,4.3289,16.4188,0.0394,74.1362,205.2328,156.7072,1.567072,1.0945246,1.144286077
2144,PU,Açaí Seed,27.9323,72.0677,52.6873,6.9297,38.5996,1.7359,0.0475,10.2408,6.8338,76.2466,176.8983,0.3143,6.6788,861.6342,17.1938,25.8983,5.6422,1.2054,50.0458,237.727,219.2624,2.192624,5.5516494,0.663896858
2145,PU,Sunflower Seed Hulls,91.7631,8.2369,66.5392,7.8533,21.4738,3.9776,0.156,0.0824,1.4154,95.7595,231.0958,0.2505,2.7427,659.7897,13.2203,17.7439,6.4938,4.9519,57.5405,281.2591,251.928,2.51928,5.436304,0.745061683
2146,PE,Sorghum Bagasse,83.8177,16.1823,83.1234,10.7863,5.7362,0.189,0.1652,0.9825,1.4618,95.24,378.603,0.2999,2.3157,861.028,20.2753,25.7368,0.7639,1.8964,51.3009,457.7603,453.2308,4.532308,6.1114804,0.787794131
2147,PET,Coconut Shell,11.862,88.138,47.9309,5.8381,46.0598,0.1711,0,3.3492,12.6286,79.0985,161.5179,0.3481,4.9237,741.5499,11.5393,22.7895,10.6769,2.4297,52.5616,222.6438,188.8166,1.888166,4.987554,0.506342833
2148,PET,Rice Straw,78.3785,21.6215,59.7003,4.7133,35.5162,0.0702,0,1.127,2.0035,90.6675,221.7961,0.3313,6.202,867.1606,12.1326,30.6304,4.8907,0.9724,51.3728,301.8676,265.0845,2.650845,5.5178704,0.396096688
2149,PS,Hazelnut Shell,10.6147,89.3853,54.9835,5.5535,38.2118,1.2513,0,0.98,7.6534,85.2859,168.1012,0.281,6.0807,685.3745,11.362,25.7103,8.2374,3.8465,50.8388,236.7151,204.7319,2.047319,5.8436408,0.441924054
2150,PS,Plum Stone,6.3376,93.6624,50.8805,6.7202,41.4252,0.8149,0.1592,19.8836,6.8897,69.7558,135.1736,0.2862,3.4709,859.3251,19.0061,29.4927,4.8049,1.4501,45.1992,194.9596,184.6225,1.846225,6.2878748,0.644434046
2151,PET,Sorghum Stalk,14.3055,85.6945,48.0608,6.4936,42.8306,1.1193,1.4956,4.3414,8.6126,68.0023,147.5615,0.2875,19.0437,853.159,14.2639,17.1618,11.1281,0.7852,56.0983,189.0675,162.8361,1.628361,3.9839896,0.831142421
2152,PP,Sugarcane Straw,76.2667,23.7333,75.477,11.9775,12.4967,0.0489,0,2.846,1.7733,92.6328,468.1741,0.4028,2.7479,704.4883,12.8815,19.3285,4.4721,3.2641,60.0488,533.5193,478.5599,4.785599,4.9951408,0.666451096
2153,PS,Nectarine Stone,21.6561,78.3439,57.5855,6.7131,35.1295,0.3917,0.1802,1.3355,6.5544,76.8907,232.6779,0.3426,15.2194,960.6017,14.4515,21.9,6.8211,0.1349,56.6458,285.5172,252.6139,2.526139,4.3684562,0.659885845
2154,PP,Corn Cobs,26.7955,73.2045,57.7716,8.1767,33.6711,0.3807,0,0.4417,10.0972,77.2105,226.3879,0.3182,12.2506,659.1979,11.9649,18.2717,8.3874,4.4356,56.9328,280.4967,244.5162,2.445162,5.1823882,0.654832336
2155,PP,Hazelnut Shell,27.4004,72.5996,60.3254,7.573,31.0853,1.0163,0,0.7787,6.2162,87.9293,281.0371,0.3708,5.0758,841.4768,14.5409,24.1442,5.0318,1.28,55.0014,349.6863,314.977,3.14977,5.0708264,0.602252301
2156,PP,Plum Stone,82.7113,17.2887,79.1044,12.5966,8.1192,0.1504,0.0294,3.6679,1.2717,94.0062,434.4926,0.3516,1.0542,950.4497,21.6536,25.0136,0.9797,0.7832,51.5647,518.1202,517.3739,5.173739,5.770688,0.865673074
2157,PU,Beetroot Pellets,9.2108,90.7892,41.4039,5.5109,51.1392,1.4672,0.4787,0.7343,6.4444,80.7584,105.5382,0.2572,12.0629,722.2519,12.5187,18.907,16.2507,2.8566,49.2307,161.3317,133.7827,1.337827,4.7569644,0.66211985
2158,PP,Cotton Stalk,82.4565,17.5435,78.6625,12.6081,8.2664,0.2361,0.2268,3.2283,1.8475,92.2135,550.6641,0.4481,2.7107,986.6344,16.2731,20.65,3.0512,0.1336,59.8653,611.2664,564.851,5.64851,4.4072236,0.788043584
2159,PP,Beetroot Pellets,79.0473,20.9527,75.7918,12.0439,11.8081,0.2493,0.1069,0.1695,1.4745,95.2085,371.7418,0.3081,3.1475,767.2265,19.796,23.7356,1.749,3.0458,51.6532,449.3301,442.0732,4.420732,6.21905,0.83402147
2160,PS,Coconut Shell,64.6456,35.3544,74.5788,7.6286,17.7255,0.0672,0,1.4728,5.0557,91.7391,387.0712,0.3991,1.7324,832.0721,12.4836,26.1,3.0104,1.398,57.0064,466.4211,416.8193,4.168193,5.1373128,0.478298851
2161,PET,Coconut Shell,10.0277,89.9723,47.6346,5.8694,46.322,0.174,0,3.4189,12.8871,78.7739,116.8088,0.2543,4.9201,944.9408,20.5352,32.3514,5.4659,0.5566,41.0897,183.0818,174.7593,1.747593,6.4933408,0.634754601
2162,PE,Chlorella Vulgaris,78.3267,21.6733,78.6371,10.1814,8.6082,2.321,0.2524,0.4173,1.9882,94.071,341.2397,0.2891,3.5235,735.4063,17.0407,22.07,2.5161,3.3622,54.9623,404.4125,384.3373,3.843373,5.8248832,0.772120526
2163,PS,Rubber Wood,72.0895,27.9105,79.2473,7.9524,12.7441,0.0562,0,1.4943,1.9472,92.4044,304.883,0.2812,4.1541,664.0713,10.8401,17.1483,6.2184,4.2147,61.572,348.3135,303.9643,3.039643,4.8402792,0.632138463
2164,PE,Nectarine Stone,7.2739,92.7261,51.2912,6.5822,41.4221,0.4789,0.2256,1.5294,7.7577,72.6981,184.7359,0.3212,18.0148,807.6219,12.3316,16.6385,11.1306,1.2729,58.5508,229.1238,194.2394,1.942394,3.883962,0.741148541
2165,PU,Spirulina Sp.,79.8132,20.1868,60.3546,7.8419,26.8581,4.6946,0.2507,0.3996,1.6394,93.3281,248.077,0.3007,4.6329,937.3556,20.7413,28.669,1.8349,0.7973,47.9057,331.4216,325.5061,3.255061,6.1377878,0.723474833
2166,PU,Rubber Wood,62.3914,37.6086,60.149,7.6278,29.421,2.6962,0.1061,1.8192,2.9981,88.6556,237.795,0.3039,6.5271,842.5462,18.2113,27.2435,3.1703,1.611,49.7379,313.2174,297.5573,2.975573,5.9762394,0.668464037
2167,PS,Plum Stone,21.0136,78.9864,57.0416,6.9986,35.1383,0.6872,0.1343,16.7994,5.8102,74.4633,172.7564,0.2979,2.9271,816.0733,17.511,29.6177,3.5247,2.0148,47.2966,238.8485,225.0858,2.250858,6.3443166,0.591234296
2168,PP,Spirulina Sp.,7.9005,92.0995,42.9179,6.7215,43.711,6.1246,0.525,1.8229,5.2951,77.1309,176.4606,0.3566,15.7511,778.0345,10.3403,11.7574,13.2894,1.3114,63.1089,217.8542,178.8305,1.788305,3.067666,0.879471652
2169,PET,DDGS,41.3912,58.6088,56.3697,5.9953,34.2318,2.9337,0.4696,7.2178,5.1358,78.3177,231.2385,0.3742,9.3287,965.9001,13.026,23.886,6.3261,0.1192,56.5286,291.2747,254.7185,2.547185,4.4591176,0.545340367
2170,PU,Cocoa Beans Husk,39.5787,60.4213,52.1315,6.8359,37.5327,3.2574,0.2425,4.8337,6.9509,79.5696,201.1981,0.3401,8.6458,941.8987,16.4249,23.9993,6.0464,0.314,53.1509,260.5562,236.6714,2.366714,4.910213,0.684390795
2171,PU,Sorghum Stalk,0.2128,99.7872,45.748,6.8572,44.3455,1.3072,1.7419,5.0553,9.9953,63.6203,204.4344,0.4223,21.3291,668.0734,3.5221,3.5714,17.5678,1.4437,73.2898,229.0153,172.418,1.72418,1.3472278,0.98619589
2172,PP,Spirulina Sp.,85.9549,14.0451,79.0571,12.7629,7.1659,0.934,0.0801,0.278,0.8075,96.0887,404.318,0.3124,2.8258,930.738,23.5816,25.7958,0.4227,1.3768,48.8108,495.5975,509.9007,5.099007,6.289978,0.914164321
2173,PS,Durian Shell,7.3953,92.6047,62.5205,8.472,26.0812,2.8337,0.0926,6.2254,4.0726,74.0688,288.6603,0.3598,15.6332,970.5074,16.2575,20.5221,4.8881,0.1416,58.171,337.4552,308.0656,3.080656,4.3922874,0.792194756
2174,PP,Açaí Seed,80.8505,19.1495,78.3,12.4246,9.1259,0.1495,0,2.7211,1.7713,93.4393,416.8884,0.3409,2.0683,851.6981,20.357,24.5937,1.2816,1.7481,52.0172,498.7256,492.0979,4.920979,5.923182,0.827732305
2175,PU,Rice Husk,40.9619,59.0381,55.8766,5.6304,36.2807,2.0897,0.1224,2.5386,4.9097,82.7905,213.4513,0.3411,9.7612,730.1512,10.2475,22.4853,8.7638,2.4537,56.013,279.348,236.6459,2.366459,4.8183024,0.455742196
2176,PP,Nectarine Stone,56.8036,43.1964,69.5816,10.5541,19.5489,0.216,0.0994,0.7125,3.6139,86.9981,363.4582,0.3544,8.6755,935.1664,19.5042,23.0347,2.7567,0.5738,54.1131,429.1255,412.5374,4.125374,5.2142462,0.846731236
2177,PP,Cotton Stem,80.6018,19.3982,78.419,12.3343,8.9816,0.2209,0.0442,0.9049,2.8242,91.5338,492.2079,0.3997,4.7371,738.9937,14.0362,19.6743,3.8579,2.6512,59.7705,556.4439,505.6924,5.056924,4.944001,0.713428178
2178,PE,Rice Straw,91.837,8.163,83.104,10.7828,5.7467,0.2103,0.1561,0.4255,0.6942,98.0296,352.9902,0.276,0.8507,939.8922,23.1781,26.0324,0.3913,1.2862,49.086,431.5068,441.698,4.41698,6.2437768,0.890355864
2179,PS,Nectarine Stone,44.501,55.499,67.0959,7.2333,25.2656,0.2775,0.1276,1.0044,4.6432,83.5709,374.9615,0.4387,10.7815,678.0224,6.8943,15.7252,9.5852,2.7107,65.0572,433.2945,354.0536,3.540536,3.6963902,0.438423677
2180,PET,Spirulina Sp.,13.2692,86.7308,42.3,5.8743,45.5597,5.7717,0.4944,1.7167,5.0143,77.7965,164.2057,0.3601,15.4725,651.5479,6.0124,8.1017,17.9737,2.7968,64.9118,209.4823,161.8963,1.618963,2.6714078,0.742115852
2181,PE,Durian Shell,46.3124,53.6876,72.1984,9.7343,16.1948,1.7401,0.1324,3.6006,2.3611,84.9657,271.0623,0.2647,9.0726,735.7062,18.8241,23.2355,2.608,3.5732,51.7269,334.1966,324.1395,3.241395,6.2398814,0.810143961
2182,PP,Castor Seed Hull,45.1416,54.8584,62.887,9.2638,27.7284,0.1207,0,1.1038,1.7936,86.3276,363.343,0.4084,10.775,905.5475,14.629,19.2282,5.714,0.4523,59.9754,416.0468,371.9774,3.719774,4.1646086,0.760809644
2183,PE,Pistachio Soft Shell,86.2189,13.7811,80.4055,10.4227,8.6043,0.4209,0.1466,2.6901,1.3712,93.8557,364.0174,0.3064,2.083,652.796,11.6939,14.9469,5.7852,4.707,62.8321,402.4832,356.0701,3.560701,4.8313566,0.782362898
2184,PE,Coffee Husk,13.7401,86.2599,48.5313,6.8972,44.5193,0.0289,0.0234,1.9551,8.0551,78.8038,218.7658,0.4052,11.186,976.914,11.9386,17.9443,10.0901,0.0275,59.9924,264.851,223.8428,2.238428,3.5601956,0.665314334
2185,PU,Sunflower Seed Hulls,66.8272,33.1728,69.1101,6.5616,20.9103,3.3043,0.1136,0.3317,3.884,89.2488,329.7459,0.3724,6.5355,692.9088,8.7702,22.0638,6.0523,3.0508,60.0368,401.0383,341.3065,3.413065,4.8194068,0.397492726
2186,PU,Coconut Shell,13.119,86.881,48.5958,6.3344,44.3314,0.7161,0.0223,3.3015,12.5027,79.7432,154.83,0.3148,4.4526,940.8319,17.9056,28.0485,6.1585,0.4252,47.4545,218.1336,201.269,2.01269,5.6201374,0.638379949
2187,PS,Pistachio Soft Shell,76.3394,23.6606,79.6311,7.8021,12.1551,0.4117,0,4.7712,2.3542,89.3279,267.6267,0.2559,3.5467,843.5427,18.7601,27.7382,1.0005,2.0392,50.4598,335.3904,326.12,3.2612,6.2511376,0.676327231
2188,PE,Cherry Stone,88.0555,11.9445,81.5116,10.604,7.4758,0.2363,0.1724,0.1214,0.9052,96.4278,542.9906,0.4349,2.5456,889.5201,14.1558,22.2893,3.0568,0.7686,59.7076,616.1894,558.4658,5.584658,4.612437,0.635093969
2189,PU,Cotton Stem,51.2305,48.7695,57.4271,7.1858,32.4818,2.7072,0.1982,2.2751,7.4077,78.6575,197.1333,0.2858,11.6597,788.0432,16.8165,24.8014,5.1058,2.1769,51.0443,260.0552,240.8646,2.408646,5.7204886,0.678046401
2190,PU,Cotton Stalk,96.994,3.006,65.1054,8.2346,22.342,4.1142,0.2038,0.5532,0.8984,96.7095,395.9402,0.4323,1.8389,879.9033,13.2513,22.6289,4.4362,0.7608,58.8889,469.9192,418.1631,4.181631,4.5547482,0.585591876
2191,PET,Açaí Seed,93.5098,6.4902,61.2274,4.4681,34.2252,0.0793,0,0.9223,0.7967,92.948,266.5937,0.3844,5.333,691.652,6.5717,24.6944,8.5964,2.6899,57.4448,347.7754,284.9371,2.849371,4.7842222,0.266121064
2192,PS,Açaí Seed,47.0738,52.9262,67.6788,7.3905,24.5174,0.4132,0,7.615,4.8957,82.89,272.001,0.3363,4.5993,875.9572,16.2538,28.4526,2.3399,1.2078,51.7443,346.2921,323.1848,3.231848,5.7728304,0.571258866
2193,PET,Colza seed,70.8677,29.1323,56.9348,4.9647,36.5056,1.5948,0,2.6669,2.5051,85.5801,183.4056,0.2912,9.2479,747.5308,11.7572,28.5688,6.5407,2.4808,50.6496,257.6106,224.6289,2.246289,5.7575728,0.411539862
2194,PE,Durian Shell,47.4021,52.5979,72.4781,9.7641,15.9156,1.709,0.1332,3.5275,2.3132,85.2704,428.7216,0.4161,8.8889,849.4601,13.5919,20.1,4.5301,1.0467,60.7097,487.3394,435.5404,4.355404,4.3752438,0.67621393
2195,PS,Corn Cobs,64.2952,35.7048,74.99,7.6412,17.1831,0.1857,0,0.344,4.9248,88.8215,434.6796,0.4393,5.9097,949.9769,12.0228,23.3669,4.0473,0.2057,60.3567,503.3305,442.247,4.42247,4.3163324,0.51452268
2196,PU,Coffee Husk,68.5271,31.4729,58.4123,7.6291,30.964,2.8781,0.1165,0.7133,3.3501,90.8353,313.9686,0.4115,5.1013,772.4154,11.4698,20.1691,7.0722,1.8568,59.4058,379.7218,328.0914,3.280914,4.4447794,0.568681795
2197,PET,Açaí Seed,47.2414,52.7586,54.5081,5.4272,39.6383,0.4264,0,7.497,4.9794,80.5296,207.0657,0.3691,6.994,659.3061,7.4467,20.0438,11.5335,3.5546,57.4168,272.1555,221.8553,2.218553,4.6023092,0.371521368
2198,PE,Chlorella Vulgaris,47.2092,52.7908,68.0945,8.7188,17.4643,5.3518,0.3706,1.0165,4.8428,85.5869,304.9434,0.3234,8.5538,742.5665,15.2191,23.9472,3.0828,2.9372,54.7399,377.117,349.2639,3.492639,5.7125276,0.635527327
2199,PET,DDGS,65.3397,34.6603,58.7397,5.3163,33.9188,1.7474,0.2777,4.2685,3.123,85.0077,230.3861,0.3512,7.6008,953.7403,13.2826,27.8777,5.0508,0.2421,53.4785,301.6908,266.829,2.66829,5.0337828,0.476459679
2200,PE,Olive Pomace,47.7985,52.2015,70.3176,8.596,20.5949,0.3568,0.1347,2.5617,3.8668,88.5351,266.5377,0.2821,5.0364,830.8145,19.5734,28.8914,1.1732,2.2246,48.1089,347.159,340.5851,3.405851,6.5506504,0.67748188
2201,PE,Rice Husk,73.7644,26.2356,76.2959,9.2565,13.9797,0.319,0.1489,1.1281,2.0726,92.718,313.3747,0.2869,4.0813,961.8583,21.7957,28.6451,0.3696,1.0893,48.0738,398.1314,400.5913,4.005913,6.3531876,0.760887551
2202,PP,Cotton Husk,80.7939,19.2061,78.8072,12.8029,8.1207,0.2692,0,0.5416,1.1519,95.3749,459.3424,0.3586,2.9316,707.1025,15.1167,20.0488,3.3626,3.6612,57.8051,526.5513,488.0563,4.880563,5.469462,0.753995252
2203,PE,Sorghum Bagasse,52.5125,47.4875,77.5972,9.986,12.1128,0.1483,0.1558,2.8833,4.2898,86.07,410.1507,0.3753,6.7569,789.0304,14.4763,22.9199,3.1007,2.0153,57.462,479.1542,438.2657,4.382657,5.1728252,0.631603977
2204,PS,Sunflower Seed Hulls,37.8288,62.1712,81.3718,5.1416,12.554,0.9326,0,0.6974,6.528,82.392,245.1717,0.2511,10.3826,823.4805,13.3438,29.6062,1.4407,1.8831,53.7244,308.1649,281.3716,2.813716,5.8456614,0.450709649
2205,PET,Nectarine Stone,58.0482,41.9518,56.4645,5.125,38.0865,0.2275,0.0965,0.692,3.6317,84.5661,253.0061,0.4024,11.1102,772.0401,7.7798,18.8403,11.3212,1.4202,60.6117,316.1941,256.4781,2.564781,3.7225278,0.412933977
2206,PS,Soybean Cake,83.2534,16.7466,84.4549,8.1749,5.8144,1.5558,0,1.0323,5.5264,91.7717,445.2057,0.3904,1.6696,876.6469,13.4738,27.4035,1.2421,1.1922,56.6872,530.5426,484.0739,4.840739,5.334819,0.491681719
2207,PP,Cocoa Beans Husk,93.8771,6.1229,82.9694,13.3626,3.4886,0.1616,0.0178,0.4898,0.6803,97.5441,456.4472,0.3324,1.2858,995.6983,23.5502,25.6317,0.3346,0.7589,49.7212,549.5734,563.6848,5.636848,6.044702,0.918791965
2208,PET,Rubber Wood,69.1439,30.8561,58.7099,5.0162,36.1906,0.0833,0,1.4926,2.2979,88.0906,275.8665,0.4172,8.1189,942.1878,9.6156,23.4684,7.9731,0.1152,58.8273,343.9372,287.9235,2.879235,4.0367448,0.409725418
2209,PET,Peach Stone,86.6993,13.3007,59.3175,4.683,35.409,0.5506,0.0399,0.3354,0.918,91.3571,177.5175,0.262,7.3895,729.0853,11.7372,31.306,5.4939,2.9746,48.4737,256.5649,225.6552,2.256552,6.2770804,0.374918546
2210,PE,Soy Peel,74.5763,25.4237,75.5727,10.0561,13.3505,0.894,0.1268,1.8358,2.8822,92.9815,436.5828,0.3983,2.3005,771.8773,13.5272,22.6209,3.4531,2.1719,58.2058,510.4249,461.5176,4.615176,5.0887112,0.597995659
2211,PU,Nectarine Stone,71.5344,28.4656,60.8167,7.6936,28.1559,3.1468,0.1871,0.4695,2.8106,90.1243,259.6708,0.3208,6.5956,813.6787,16.6248,25.8692,3.6892,1.849,51.9248,334.5222,311.6157,3.116157,5.7169396,0.6426484
2212,PET,Nectarine Stone,36.7891,63.2109,53.5733,5.526,40.428,0.3273,0.1454,1.0426,5.3656,79.436,236.5753,0.4026,14.1558,666.8229,5.7372,12.4498,15.2376,2.5913,63.9386,290.7646,227.4686,2.274686,3.1159778,0.46082668
2213,PP,Nectarine Stone,14.15,85.85,53.8041,7.2996,38.2696,0.4293,0.1975,1.416,7.1824,74.6533,180.688,0.2821,16.7483,846.2901,17.4493,21.3387,7.3194,1.2552,52.5757,231.2137,211.524,2.11524,5.0225622,0.817730227
2214,PU,Durian Shell,74.2012,25.7988,64.302,8.329,23.3111,3.9059,0.1519,1.7302,1.5797,91.2293,309.1617,0.3477,5.4608,935.0929,18.118,25.861,2.6158,0.6009,52.7761,385.4086,365.2595,3.652595,5.4303522,0.700591624
2215,PS,Plum Stone,87.0962,12.9038,84.7833,8.2522,6.8303,0.1123,0.0219,2.9118,0.9492,95.6608,430.1603,0.3662,0.4782,987.481,16.0069,29.286,0.3026,0.7056,53.6951,522.5931,491.8456,4.918456,5.671386,0.546571741
2216,PS,Rubber Wood,10.6454,89.3546,55.1343,6.7535,37.9322,0.18,0,4.3436,6.234,76.1231,228.0588,0.3643,13.2993,859.4801,12.6997,19.6942,8.6353,0.7632,58.2063,279.2153,240.6949,2.406949,4.1262624,0.644844675
2217,PS,Sorghum Stalk,17.9083,82.0917,53.6738,7.1484,36.677,1.068,1.4327,4.1947,8.2217,70.0395,267.774,0.435,17.5441,867.8497,8.7857,12.5622,11.2116,0.2337,66.8495,303.1867,246.9697,2.469697,2.6153574,0.699375905
2218,PET,Coconut Shell,41.2154,58.7846,52.6731,5.3371,41.8656,0.1243,0,2.2338,8.4928,84.291,213.1598,0.3941,4.9824,827.6661,10.4783,23.58,9.191,1.0853,55.6642,279.4132,235.1874,2.351874,4.4912738,0.444372349
2219,PET,Rubber Wood,31.0936,68.9064,54.4433,5.8579,39.5505,0.1483,0,3.3331,4.8727,79.9526,241.6114,0.4026,11.8416,758.1135,8.3244,16.7489,11.8806,1.6281,61.4161,297.0372,241.6254,2.416254,3.5922564,0.497011744
2220,PS,Cocoa Pod Husk,43.31,56.69,60.2452,6.8547,31.874,0.9014,0.1247,6.1903,6.9878,80.8089,259.1007,0.3779,6.013,768.3803,11.6197,22.9145,6.5373,2.0134,56.8855,323.0236,280.6513,2.806513,4.8629518,0.507089398
2221,PE,Spirulina Sp.,11.9932,88.0068,44.8632,6.7205,42.0167,5.8776,0.522,1.7419,5.0598,78.1825,175.1331,0.3342,15.0158,998.2197,14.2097,17.6995,9.4297,0.0196,58.4631,220.5721,191.3605,1.913605,3.7718014,0.802830588
2222,PE,Hazelnut Shell,87.1572,12.8428,81.4621,10.4299,7.597,0.3628,0.1482,0.1378,1.0996,97.8715,535.1739,0.4319,0.8911,873.4198,14.0253,22.914,2.8778,0.954,59.2093,612.1964,555.2303,5.552303,4.7434284,0.612084315
2223,PET,Corn Cobs,34.5126,65.4874,52.6284,5.4904,41.5301,0.3511,0,0.3952,9.1052,77.9002,143.5549,0.2596,12.5994,661.256,10.9012,23.1696,10.9816,4.4744,50.4668,206.2052,175.0777,1.750777,5.6985344,0.470495822
2224,PE,Cotton Husk,67.7568,32.2432,74.508,10.2966,14.486,0.5942,0.1152,0.9093,1.9338,92.9,328.9711,0.2967,4.2569,710.8653,16.2453,21.2999,3.4394,3.7957,55.1926,390.7185,366.6415,3.666415,5.7971404,0.762693722
2225,PE,Soy Peel,32.9857,67.0143,58.5474,8.1848,31.1988,2.0129,0.0561,4.839,7.5973,81.5325,256.563,0.3582,6.0312,923.8829,17.4405,24.2107,4.267,0.55,53.5191,319.1446,296.8678,2.968678,5.1310222,0.72036331
2226,PP,Sorghum Bagasse,65.9234,34.0766,79.6877,12.0758,8.1615,0.0273,0.0477,2.069,3.0783,89.6819,420.5364,0.344,5.1708,979.1416,21.7671,24.9076,1.0305,0.528,51.7591,499.6295,498.702,4.98702,5.6782284,0.873913986
2227,PET,Olive Pomace,55.718,44.282,59.4272,5.1652,35.1277,0.2346,0.0453,2.1731,3.3972,87.3239,225.6368,0.3387,7.1058,693.1666,8.8351,25.4593,7.8264,3.1321,54.7317,300.5777,253.3418,2.533418,5.2833544,0.347028394
2228,PU,Pistachio Soft Shell,76.7653,23.2347,61.0059,7.648,27.5872,3.6284,0.1305,4.5354,2.7724,88.0656,304.2861,0.3903,4.6266,699.0482,10.458,20.6129,6.7689,3.064,59.0655,372.2105,320.7366,3.207366,4.8236014,0.507352192
2229,PET,Coconut Shell,69.7094,30.2906,57.2764,4.8507,37.7941,0.0789,0,1.151,4.4779,89.3317,219.1682,0.3527,5.0394,667.0482,7.1676,22.3471,10.5944,3.3554,56.5316,291.4435,238.0444,2.380444,4.7910686,0.320739604
2230,PET,Beetroot Pellets,48.4772,51.5228,50.2012,4.7955,44.1126,0.628,0.2628,0.4167,3.7276,86.6155,223.6105,0.4255,9.2402,854.6099,8.0563,18.602,12.861,0.4419,59.9615,286.1837,229.6853,2.296853,3.3721326,0.43308784
2231,PU,Soybean Cake,78.7949,21.2051,63.6123,7.9182,23.0562,5.2794,0.134,1.0963,7.4704,88.1452,268.8925,0.327,3.2881,935.8826,19.0857,28.1831,1.695,0.767,50.2425,348.4261,336.1648,3.361648,5.8869122,0.677203714
2232,PS,Coffee Husk,34.6944,65.3056,59.0926,7.0046,33.9028,0,0,1.5495,6.0984,83.8855,295.327,0.4154,8.4666,994.993,12.5591,21.9112,6.4788,0.041,59.0093,353.2844,307.1675,3.071675,4.131872,0.573181752
2233,PET,Sorghum Stalk,67.3159,32.6841,56.7887,5.1574,37.0376,0.4458,0.5704,1.6558,3.4148,84.5112,191.4991,0.3026,10.4182,717.5588,10.5874,25.7311,8.1141,2.8186,52.5763,262.3594,224.1852,2.241852,5.3946166,0.411463171
2234,PU,Sugarcane Straw,15.3871,84.6129,46.5551,6.3171,46.2812,0.8205,0.0262,10.1464,6.4142,74.7731,185.1854,0.4011,8.6663,798.6387,10.4459,17.0077,12.3899,1.258,58.889,234.7354,193.9391,1.939391,3.7214914,0.614186516
2235,PP,Chlorella Vulgaris,30.1291,69.8709,62.1812,8.7145,21.7679,6.9522,0.3843,1.3454,6.4096,80.7855,308.817,0.3656,11.4595,675.4763,11.0036,17.1686,6.7803,3.5998,61.3637,365.2961,317.2306,3.172306,4.6403608,0.640914227
2236,PP,Pistachio Soft Shell,34.545,65.455,59.3584,8.4238,31.0789,1.1389,0,12.7768,6.5128,70.726,266.9601,0.3932,9.9844,808.971,13.0893,18.8404,6.9536,1.4466,59.6681,314.4202,275.8397,2.758397,4.3054176,0.694746396
2237,PP,Castor Seed Hull,63.2833,36.7167,70.385,10.7805,18.7537,0.0808,0,0.7387,1.2005,90.6838,393.93,0.3679,7.377,838.5362,17.2333,21.8263,3.4293,1.4656,56.0433,460.2279,431.5144,4.315144,5.135995,0.789565799
2238,PET,Hazelnut Shell,1.5558,98.4442,50.9783,5.1904,42.4528,1.3786,0,1.0559,8.4324,83.7354,178.673,0.3414,6.7763,793.1408,11.4081,24.7985,9.2647,1.647,52.8798,245.8401,209.2646,2.092646,4.9463118,0.460031857
2239,PU,Durian Shell,58.848,41.152,63.476,8.3582,24.2937,3.7309,0.1412,2.7599,2.1628,87.2534,236.4796,0.2742,7.8239,702.2391,15.9276,22.7429,4.4119,4.0251,52.8529,300.9951,279.9695,2.799695,6.026772,0.700332851
2240,PS,Rice Straw,15.757,84.243,56.9644,6.469,36.3865,0.18,0,4.4228,7.1647,79.8226,192.549,0.3032,8.5899,669.72,11.0006,22.3203,8.5996,4.1781,53.8954,254.8861,219.4974,2.194974,5.4961824,0.492851799
2241,PE,Cotton Stem,9.753,90.247,52.3785,6.54,39.811,1.0484,0.2222,4.2101,13.1392,62.485,170.5965,0.3149,20.1657,881.0883,13.351,17.29,10.1073,0.4618,58.7169,209.0901,179.5076,1.795076,3.7857724,0.772180451
2242,PE,DDGS,33.5963,66.4037,63.5976,8.5232,23.9101,3.38,0.5891,8.1778,5.7203,77.9174,205.1277,0.2589,8.1845,695.0231,16.4361,21.8131,4.5929,4.3512,52.6534,260.355,243.5376,2.435376,6.081279,0.753496752
2243,PE,Colza seed,51.8062,48.1938,65.8446,8.9349,22.4211,2.7113,0.0881,4.4119,3.898,82.3599,259.9088,0.2943,9.3302,986.2506,22.5334,27.0389,1.5567,0.4424,48.4105,332.6967,333.6278,3.336278,5.9988878,0.833369701
2244,PU,Safflower Seed,12.8619,87.1381,51.5869,7.0748,38.1621,3.1543,0.0219,1.2257,8.3033,66.4556,218.1038,0.3609,24.0154,702.4764,7.0853,7.8527,13.8732,1.963,69.216,247.0823,196.6964,1.966964,2.4574066,0.90227565
2245,PU,Corn Cobs,92.7546,7.2454,64.3793,8.1221,23.4076,3.9334,0.1577,0.0437,1.5558,95.8193,307.2856,0.3422,2.5812,908.2749,18.0414,27.4141,2.1216,0.93,51.463,391.3959,372.4852,3.724852,5.7355878,0.658106595
2246,PS,Corn Cobs,89.7872,10.2128,85.8497,8.2522,5.845,0.0531,0,0.2412,1.4087,96.6597,375.2448,0.3082,1.6904,670.1066,9.8593,17.0528,5.7459,3.7854,63.551,419.0645,362.4487,3.624487,4.5686304,0.578163117
2247,PS,Banana Stems,50.6764,49.3236,64.9273,6.9865,27.6822,0.4041,0,1.856,4.5648,87.7876,345.282,0.4277,5.7916,937.7467,12.1785,23.1955,5.334,0.2358,59.0555,411.5851,359.3568,3.593568,4.3223274,0.525037184
2248,PET,Pistachio Soft Shell,16.2012,83.7988,48.2259,5.3613,44.9498,1.4631,0,16.3575,8.372,61.8828,118.1153,0.2847,13.3877,659.6423,9.3466,18.0376,14.7011,3.9169,53.9917,166.5532,135.9223,1.359223,4.6844206,0.518173149
2249,PP,Rice Husk,15.2658,84.7342,54.6387,5.3275,39.4278,0.5301,0.0758,3.6436,6.694,76.4523,209.457,0.3656,13.2101,662.5318,6.7306,15.955,13.6602,3.0459,60.5817,266.6664,212.8233,2.128233,3.827667,0.42184895
2250,PET,Sorghum Bagasse,33.6495,66.3505,66.2554,7.1932,26.3951,0.0634,0.093,4.0286,6.0644,78.7647,299.1631,0.373,11.1423,706.4459,9.8409,20.2683,7.1838,2.7891,59.8951,359.3808,306.6239,3.066239,4.6151208,0.485531594
2251,PS,Sorghum Stalk,73.0053,26.9947,78.1892,8.0535,12.935,0.3512,0.4711,1.5136,2.7036,90.0137,428.4685,0.4016,5.7691,806.9995,11.7253,24.0237,3.4807,1.5795,59.1182,503.3308,445.2771,4.452771,4.8587796,0.488072195
2252,PP,Colza seed,18.4981,81.5019,51.8508,7.8596,35.8885,4.4011,0,7.461,6.592,70.0935,259.3986,0.4246,15.8535,840.4787,10.4962,12.9669,10.033,0.5912,65.9116,294.5333,246.1624,2.461624,2.9790686,0.809461012
2253,PS,Rice Straw,86.6363,13.3637,84.9281,8.1753,6.8681,0.0286,0,0.8699,1.1366,96.6309,422.6517,0.3534,1.3626,745.3132,11.566,24.2126,2.8697,2.5933,58.7554,495.5031,441.526,4.41526,5.228317,0.477685172
2254,PU,Cocoa Beans Husk,89.5398,10.4602,63.3427,8.03,24.4079,4.0368,0.1826,0.8368,1.6994,94.7351,389.2643,0.447,2.7287,859.6154,12.1027,21.1978,5.4557,0.8447,60.3674,458.6824,400.9757,4.009757,4.280417,0.570941324
2255,PP,Coconut Shell,67.9346,32.0654,72.8796,11.3459,15.7136,0.0609,0,1.2185,4.5854,92.2852,414.6934,0.3817,1.9109,925.6325,18.9167,23.7065,2.2739,0.6961,54.4054,487.9635,467.8993,4.678993,5.2792264,0.797954148
2256,PS,Sorghum Stalk,53.0325,46.9675,69.3023,7.7254,21.5415,0.611,0.8197,2.4855,4.7039,82.773,363.2952,0.4058,10.0376,932.5258,13.1385,22.4046,4.615,0.3023,59.3972,424.7188,376.1569,3.761569,4.350161,0.586419753
2257,PP,Cocoa Beans Husk,88.5346,11.4654,80.709,12.9374,6.0177,0.3027,0.0332,0.9172,1.2739,95.8375,337.727,0.258,1.9714,927.3311,27.1167,24.4366,0.3911,1.5424,46.506,414.8943,446.208,4.46208,6.5597944,1.10967565
2258,PET,Sorghum Bagasse,76.7016,23.2984,63.6045,5.3377,30.983,0.0421,0.0326,1.4146,2.2657,89.098,295.5938,0.3952,7.2217,761.6492,8.5568,23.5925,7.388,1.7932,58.6606,369.2407,309.3246,3.093246,4.538755,0.362691533
2259,PP,Rice Straw,30.5867,69.4133,61.3958,8.4633,29.9926,0.1483,0,3.6182,5.9035,83.2476,240.4551,0.3076,7.2307,941.56,20.8438,26.9177,2.7626,0.6359,48.8386,309.754,302.3957,3.023957,5.8704128,0.774352935
2260,PU,Olive Pomace,79.7399,20.2601,63.722,7.8609,24.8122,3.4486,0.1563,0.9942,1.9791,93.8877,284.8977,0.3298,3.139,673.0406,11.221,19.8637,6.5867,4.0135,58.2743,348.8965,304.6384,3.046384,5.1515272,0.564899792
2261,PE,Durian Shell,52.8412,47.1588,73.8743,9.9126,14.5221,1.554,0.137,3.1628,2.074,86.7915,266.6061,0.2509,7.9717,731.1314,19.4918,22.3953,2.597,3.7528,51.7288,325.6742,318.5859,3.185859,6.2704246,0.870352261
2262,PE,Safflower Seed,25.8448,74.1552,58.9321,8.009,30.736,2.2789,0.0439,1.0431,7.0005,71.677,290.6815,0.3875,20.2794,866.9021,11.8694,14.8238,8.4138,0.4957,64.3861,327.116,279.6934,2.796934,3.3271546,0.800698876
2263,PE,Sorghum Stalk,57.8679,42.1321,69.0115,9.369,20.1161,0.6697,0.8337,2.1345,4.2197,84.63,307.6898,0.3211,9.0158,663.1924,11.9897,17.7066,6.2374,4.4242,59.4634,360.454,318.4094,3.184094,5.1097828,0.677131691
2264,PS,Colza seed,59.8756,40.1244,71.743,7.6957,18.3946,2.1667,0,3.7929,3.2453,85.2025,245.5041,0.2627,7.7593,855.2575,19.5173,29.2819,0.9541,1.9587,48.2858,321.6172,315.3913,3.153913,6.4986024,0.666531202
2265,PE,Cotton Stalk,64.4836,35.5164,71.867,9.627,17.3238,0.6134,0.5688,6.5357,3.7403,85.058,423.5066,0.4376,4.666,714.248,10.0521,18.3903,6.1618,2.6134,62.6926,483.1764,415.3012,4.153012,4.3384018,0.546597935
2266,PET,DDGS,60.1189,39.8811,58.2231,5.4643,33.9871,2.006,0.3195,4.9114,3.5618,83.5493,244.4394,0.3774,7.9775,696.1305,8.0291,21.2211,9.2969,2.7514,58.6188,312.3266,258.438,2.58438,4.5260026,0.378354562
2267,PP,Sugarcane Straw,10.4836,89.5164,47.5293,6.7872,45.4991,0.1843,0,10.7344,6.6883,73.5988,168.4727,0.349,8.9785,727.6907,11.7154,18.1392,11.6129,2.613,55.9157,218.982,185.1361,1.851361,4.4862564,0.645860898
2268,PET,Rice Straw,17.4047,82.5953,52.7359,5.7841,41.2982,0.1818,0,4.3054,7.0611,79.3239,195.6737,0.3532,9.3096,883.1962,12.9057,23.5828,8.4405,0.6196,54.4503,255.4649,220.7955,2.207955,4.5870652,0.547250539
2269,PU,Cherry Stone,78.5382,21.4618,62.0157,7.8357,26.5833,3.3909,0.1743,0.2182,2.0977,91.9717,268.4253,0.3187,5.7124,787.1875,16.3573,26.1695,3.3693,2.2393,51.8248,346.3279,322.9974,3.229974,5.8656148,0.625052064
2270,PU,Corn Cobs,74.9553,25.0447,61.1594,7.734,27.7008,3.2784,0.1274,0.1511,3.9041,90.6827,221.7035,0.2737,5.2621,867.6655,20.8703,29.9327,1.6042,1.6349,45.9274,304.9144,301.7483,3.017483,6.6108068,0.69724081
2271,PE,Nectarine Stone,68.1327,31.8673,74.0584,9.613,15.837,0.3024,0.1891,0.5256,2.6661,90.604,457.6316,0.4271,6.2043,975.5949,14.7415,22.1775,3.5545,0.1519,59.3468,522.6583,473.6662,4.736662,4.4408272,0.664705219
2272,PE,Cherry Stone,30.8876,69.1124,60.125,7.7513,31.5778,0.362,0.1838,0.7026,5.2378,79.4261,207.084,0.2696,14.6335,881.8369,20.3462,25.601,3.9385,1.1442,48.9218,269.7003,260.3517,2.603517,5.8327392,0.794742393
2273,PP,Durian Shell,34.1436,65.8564,68.9313,10.3069,18.6808,2.0152,0.0659,4.4167,2.8962,81.3988,325.8625,0.3314,11.2883,719.1178,15.5322,20.552,4.1636,3.2645,56.4705,386.0307,356.8001,3.568001,5.4357206,0.755751265
2274,PS,Chlorella Vulgaris,78.2821,21.7179,81.9258,8.0633,7.7305,2.1609,0.1194,0.5747,1.9923,93.9179,335.4065,0.292,3.5151,708.874,12.5983,20.9612,3.8529,3.3656,59.1941,390.2972,350.5991,3.505991,5.2066124,0.601029521
2275,PET,Hazelnut Shell,91.7896,8.2104,61.2365,4.4051,34.2154,0.143,0,0.0881,0.8958,93.7763,175.7331,0.2522,5.2398,659.3455,7.9459,21.626,11.4022,3.8529,55.1681,238.4445,195.7026,1.957026,4.9623714,0.367423472
2276,PU,Cotton Husk,69.9495,30.0505,61.0954,8.3155,27.1111,3.3591,0.1189,0.8475,2.2219,91.9337,345.8323,0.412,4.9969,899.0372,14.4088,21.8794,4.9836,0.5886,58.1167,412.2723,369.7038,3.697038,4.5236736,0.658555536
2277,PS,Cherry Stone,58.0786,41.9214,72.7483,7.5383,19.4535,0.1803,0.0797,0.5423,3.1771,87.4081,299.3308,0.3092,8.8725,732.5788,13.3646,25.2785,3.5114,3.0176,54.808,370.239,335.4402,3.354402,5.7087686,0.528694345
2278,PP,Sugarcane Straw,57.7545,42.2455,67.6122,10.5169,21.784,0.087,0,5.0659,3.1564,87.2765,322.1869,0.3376,4.5012,957.7209,21.514,25.2222,1.9907,0.551,50.7209,394.4753,389.9875,3.899875,5.6987672,0.852978725
2279,PU,Beetroot Pellets,28.9459,71.0541,46.683,6.1128,44.7313,2.0613,0.4116,0.5747,5.1739,84.4867,203.1266,0.3916,9.7647,810.5476,10.463,17.1419,12.1465,1.0924,59.028,258.6624,213.8362,2.138362,3.6809626,0.610375746
2280,PS,Cherry Stone,47.1739,52.8261,68.2087,7.2889,24.1749,0.2272,0.1004,0.6314,4.0035,84.1847,285.9803,0.3242,11.1804,801.8645,14.5447,25.6372,3.7802,1.8697,54.1453,356.3196,324.481,3.24481,5.4704674,0.567327945
2281,PET,Peach Stone,42.6843,57.3157,49.8781,5.8393,41.8391,2.2715,0.1719,1.4452,3.2611,80.3277,175.2084,0.3115,14.966,762.3728,11.4134,18.4521,11.6771,1.9535,56.4422,230.4598,193.588,1.93588,4.2569648,0.618542063
2282,PP,Açaí Seed,14.5214,85.4786,53.153,7.4873,38.6922,0.6674,0,12.1465,7.9068,72.446,217.3517,0.3854,7.5007,789.264,12.6152,19.5424,8.4601,1.7028,57.6773,267.938,232.0321,2.320321,4.4343864,0.64552972
2283,PET,Cotton Husk,21.1003,78.8997,52.8838,7.5406,38.4633,1.1123,0,2.225,4.7762,81.5392,240.026,0.37,11.4596,787.3584,12.6113,17.8634,9.0476,1.6614,58.814,291.9848,251.8832,2.518832,4.20759,0.705985423
2284,PP,Corn Cobs,48.392,51.608,65.9696,9.8504,23.9117,0.2684,0,0.3114,7.1183,83.7863,238.7344,0.2611,8.784,900.0626,24.9165,27.5672,1.2367,1.4126,44.8649,314.6153,327.0253,3.270253,6.67016,0.903845875
2285,PE,Elephant Grass,93.5426,6.4574,83.1349,10.8126,5.5663,0.3273,0.159,0.0394,0.7568,98.13,358.3238,0.2788,1.0738,656.4029,13.3446,14.7568,5.0206,4.9466,61.8922,392.8905,355.7268,3.557268,5.0714564,0.904301746
2286,PET,Castor Seed Hull,12.9181,87.0819,46.5475,5.3406,47.9164,0.1955,0,1.7521,2.8743,77.9689,175.0848,0.3607,17.4047,928.0301,8.3583,14.1073,15.6865,0.0264,61.8211,220.1316,174.0634,1.740634,2.6896674,0.592480489
2287,PS,Coffee Husk,17.5002,82.4998,50.9023,6.6117,42.486,0,0,1.9049,7.704,79.6953,150.8556,0.2665,10.6958,684.8048,14.0283,22.8949,9.4227,4.0625,49.5851,211.4713,186.7137,1.867137,5.8541888,0.612725978
2288,PET,Rubber Wood,57.814,42.186,57.4395,5.2668,37.191,0.1027,0,2.0406,3.0646,85.6675,203.463,0.3166,9.2273,978.7587,14.7852,29.3324,5.1004,0.1704,50.6108,274.981,246.8907,2.468907,5.3536872,0.504056947
2289,PET,Castor Seed Hull,29.3538,70.6462,49.496,5.1506,45.189,0.1644,0,1.4214,2.3714,81.1249,189.9506,0.3604,15.0823,946.423,9.6851,18.3893,12.8391,0.0423,59.0438,242.9032,197.6653,1.976653,3.378186,0.526670401
2290,PS,Pistachio Soft Shell,36.4835,63.5165,61.8273,6.6315,30.436,1.1052,0,12.4714,6.3199,71.6876,192.1956,0.2921,9.5211,999.7685,19.1998,29.7783,2.521,0.2438,48.2563,256.7122,245.9469,2.459469,5.9129246,0.644758096
2291,PU,Sorghum Bagasse,32.6282,67.3718,67.4668,8.5249,22.4342,1.4243,0.1499,4.0906,6.2818,79.5702,338.3615,0.3897,10.0574,789.718,12.5783,20.3426,5.521,1.729,59.7998,395.7918,348.9827,3.489827,4.540606,0.618323125
2292,PE,Hazelnut Shell,91.2712,8.7288,82.9093,10.6766,5.945,0.3139,0.1552,0.0936,0.7474,98.5469,525.8045,0.4122,0.6121,925.0511,15.9333,24.342,1.9442,0.6455,57.1149,608.1232,565.4573,5.654573,5.0189774,0.65456002
2293,PP,Cherry Stone,73.4901,26.5099,75.754,11.8246,12.257,0.114,0.0504,0.2695,2.0091,91.7433,338.2774,0.2845,5.9781,694.5064,17.5778,18.9656,3.5284,4.3892,55.5224,391.8946,374.0732,3.740732,5.8594016,0.92682541
2294,PP,Hazelnut Shell,62.6596,37.3404,72.581,10.6215,16.2748,0.5227,0,0.4005,3.1972,93.5488,427.1782,0.3948,2.8535,847.2834,16.0507,22.6351,3.1772,1.329,56.8061,498.8451,462.241,4.62241,5.0612802,0.709106653
2295,PU,Peach Stone,35.5847,64.4153,49.6082,7.4302,38.6752,4.0328,0.2537,1.6242,3.7778,79.6946,175.2986,0.2829,14.9034,853.7007,18.3461,20.6507,7.2532,1.1805,52.4878,228.2222,210.7967,2.107967,5.005986,0.888400877
2296,PET,Coconut Shell,95.7499,4.2501,61.4833,4.4061,34.0732,0.0374,0,0.1615,0.8088,93.9382,308.211,0.4401,5.0915,891.3521,8.1226,24.6656,7.624,0.344,59.2433,385.8233,319.3518,3.193518,4.1082584,0.329308835
2297,PET,Corn Cobs,0.2677,99.7323,47.639,6.0953,45.747,0.5187,0,0.6018,13.7567,69.1205,175.5859,0.3683,16.521,785.6623,8.9053,12.8823,14.732,1.1037,62.3752,215.9379,173.3399,1.733399,2.9800668,0.691281836
2298,PS,Rice Straw,70.6178,29.3822,78.6084,7.7897,13.5392,0.0628,0,1.6728,2.4989,92.8323,356.563,0.3361,2.996,805.7782,14.1712,27.9623,1.5867,2.1085,54.1692,438.6131,404.0781,4.040781,5.8085824,0.506796651
2299,PS,Sorghum Stalk,54.8594,45.1406,70.1151,7.7554,20.7543,0.5873,0.7878,2.3966,4.521,83.4352,266.7374,0.2929,9.6472,986.8184,20.3671,29.4936,1.019,0.522,48.4458,345.0729,338.8266,3.388266,6.1027164,0.690559986
2300,PET,Sorghum Bagasse,89.6579,10.3421,62.8067,4.7793,32.3638,0.0357,0.0145,0.6279,1.1225,92.2078,210.6772,0.2888,6.0418,941.237,15.31,35.2897,1.7833,0.6908,46.9216,298.0235,275.632,2.75632,6.3472886,0.433837635
2301,PE,Chlorella Vulgaris,91.6616,8.3384,83.1549,10.8081,4.8131,1.0222,0.2017,0.1606,0.7649,97.7066,332.1373,0.2581,1.3679,964.9277,24.7972,25.5458,0.3064,1.1354,48.1812,407.084,424.7666,4.247666,6.3033416,0.97069577
2302,PS,Coffee Husk,20.7178,79.2822,52.435,6.6852,40.8798,0,0,1.8384,7.4035,80.4795,201.6909,0.3403,10.2786,727.4675,11.7053,19.7602,9.9571,2.6106,55.9631,259.0409,221.1895,2.211895,4.6885524,0.592367486
2303,PP,Elephant Grass,48.7974,51.2026,63.2154,9.421,26.3262,1.0375,0,0.312,6.0007,85.0776,244.9836,0.2808,8.6097,831.0954,21.7071,25.93,2.4336,1.9491,47.9773,316.5691,315.0089,3.150089,6.3093246,0.837142306
2304,PP,Pistachio Soft Shell,90.9358,9.0642,81.9316,13.0986,4.8121,0.1577,0,1.7693,0.9019,95.5154,346.9702,0.2615,1.8134,957.5262,27.3471,24.4868,0.3087,1.2811,46.5745,424.5242,457.4884,4.574884,6.4974574,1.116809873
2305,PS,Olive Pomace,36.5992,63.4008,68.502,7.048,24.0736,0.3114,0.0649,3.1845,4.6964,86.0139,381.5038,0.4493,6.1052,943.454,11.1393,22.3662,5.3885,0.1697,60.9248,445.5466,384.701,3.84701,4.0819382,0.498041688
2306,PE,Coffee Husk,90.5736,9.4264,81.8877,10.7298,7.0384,0.1902,0.154,0.2136,0.8803,97.6659,326.3691,0.2594,1.2402,952.3185,24.6081,25.9939,0.3486,1.2366,47.7861,402.8365,419.4889,4.194889,6.375609,0.946687492
2307,PS,Sorghum Stalk,62.5641,37.4359,73.5433,7.882,17.4342,0.487,0.6534,2.0217,3.7493,86.2284,270.5109,0.2772,8.0006,822.314,17.9641,28.5378,1.2873,2.214,49.8651,346.7341,333.681,3.33681,6.3284976,0.629484403
2308,PET,Hazelnut Shell,4.7345,95.2655,51.3396,5.1627,42.1626,1.3351,0,1.0218,8.1669,84.0891,201.1745,0.3802,6.7222,726.9578,8.5989,20.8353,11.4746,2.2551,56.8335,267.1008,218.9548,2.189548,4.3612548,0.41270824
2309,PS,Coconut Shell,88.1136,11.8864,84.9483,8.205,6.8241,0.0226,0,0.6279,1.6998,97.0899,425.3407,0.3563,0.5824,938.099,15.6495,28.9224,0.4671,1.0049,53.9551,515.9103,483.8651,4.838651,5.6941226,0.541085802
2310,PP,Sugarcane Straw,76.4717,23.5283,75.5641,11.9936,12.3938,0.0484,0,2.8214,1.7579,92.6922,490.3648,0.4211,2.7285,713.1114,12.3809,18.6321,4.8247,2.9361,61.2217,553.0548,491.6387,4.916387,4.7359056,0.664492999
2311,PET,Olive Pomace,24.4269,75.5731,57.4892,5.7529,36.3019,0.3787,0.0773,3.7087,5.6493,82.1188,263.195,0.4152,8.5232,948.18,10.7528,22.3465,7.8012,0.1093,58.9717,323.8352,274.3882,2.743882,4.0160908,0.481184973
2312,PS,Castor Seed Hull,8.1297,91.8703,47.9673,5.7345,46.0962,0.2021,0,1.8647,3.0037,77.4649,204.5058,0.3934,17.6667,670.6081,4.9569,7.745,18.6172,2.1359,66.5423,248.1088,188.8537,1.888537,2.2758674,0.640012912
2313,PU,Cotton Stalk,66.5536,33.4464,59.1858,7.7754,29.2479,3.2454,0.5455,6.1547,3.9215,84.5503,256.159,0.348,5.3735,880.6452,16.7699,25.1492,3.9428,0.9994,53.0229,324.5077,300.922,3.00922,5.3377336,0.666816439
2314,PET,Peach Stone,6.7575,93.2425,42.1733,6.7832,47.0876,3.6762,0.2797,2.3511,5.1736,71.3251,168.7723,0.3564,21.1502,731.7012,6.5796,5.8945,16.7098,1.159,69.5371,196.7356,152.8786,1.528786,1.8682258,1.116226991
2315,PS,Rubber Wood,85.8413,14.1587,84.644,8.2207,7.1068,0.0285,0,0.8566,0.9878,96.0483,359.5295,0.3008,2.1073,759.8664,14.1661,24.5144,2.2822,2.6835,56.3506,425.852,391.6178,3.916178,5.5794462,0.577868518
2316,PP,Cocoa Beans Husk,87.7407,12.2593,80.3731,12.8742,6.3935,0.3236,0.0356,0.9807,1.3621,95.5839,563.3089,0.4335,2.0733,763.0181,13.438,19.08,4.026,2.1719,61.2768,627.3206,564.6145,5.646145,4.6329242,0.704297694
2317,PP,Cocoa Pod Husk,14.783,85.217,44.4854,6.8196,47.1526,1.355,0.1875,9.1751,10.5041,71.2081,179.1893,0.4091,9.1127,708.3174,8.7732,13.0209,14.3114,2.4034,61.4286,223.3218,180.4637,1.804637,3.4485562,0.67377831
2318,PE,Cotton Stem,44.0681,55.9319,65.155,8.3119,25.6012,0.7296,0.2023,2.6093,8.1432,76.7419,285.8435,0.3478,12.5056,784.6228,14.1593,21.2874,5.345,1.9476,57.2169,342.3984,307.524,3.07524,4.9086576,0.665149337
2319,PET,Rubber Wood,12.2665,87.7335,52.3322,6.2744,41.2129,0.1804,0,4.2438,6.1467,75.9259,224.935,0.3939,13.6836,765.3393,8.8655,15.1291,12.4442,1.5262,62.0331,273.4602,222.756,2.22756,3.4101202,0.585989913
2320,PS,Rubber Wood,76.1406,23.8594,80.8371,8.0315,11.0834,0.0481,0,1.3064,1.6646,93.4778,494.7109,0.443,3.5512,838.9256,10.7104,23.2,3.8839,1.0887,61.1159,570.1355,496.8678,4.968678,4.4696778,0.461655172
2321,PET,Rice Husk,31.5168,68.4832,53.1972,3.9628,42.3406,0.4381,0.0612,2.9448,5.4764,79.3566,133.6319,0.2593,12.2222,800.8156,11.4824,29.8971,9.1657,1.6473,47.783,202.1714,172.315,1.72315,5.5968672,0.384064006
2322,PU,Peach Stone,35.49,64.51,49.5845,7.4289,38.7002,4.0325,0.2539,1.6266,3.7824,79.6679,237.7213,0.3839,14.9231,720.4638,9.5115,12.3482,11.758,2.2329,64.0739,281.6726,232.4703,2.324703,3.3824934,0.77027421
2323,PP,DDGS,64.0249,35.9751,73.5851,11.4465,12.8873,1.793,0.2882,4.4304,3.0991,87.72,308.5376,0.2832,4.7505,830.3643,22.6824,25.4877,0.9573,2.393,48.4291,386.2122,393.7478,3.937478,6.5178434,0.889935145
2324,PS,Colza seed,32.8326,67.1674,59.3031,7.1557,29.9141,3.627,0,6.2144,5.4326,75.364,273.5675,0.3886,12.989,691.5279,8.8119,15.9539,9.5344,2.7953,62.9004,325.4083,271.0184,2.710184,3.962594,0.552335166
2325,PS,Spirulina Sp.,39.1332,60.8668,59.1946,7.0441,29.3667,4.0476,0.3469,1.283,3.4994,84.8341,203.4312,0.27,10.3835,719.5379,15.5637,26.1377,4.396,3.5532,50.2538,275.4248,254.5792,2.545792,6.2462754,0.59545025
2326,PET,Rubber Wood,17.9898,82.0102,52.9739,6.1478,40.7076,0.1707,0,3.967,5.7594,77.15,249.6396,0.4306,13.1236,868.2243,9.0077,15.8385,11.5927,0.3255,63.2348,297.3724,242.4931,2.424931,3.0850116,0.568721786
2327,PET,Safflower Seed,41.8683,58.1317,54.8077,5.8237,37.6119,1.7568,0,0.8177,5.5757,75.5779,275.2894,0.4428,18.0287,999.3179,6.5634,13.3523,12.2499,0.0018,67.8324,316.5641,251.0245,2.510245,2.3918814,0.491555762
2328,PET,Hazelnut Shell,56.352,43.648,57.2078,4.7135,37.4505,0.6283,0,0.4682,3.8556,89.833,226.8258,0.3624,5.8432,750.7592,8.9693,25.9017,8.1408,2.0381,54.9481,303.2832,254.2284,2.542284,4.9619384,0.34628229
2329,PS,Olive Pomace,5.1109,94.8891,57.7255,6.3284,35.383,0.4661,0.0971,4.6668,7.0288,79.167,206.1933,0.3213,9.1374,962.4172,16.5243,27.3927,4.6899,0.276,51.0921,270.7335,248.3386,2.483386,5.3349126,0.603237359
2330,PU,Sugarcane Straw,29.1857,70.8143,49.6756,6.6372,42.266,1.3716,0.0496,8.4917,5.466,78.5463,154.7214,0.2918,7.496,981.9299,19.631,27.678,5.4716,0.2096,46.9942,216.3434,204.0874,2.040874,5.6826128,0.709263675
2331,PU,Soybean Cake,23.4611,76.5389,58.1906,6.9739,26.6995,8.0961,0.0399,3.9571,25.3986,62.6638,220.6738,0.3906,7.9805,715.5995,9.9892,19.1433,7.4185,2.5966,60.8402,270.0715,230.2371,2.302371,4.4204722,0.521811809
2332,PET,Banana Stems,72.3166,27.6834,55.7449,4.6384,39.3678,0.2489,0,0.9848,2.7139,89.3625,230.9144,0.3825,6.9388,928.9061,10.5603,26.1835,7.759,0.2266,55.2701,303.3608,256.768,2.56768,4.5207562,0.403318884
2333,PU,Sunflower Seed Hulls,94.6029,5.3971,66.2464,8.0004,21.538,4.0543,0.1608,0.054,1.1342,96.501,345.1342,0.3724,2.3108,987.8671,17.1638,26.8752,2.1953,0.2554,53.4827,428.2225,402.0582,4.020582,5.3313988,0.638648271
2334,PE,Sugarcane Straw,35.0765,64.9235,58.1248,7.7981,33.8101,0.2073,0.0596,7.7853,4.8508,80.8831,245.1252,0.3557,6.4808,863.9679,15.9557,23.9101,5.2308,1.0766,53.812,306.8014,279.8443,2.798443,5.121311,0.667320505
2335,PU,Durian Shell,28.5373,71.4627,61.8453,8.4158,26.2336,3.3853,0.12,4.7927,3.314,79.4041,305.9172,0.377,12.4892,688.126,10.5048,16.607,7.8332,3.1401,61.8848,358.795,307.4161,3.074161,4.3511562,0.632552538
2336,PET,Sunflower Seed Hulls,20.4365,79.5635,73.1736,3.3521,22.2746,1.1997,0,0.7956,8.3971,76.4779,315.2901,0.4055,14.3294,688.8045,3.7173,21.6476,8.9913,2.021,63.6213,384.9779,305.5276,3.055276,3.852584,0.171718805
2337,PET,Safflower Seed,3.3617,96.6383,49.931,6.8107,40.3581,2.9002,0,1.3593,9.13,62.9181,208.7763,0.3698,26.5926,916.7658,6.9574,7.9389,13.5144,0.0083,71.5806,230.2181,181.9166,1.819166,1.754672,0.876368263
2338,PET,Durian Shell,69.648,30.352,61.6054,5.5891,31.8251,0.9501,0.0304,2.0356,1.4811,87.8074,237.1193,0.3239,8.6759,872.7658,13.8242,28.6427,4.3638,0.9924,52.1684,312.6955,280.3707,2.803707,5.457273,0.482643047
2339,PE,Elephant Grass,91.5513,8.4487,82.2576,10.6931,6.5303,0.3634,0.1556,0.0515,0.9901,97.5597,492.9805,0.39,1.3987,954.8585,17.5,25.2798,1.422,0.5355,55.2422,577.9112,548.2287,5.482287,5.2669638,0.692252312
2340,PET,DDGS,46.2295,53.7705,56.8485,5.8582,34.1686,2.694,0.4308,6.6219,4.7291,79.6694,216.6262,0.3463,8.9796,747.156,10.8322,23.0448,7.7087,2.2641,56.0361,280.9638,240.6833,2.406833,4.8840702,0.470049642
2341,PE,Hazelnut Shell,43.7746,56.2254,66.2007,7.8287,25.0172,0.879,0.0744,0.6031,4.8142,90.749,328.6085,0.3789,3.8337,679.6151,9.8323,20.7281,6.5986,3.5347,59.2871,397.257,341.2921,3.412921,4.9390516,0.474346419
2342,PET,Nectarine Stone,2.54,97.46,48.9154,6.1721,44.2002,0.4881,0.2242,1.6075,8.159,71.171,213.3229,0.407,19.0625,775.9836,6.5828,9.2613,15.8203,0.7925,67.4692,249.5102,194.5771,1.945771,2.1615812,0.710785743
2343,PU,Cotton Husk,69.2426,30.7574,60.9873,8.3164,27.2393,3.3393,0.1177,0.8674,2.26,91.7932,231.8786,0.277,5.0794,754.8672,18.616,27.4797,2.6116,3.2058,48.0562,312.2013,301.5194,3.015194,6.6206466,0.677445533
2344,PE,Plum Stone,62.2369,37.7631,71.7207,9.4629,18.1872,0.4592,0.17,8.0116,2.7778,87.7987,374.338,0.3931,1.4119,693.5219,11.0661,20.9328,5.0857,3.4338,59.4495,440.9688,387.0025,3.870025,5.061972,0.528648819
2345,PE,Nectarine Stone,70.2271,29.7729,74.842,9.7173,14.9565,0.2963,0.1879,0.4911,2.4909,91.2202,401.0962,0.3681,5.7978,990.6077,18.3564,25.3024,1.9024,0.2659,54.144,477.4329,455.0873,4.550873,5.2657858,0.725480587
2346,PET,Sunflower Seed Hulls,4.5297,95.4703,75.3735,3.1559,20.0371,1.4334,0,0.9547,10.0339,72.8368,232.9278,0.2958,16.1746,680.9829,4.6079,21.8944,8.8589,2.4335,62.2032,288.5382,231.4672,2.314672,4.1275406,0.210460209
2347,PS,Cotton Stalk,16.9708,83.0292,53.7033,7.0641,37.0418,1.1174,1.0734,15.3128,8.7439,65.0654,146.7906,0.2729,10.8779,653.6426,12.149,20.1046,9.296,5.1335,52.9706,196.8538,171.3734,1.713734,5.6830646,0.604289566
2348,PE,Pistachio Soft Shell,74.5238,25.4762,75.6749,9.7631,13.8355,0.5998,0.1267,4.973,2.5349,88.6583,469.3817,0.445,3.8338,843.0893,12.4855,20.859,4.3855,1.0823,61.1689,533.2591,471.6879,4.716879,4.3641314,0.598566566
2349,PS,Safflower Seed,46.848,53.152,68.5701,7.6465,22.1888,1.5946,0,0.8413,5.0177,79.6091,230.4694,0.2577,14.5319,857.1582,20.2204,28.5474,1.637,1.7019,47.8911,303.1738,297.8626,2.978626,6.3900558,0.708309688
2350,PS,Açaí Seed,49.2617,50.7383,68.6098,7.4363,23.5578,0.3962,0,7.3084,4.6933,83.5891,212.7025,0.2569,4.4092,869.6337,20.1954,31.1021,0.9015,1.8748,45.9241,288.2735,284.8703,2.848703,6.7711462,0.64932593
2351,PU,Beetroot Pellets,68.1817,31.8183,57.1786,7.3095,31.9914,3.2423,0.2782,0.2573,2.6482,91.8991,310.7265,0.4179,5.1954,991.0722,13.7374,22.6449,5.5382,0.0664,57.9559,376.6715,333.4047,3.334047,4.3606678,0.606644322
2352,PS,Peach Stone,24.5937,75.4063,52.8921,7.3385,36.5718,2.9713,0.2262,1.9506,4.1725,77.0512,293.9435,0.4482,16.8257,673.6539,5.6209,8.051,13.9733,2.2323,70.0624,331.7299,260.6804,2.606804,2.4206466,0.698161719
2353,PET,Cotton Husk,63.1362,36.8638,57.8312,5.832,35.8008,0.536,0,1.0396,2.3435,88.5455,246.5617,0.3611,8.0714,939.5361,13.4827,25.9439,5.9237,0.285,54.364,316.5666,279.1217,2.791217,4.827093,0.519686709
2354,PU,Pistachio Soft Shell,61.3452,38.6548,57.8972,7.2286,31.5208,3.2491,0.1043,7.5454,4.2142,81.5321,225.3592,0.3291,6.7083,804.9066,15.4226,25.0772,4.8262,1.8565,52.7908,291.7945,266.361,2.66361,5.489995,0.615004865
2355,PS,Plum Stone,79.1187,20.8813,81.4343,8.1009,10.2476,0.1817,0.0355,4.5883,1.536,93.1019,378.3851,0.3462,0.7738,989.2677,17.0148,29.6602,0.3032,0.7349,52.2809,466.9894,444.4648,4.444648,5.8378778,0.573657629
2356,PS,Spirulina Sp.,64.6078,35.3922,72.1715,7.6522,17.621,2.3536,0.2017,0.8297,2.0348,91.0978,287.7789,0.2931,6.0377,747.5748,14.8006,25.6796,2.8246,2.9401,53.7102,359.7098,332.2444,3.322444,5.8866502,0.57635633
2357,PE,Nectarine Stone,84.4513,15.5487,80.1632,10.4257,8.9767,0.2551,0.1793,0.2565,1.3008,95.4053,370.169,0.3048,3.0374,927.0531,21.2162,27.1466,0.4647,1.3293,49.8155,456.4556,456.464,4.56464,6.1877106,0.781541703
2358,PS,Rice Straw,35.9415,64.0585,64.9277,6.9549,27.9805,0.1369,0,3.411,5.448,84.6092,347.4952,0.4427,6.5318,850.7069,10.3705,20.9577,6.7549,0.7955,61.1203,409.6622,349.106,3.49106,4.0454732,0.494830062
2359,PP,Rice Husk,47.4779,52.5221,66.3936,8.5674,24.6634,0.3286,0.047,2.2584,4.1492,85.2141,344.9555,0.3894,8.3783,996.9077,15.8758,23.2145,3.9085,0.1,56.8923,407.2279,372.5688,3.725688,4.6754134,0.683874303
2360,PE,Cocoa Pod Husk,77.7443,22.2557,75.1593,9.9537,14.1888,0.5171,0.1811,2.3962,2.7433,92.4843,485.2249,0.4492,2.3762,790.7393,11.6133,20.1972,4.829,1.6454,61.6882,551.4673,483.3932,4.833932,4.3881368,0.574995544
2361,PS,Cotton Stalk,61.8674,38.1326,73.4385,7.8389,17.7164,0.5132,0.493,7.1408,4.0158,83.8475,371.0329,0.4038,4.9959,733.2066,10.145,22.5585,4.8817,2.4461,59.8852,439.5594,380.8678,3.808678,4.8137348,0.449719618
2362,PS,DDGS,70.2599,29.7401,78.9209,8.102,11.2566,1.4822,0.2383,3.8031,2.562,89.9724,271.6294,0.2563,3.6625,737.1573,16.026,23.2883,2.7711,3.2885,54.5708,327.8929,307.524,3.07524,5.8424168,0.688156714
2363,PP,Sorghum Stalk,29.7562,70.2438,57.5647,8.9359,31.3595,0.9139,1.226,3.5586,7.0351,74.2454,232.9883,0.3138,15.1609,887.8234,19.0563,20.6814,5.1321,0.8499,53.9897,282.4665,266.0707,2.660707,4.968201,0.921422147
2364,PS,Soy Peel,31.9067,68.0933,59.4523,7.2738,31.299,1.9749,0,4.9808,7.7196,81.178,270.3511,0.3886,6.1216,791.5844,12.2271,21.9076,6.4754,1.7039,57.6838,332.1279,290.0493,2.900493,4.6908806,0.558121383
2365,PET,Castor Seed Hull,90.1489,9.8511,60.4026,4.4475,35.1006,0.0493,0,0.1982,0.5114,92.7984,279.0229,0.4062,6.492,743.5889,6.9152,23.236,9.2361,1.8169,58.7941,357.1147,291.3357,2.913357,4.3250278,0.297607161
2366,PS,Castor Seed Hull,12.4606,87.5394,49.9582,5.8647,43.9845,0.1926,0,1.7862,2.8621,78.5179,198.8075,0.3578,16.8338,966.0597,10.5692,17.2344,11.8598,0.024,60.3121,245.44,202.5555,2.025555,3.3216,0.613261848
2367,PET,Açaí Seed,9.1217,90.8783,48.9723,6.2173,44.098,0.7124,0,12.9138,8.4254,70.2983,208.1105,0.4479,8.3625,863.2599,9.6226,16.8841,11.6542,0.4199,61.4184,254.4331,208.7035,2.087035,3.3169616,0.569920813
2368,PP,Rice Straw,17.3867,82.6133,56.8006,7.439,35.5839,0.1765,0,4.3063,7.0261,80.1569,257.1245,0.3851,8.5107,965.0766,14.8034,22.4492,6.0971,0.1399,56.5097,313.2602,279.4844,2.794844,4.4774506,0.659417708
2369,PS,Soybean Cake,13.4023,86.5977,60.4899,6.8314,24.6334,8.0453,0,4.5039,28.5773,58.285,148.4108,0.2657,8.6338,840.8389,19.064,29.4563,1.7412,1.884,47.8521,205.7105,199.5224,1.995224,6.4448778,0.647196016
2370,PE,Elephant Grass,2.1844,97.8156,42.8829,5.3312,49.7958,1.9865,0.0037,0.5961,11.4635,71.9585,167.9467,0.4163,15.9819,800.3371,5.6203,8.5088,19.2117,0.3306,66.3266,207.9186,157.5183,1.575183,1.797456,0.660527924
2371,PU,Castor Seed Hull,60.3083,39.6917,57.1722,7.1726,32.9324,2.6203,0.1025,0.7986,1.6595,89.0107,201.8672,0.2734,8.5312,781.0456,17.9233,27.3593,4.069,2.4447,48.1735,276.57,261.4249,2.614249,6.2581908,0.655108135
2372,PET,Corn Cobs,96.1157,3.8843,61.604,4.4022,33.9442,0.0496,0,0.0234,0.7376,93.6942,179.1377,0.2546,5.5448,785.1228,12.9433,35.654,2.9356,2.3163,46.1487,264.1142,238.324,2.38324,6.7195158,0.363025187
2373,PS,Chlorella Vulgaris,74.5462,25.4538,80.5024,7.9887,8.8363,2.5326,0.14,0.6392,2.335,92.906,280.73,0.2505,4.1198,819.8349,18.6805,26.1732,1.1491,2.2962,51.67,347.076,337.2574,3.372574,6.1373568,0.713726254
2374,PP,Cotton Husk,73.1457,26.8543,76.1181,12.386,11.1195,0.3764,0,0.7573,1.6106,93.7322,463.9632,0.3817,3.8999,654.804,11.2308,15.4508,5.8773,4.431,63.0027,514.754,452.4199,4.524199,4.7460252,0.726874984
2375,PET,Pistachio Soft Shell,99.7804,0.2196,62.1334,4.3363,33.496,0.0344,0,0.0429,0.2314,94.604,259.1903,0.3637,5.1217,759.5271,8.3652,28.5128,6.2319,1.9156,54.9727,343.5434,289.4235,2.894235,5.1818392,0.293384024
2376,PU,Cotton Stem,96.7622,3.2378,65.1414,8.2074,22.3785,4.1009,0.1719,0.151,1.0519,96.632,345.5175,0.3766,2.1651,749.4164,13.0134,23.8323,4.1329,2.499,56.489,424.988,381.1337,3.811337,5.302959,0.546040458
2377,PS,Rubber Wood,34.1072,65.8928,64.3416,7.2113,28.3144,0.1327,0,3.2556,4.5971,82.34,290.7017,0.3662,9.8073,694.0574,10.0215,20.6085,7.3045,3.1056,58.9556,353.9839,302.7889,3.027889,4.7907978,0.486279933
2378,PU,Chlorella Vulgaris,43.1959,56.8041,57.9703,7.2689,26.9087,7.4662,0.3859,1.0938,5.4701,83.5986,289.0128,0.3887,9.8375,696.4388,9.6243,17.4313,8.1219,2.8498,61.8833,349.2063,295.6566,2.956566,4.2559966,0.552127495
2379,PS,DDGS,19.4737,80.5263,59.6592,7.4275,28.2548,4.0133,0.6452,9.9559,6.9369,73.1902,188.8209,0.2768,9.917,960.777,21.3554,28.2528,2.2893,0.5491,47.4011,254.1365,250.1607,2.501607,6.0628138,0.755868445
2380,PET,Soybean Cake,56.7955,43.2045,59.4575,5.3014,31.2099,4.0313,0,2.2337,14.3768,76.1854,186.3016,0.3063,7.2041,658.8603,8.1387,19.9911,9.8335,3.8036,58.2281,242.2518,200.9996,2.009996,4.759547,0.407116167
2381,PS,Cocoa Pod Husk,53.1099,46.8901,65.4235,7.1386,26.5892,0.7456,0.1032,5.1548,5.7798,84.0919,316.9374,0.4042,4.9735,732.3656,9.9279,21.8847,6.4212,2.378,59.3658,383.6896,328.5563,3.285563,4.6810094,0.453645698
2382,PS,Cotton Stalk,43.6288,56.3712,65.4214,7.5241,25.5671,0.7586,0.7288,10.4606,5.9365,76.2175,257.9859,0.3423,7.3854,904.9168,16.4101,26.4775,3.1602,0.7984,53.0093,323.0717,299.6629,2.996629,5.394283,0.619775281
2383,PE,Sunflower Seed Hulls,84.2414,15.7586,84.4073,9.9235,5.1127,0.4133,0.1432,0.1576,1.6547,95.5392,457.0705,0.3632,2.6485,791.3615,14.5795,25.4735,1.6146,2.2788,56.0319,541.3622,501.2271,5.012271,5.6000574,0.572339883
2384,PE,Durian Shell,96.3263,3.6737,85.037,11.0997,3.3812,0.3147,0.1674,0.2464,0.1616,98.9525,536.6354,0.4032,0.6395,669.6211,9.5378,16.774,5.5927,3.6329,64.4346,593.2244,511.5252,5.115252,4.4441846,0.568606176
2385,PET,Corn Cobs,18.4455,81.5545,50.2875,5.7742,43.5086,0.4297,0,0.4921,11.2876,73.7809,140.2964,0.2716,14.4394,885.4243,16.0433,24.3681,8.9681,0.7463,49.8729,194.6948,173.26,1.7326,5.0702324,0.658373037
2386,PP,Cocoa Beans Husk,33.2565,66.7435,57.3208,8.5372,32.1864,1.762,0.1936,5.3395,7.4159,78.1792,205.5199,0.2901,9.0654,967.9303,22.5794,26.0984,3.0752,0.4248,47.7764,268.6494,266.6014,2.666014,5.879052,0.865164148
2387,PP,Sugarcane Straw,84.1187,15.8813,78.8129,12.597,8.5574,0.0327,0,1.9044,1.1866,94.9048,317.2917,0.253,2.0042,826.1996,25.2896,23.7026,0.877,2.5955,47.5316,388.7784,409.7416,4.097416,6.6469934,1.06695468
2388,PE,Colza seed,16.1665,83.8335,50.9544,7.2598,37.1973,4.561,0.0275,7.6744,6.7806,69.3299,190.8043,0.3306,16.2151,985.6019,15.8407,19.2748,7.3383,0.055,57.4825,233.9057,209.1888,2.091888,4.1591104,0.821834727
2389,PET,Banana Stems,51.027,48.973,50.8038,4.8728,43.9066,0.4168,0,1.7422,4.6395,85.2655,158.9517,0.3037,8.3528,939.7682,14.3723,29.0179,7.6023,0.313,48.6936,228.2552,200.9892,2.009892,5.3205178,0.495290838
2390,PS,Plum Stone,5.2014,94.7986,50.4036,6.6987,41.9118,0.8247,0.1612,20.1224,6.9733,69.3913,155.5246,0.335,3.513,911.0097,17.1709,26.972,5.8149,0.656,49.3419,211.6981,194.4454,1.944454,5.4877772,0.636619457
2391,PET,Cotton Stem,41.5464,58.4536,54.3238,5.3289,39.5356,0.6785,0.1332,2.7269,8.5976,73.4965,230.8718,0.4101,15.179,978.4132,8.1988,17.4132,11.3488,0.0108,62.9914,278.9235,225.7147,2.257147,3.0834,0.470838215
2392,PP,Safflower Seed,41.7271,58.2729,64.5498,9.7982,23.9038,1.7482,0,0.8197,5.5011,77.5386,295.069,0.3247,16.1406,985.1557,20.47,21.5677,3.4511,0.1937,54.3164,347.9007,335.8266,3.358266,4.9976348,0.949104448
2393,PP,Durian Shell,37.1783,62.8217,69.6975,10.4702,17.8471,1.9223,0.0628,4.2132,2.7628,82.2328,259.4827,0.2586,10.7912,751.9993,21.29,23.9531,2.0885,3.4826,49.168,326.5295,326.8033,3.268033,6.5641814,0.888820236
2394,PS,Açaí Seed,86.5814,13.4186,84.4904,8.2165,7.1884,0.1048,0,2.08,1.2412,95.5127,476.1021,0.405,1.1661,962.7755,14.2681,27.3915,1.3004,0.4299,56.6093,563.4526,516.3268,5.163268,5.146188,0.520895168
2395,PS,Cherry Stone,74.1101,25.8899,79.4223,7.9049,12.5123,0.1113,0.0492,0.4114,1.9621,92.147,288.5818,0.2629,5.4795,823.0104,18.0826,27.4208,1.2165,2.2104,51.0575,359.8805,347.0612,3.470612,6.1992648,0.659448302
2396,PP,Safflower Seed,78.3504,21.6496,77.7543,12.3447,9.2516,0.6495,0,0.3045,2.0438,91.3409,374.5216,0.3019,6.3108,944.2855,24.3249,25.6649,0.5391,1.1222,48.3471,460.0442,476.487,4.76487,6.2626142,0.947788614
2397,PS,Cotton Stalk,96.4814,3.5186,88.6537,8.4363,2.8172,0.0474,0.0455,0.8405,0.3706,98.3279,363.372,0.2853,0.461,733.3128,13.7443,22.1316,2.7843,3.08,58.2476,418.8538,382.9358,3.829358,5.375606,0.621026044
2398,PET,Hazelnut Shell,22.1148,77.8852,53.3155,5.0114,40.576,1.0971,0,0.8354,6.7152,86.0232,226.5444,0.4039,6.4262,976.1867,10.5823,24.4046,8.3205,0.0521,56.64,292.88,246.9174,2.469174,4.2365198,0.433619072
2399,PET,Corn Cobs,20.6121,79.3879,50.6032,5.7359,43.2418,0.4191,0,0.479,10.9933,74.3364,157.2347,0.3016,14.1913,813.7641,12.9794,21.3302,10.6473,1.3871,53.6542,210.6885,180.4125,1.804125,4.5859622,0.608498748
2400,PE,Cotton Husk,48.9503,51.0497,67.8167,9.7697,21.5121,0.8183,0.0832,1.4397,3.0617,88.7705,283.159,0.2916,6.7281,763.4825,19.1601,25.8209,2.2055,3.0426,49.7509,360.0502,350.563,3.50563,6.411975,0.742038426
2401,PE,Coconut Shell,19.2119,80.7881,53.6927,7.0318,39.049,0.1938,0.0327,3.0699,11.5527,81.4149,210.0152,0.357,3.9625,910.4675,16.2433,25.7525,5.579,0.6134,51.8027,273.4726,249.0782,2.490782,5.2186886,0.630746529
2402,PS,Nectarine Stone,64.4131,35.5869,75.3854,7.6867,16.6681,0.1779,0.0818,0.7158,2.9773,89.3936,278.6592,0.2748,6.9133,674.9209,11.8228,19.0349,5.8813,4.1019,59.1338,327.8629,289.4393,2.894393,5.14374,0.621111747
2403,PS,Pistachio Soft Shell,93.6894,6.3106,87.3814,8.3117,4.1971,0.1098,0,1.4192,0.6279,97.0069,527.501,0.4258,0.946,665.3958,6.5451,16.7879,6.9502,3.0818,66.6313,586.6134,486.0069,4.860069,3.9254306,0.389870085
2404,PET,Soybean Cake,36.0484,63.9516,58.155,5.7661,30.1265,5.9524,0,3.3063,21.1797,67.2996,203.8234,0.3652,8.2144,917.517,13.125,25.2477,5.2075,0.4369,55.982,260.3816,229.9422,2.299422,4.7551204,0.519849333
2405,PU,Beetroot Pellets,35.1788,64.8212,48.3503,6.303,42.7074,2.2489,0.3904,0.5243,4.7727,85.6642,144.7836,0.2615,9.0388,893.6309,19.4575,27.6483,6.3313,0.9327,45.4987,211.9162,199.0485,1.990485,5.9190024,0.703750321
2406,PU,Sorghum Stalk,5.504,94.496,46.8054,6.9327,43.1426,1.4606,1.6586,4.7873,9.4971,65.4385,190.1258,0.3763,20.2771,868.6193,9.2859,10.6546,13.1654,0.1602,66.1716,219.9708,177.8662,1.778662,2.4027084,0.871539054
2407,PU,Sugarcane Straw,61.9235,38.0765,57.0791,7.3967,32.7397,2.6792,0.1053,4.5659,3.2164,87.4983,215.398,0.3051,4.7194,769.8401,16.5122,26.8167,4.2144,2.5296,49.8983,289.0357,268.9002,2.689002,6.0678186,0.615743175
2408,PE,Banana Stems,14.4392,85.5608,45.7502,6.2671,47.227,0.7312,0.0245,3.0437,7.9184,78.9884,211.6813,0.4439,10.0495,991.515,9.2434,16.0599,12.3536,0.0065,62.329,257.5685,209.2804,2.092804,3.0241616,0.575557756
2409,PU,Cocoa Pod Husk,65.8828,34.1172,56.0246,7.3657,33.1131,3.3095,0.1871,3.6733,4.6006,87.1258,175.9051,0.2553,4.6003,833.6916,21.2713,30.6033,2.3017,2.0353,43.7381,254.5977,252.3943,2.523943,6.8819536,0.695065565
2410,PP,Safflower Seed,14.8165,85.1835,54.8473,7.9271,34.6701,2.5555,0,1.1982,8.0416,67.3967,247.5888,0.364,23.3635,968.7592,12.2838,13.8386,8.7377,0.0243,65.1151,276.2731,236.2215,2.362215,3.0790134,0.887647594
2411,PP,Plum Stone,70.5933,29.4067,74.5795,11.718,13.3966,0.2558,0.05,6.2388,2.1631,90.1554,390.9908,0.3567,1.4427,972.278,21.3105,25.1092,1.3405,0.5139,51.7178,468.7461,464.3605,4.643605,5.6492694,0.848712822
2412,PU,Castor Seed Hull,89.2566,10.7434,63.3845,7.9803,24.7111,3.7724,0.1517,0.2162,0.8867,95.5013,316.8881,0.3597,3.3958,848.1944,15.7909,25.5625,3.3102,1.3678,53.9395,396.4927,366.1014,3.661014,5.4159646,0.617736919
2413,PE,Sorghum Bagasse,60.2826,39.7174,78.9688,10.1846,10.5301,0.1584,0.1581,2.4115,3.5879,88.346,299.8026,0.2644,5.6546,862.2244,22.2933,26.1942,0.7552,2.0069,48.7203,372.5992,377.9116,3.779116,6.4266158,0.851077719
2414,PET,Rice Husk,80.5569,19.4431,59.6225,4.2283,35.9855,0.1463,0.0174,0.8361,1.7052,90.3366,272.7051,0.4166,7.1221,990.8628,8.5722,25.6265,7.5449,0.0267,58.2253,346.3561,287.6542,2.876542,4.1642952,0.334505297
2415,PS,Nectarine Stone,97.4418,2.5582,89.1354,8.4387,2.4072,0.0128,0.0059,0.2371,0.214,99.0519,433.5132,0.3358,0.497,780.7766,13.1158,25.1224,1.857,2.2932,57.6082,507.4353,461.8699,4.618699,5.4028944,0.522075916
2416,PE,Cocoa Pod Husk,39.8145,60.1855,56.7178,7.8296,34.2119,1.0406,0.2001,6.4801,7.4186,79.7096,177.3891,0.2665,6.3917,898.1612,22.3676,29.1525,2.702,1.1905,44.5364,246.9075,246.0727,2.460727,6.5151148,0.767261813
2417,PS,Spirulina Sp.,52.8964,47.1036,66.2056,7.3726,23.0209,3.1324,0.2685,1.0381,2.7081,88.2182,260.2806,0.2972,8.0356,986.4067,20.0338,29.5729,1.2774,0.4669,48.594,341.7712,333.7034,3.337034,6.056986,0.677437789
2418,PE,Safflower Seed,76.8188,23.1812,77.5247,10.2025,11.2854,0.8568,0.1306,0.3261,2.1884,91.1323,336.4163,0.291,6.3532,859.1897,20.8215,26.6559,0.8022,1.9547,49.7419,417.9339,416.43,4.1643,6.307148,0.781121628
2419,PS,Hazelnut Shell,86.3304,13.6696,84.8147,8.0468,6.9471,0.1914,0,0.3193,1.1704,97.5804,456.0829,0.3812,0.9299,737.7415,10.3328,23.9753,3.2387,2.5428,59.9077,532.6948,467.4978,4.674978,5.0471526,0.43097688
2420,PS,Cocoa Pod Husk,3.6984,96.3016,39.3142,5.7071,53.2356,1.5312,0.2119,10.376,11.8704,67.5391,124.7544,0.38,10.2145,665.7375,6.6529,10.1046,20.2982,2.8143,60.0354,168.2391,129.1464,1.291464,2.9992122,0.658403104
2421,PE,Colza seed,55.6977,44.3023,67.4705,9.1178,20.8077,2.5093,0.0947,4.0556,3.5833,83.7827,265.2372,0.2887,8.5784,951.6661,22.6213,27.5062,1.2296,0.7965,47.8272,341.4845,344.2506,3.442506,6.1940286,0.822407312
2422,PS,Pistachio Soft Shell,78.6436,21.3564,80.6604,7.8698,11.0982,0.3716,0,4.3261,2.125,90.3476,385.5799,0.3602,3.2013,790.211,12.7563,27.1862,1.8595,2.1631,56.0327,466.6106,422.8334,4.228334,5.5775314,0.469219678
2423,PE,Cotton Stalk,94.4441,5.5559,83.7723,10.9539,4.7683,0.2731,0.2324,1.0224,0.5851,97.6457,465.213,0.3607,0.7468,998.9889,19.7033,26.8886,0.4941,0.5421,52.3418,557.8936,545.9089,5.459089,5.7099918,0.732775228
2424,PE,Nectarine Stone,20.5342,79.4658,56.2519,7.2426,35.8474,0.4405,0.2177,1.3107,6.6483,76.5996,245.4948,0.3619,15.4414,676.9826,9.1301,14.5961,11.113,3.1003,61.9979,293.9052,243.5437,2.435437,3.9350668,0.625516405
2425,PS,Durian Shell,81.7533,18.2467,84.7464,8.4921,6.1849,0.5583,0.0182,1.3872,0.8025,94.73,532.7596,0.442,3.0803,871.3902,11.5233,23.7456,3.0882,0.847,60.7926,610.5627,538.5816,5.385816,4.539688,0.485281484
2426,PP,Safflower Seed,67.3494,32.6506,73.7879,11.5798,13.6528,0.9795,0,0.4593,3.0823,87.1949,445.3171,0.3912,9.2635,927.5949,17.7603,20.8207,3.1494,0.5118,57.7566,504.67,474.5232,4.745232,4.724745,0.853011666
2427,PS,Safflower Seed,4.029,95.971,51.1448,6.9614,39.0147,2.8791,0,1.358,9.0599,63.3434,165.3256,0.2815,26.2387,931.0455,14.4736,14.4628,9.9862,0.1033,60.9732,195.7226,169.804,1.69804,3.422443,1.000746743
2428,PET,Rice Straw,76.9151,23.0849,59.5331,4.739,35.655,0.0729,0,1.2033,2.1248,90.3954,237.2565,0.3559,6.2765,749.1561,9.0499,26.7288,7.323,2.0985,54.7977,315.2419,265.8336,2.658336,5.096481,0.338582353
2429,PE,Cocoa Pod Husk,87.8431,12.1569,80.0693,10.5192,8.8576,0.3778,0.1761,1.3089,1.4985,95.8856,357.5514,0.2975,1.307,915.0785,21.5459,26.8502,0.5049,1.4447,49.6258,440.9432,442.7906,4.427906,6.227285,0.802448399
2430,PE,Peach Stone,89.2107,10.7893,81.0972,10.7426,7.3637,0.6125,0.184,0.2721,0.597,96.7056,408.6386,0.3266,2.4253,942.7159,20.5493,27.1757,0.4106,1.1739,50.6641,500.0301,495.9839,4.959839,6.0637188,0.756164515
2431,PE,Cocoa Beans Husk,56.1211,43.8789,67.2306,8.87,22.4005,1.2763,0.2227,3.5103,4.8754,85.7526,282.6572,0.3158,5.8617,889.2808,19.6421,27.0749,1.9078,1.2185,50.1139,358.1917,348.0399,3.480399,5.9690072,0.72547267
2432,PS,DDGS,54.6028,45.3972,72.9826,7.8941,16.4971,2.2626,0.3637,5.7,3.9107,84.7985,244.5786,0.2613,5.5908,713.7492,15.0921,22.5952,3.7873,3.6645,54.7726,299.8717,277.0442,2.770442,5.788833,0.667933897
2433,PE,Rice Straw,38.2188,61.7812,64.2132,8.0428,27.4668,0.2123,0.065,3.2204,5.2544,85.218,208.3556,0.2551,6.3072,712.4476,16.9421,24.7257,4.2409,3.9578,50.1115,271.4337,255.4854,2.554854,6.3620774,0.685202037
2434,PP,Banana Stems,0.8044,99.1956,39.3358,5.5023,54.3493,0.8126,0,3.5288,9.1803,75.6392,146.2916,0.4132,11.6517,665.9168,4.8611,7.2176,22.3501,2.186,63.3825,191.2012,142.5548,1.425548,2.2170044,0.673506429
2435,PP,Elephant Grass,49.9151,50.0849,63.7032,9.5177,25.7644,1.0148,0,0.3052,5.8697,85.3925,293.0243,0.3314,8.4326,820.3932,18.1069,23.0545,3.7513,1.769,53.3155,358.0787,338.7427,3.387427,5.4937142,0.785395476
2436,PE,Coconut Shell,70.1862,29.8138,74.0648,9.6618,15.9501,0.204,0.1193,1.1329,4.2634,93.1288,335.1527,0.3196,1.4749,658.4357,11.4843,16.5719,6.2434,4.486,61.1837,382.6015,336.4355,3.364355,4.9343518,0.692998389
2437,PET,Elephant Grass,81.1835,18.8165,58.3596,4.4966,36.7376,0.4061,0,0.1147,2.3757,90.2949,271.53,0.42,7.2147,670.3629,5.3047,19.1434,12.1122,2.6367,60.8001,346.1815,274.6137,2.746137,3.9289146,0.277103336
2438,PE,DDGS,56.5357,43.4643,71.3297,9.4479,16.4932,2.2849,0.4443,5.3527,3.7442,85.5391,393.3679,0.4046,5.364,854.8329,14.4078,22.1376,3.7487,1.1147,58.5215,458.4493,415.3919,4.153919,4.7444426,0.650829358
2439,PS,Olive Pomace,54.2234,45.7766,74.5338,7.4508,17.7437,0.2249,0.0468,2.3549,3.3909,89.8461,368.5153,0.3792,4.4081,754.6375,11.2379,25.4379,3.5526,2.3314,57.4297,446.283,394.1209,3.941209,5.2535098,0.44177782
2440,PS,Castor Seed Hull,36.8375,63.1625,61.1644,6.5977,32.099,0.139,0,1.3445,2.0651,84.4443,284.9612,0.375,12.1461,744.7924,9.9773,19.5994,8.4998,2.1055,59.8153,346.2446,292.5668,2.925668,4.3008418,0.509061502
2441,PS,Soybean Cake,50.2395,49.7605,73.1283,7.5399,14.7089,4.6229,0,2.6731,16.421,75.9448,320.7922,0.3828,4.9611,791.9271,12.133,24.9638,3.1514,1.8554,57.8943,387.2678,345.2722,3.452722,5.120036,0.486023762
2442,PE,Soy Peel,1.0878,98.9122,45.4898,6.7496,44.8877,2.871,0.0018,7.1424,11.2135,72.7517,205.9884,0.4481,8.8924,871.532,10.3025,15.29,11.7324,0.3346,62.3392,249.5294,205.8407,2.058407,3.1589968,0.673806409
2443,PP,Safflower Seed,33.8797,66.1203,61.7205,9.2526,27.0434,1.9836,0,0.93,6.242,74.5811,235.5061,0.2801,18.2469,677.1144,15.5373,18.2863,6.1186,4.344,55.7058,285.6951,262.1032,2.621032,5.5372542,0.849668878
2444,PE,Açaí Seed,16.1192,83.8808,53.8265,7.1791,38.2782,0.6888,0.0274,11.9195,7.759,73.029,148.4483,0.2625,7.2925,755.807,18.1701,27.508,5.1463,2.9556,46.208,210.0185,198.1354,1.981354,6.4864836,0.660538752
2445,PE,Cherry Stone,95.0242,4.9758,84.1186,10.9517,4.5378,0.2209,0.171,0.0506,0.3771,98.5002,363.7373,0.2776,1.0721,814.7314,20.5778,24.2182,1.0783,2.4465,51.6487,435.0727,432.5654,4.325654,6.1497426,0.849683296
2446,PU,Coconut Shell,3.7031,96.2969,46.7432,6.1235,46.7885,0.3385,0.0063,3.6593,13.7927,77.7743,151.4209,0.3361,4.7737,920.7512,16.0348,26.0925,7.9776,0.4537,49.4384,210.7288,188.4348,1.884348,5.181838,0.614536744
2447,PE,Safflower Seed,84.8324,15.1676,80.4476,10.5473,8.2276,0.6332,0.1442,0.2133,1.4319,94.191,391.5203,0.3199,4.1638,828.3685,18.5894,25.9492,1.0566,2.1493,52.2322,474.9554,460.9985,4.609985,6.0467038,0.716376613
2448,PP,DDGS,90.5342,9.4658,82.4092,13.2176,3.8257,0.4718,0.0758,1.1657,0.8154,96.4005,376.5161,0.279,1.6184,724.4403,20.0229,19.5664,2.2722,3.9012,54.219,432.3914,426.87,4.2687,6.0244692,1.023330812
2449,PS,Cotton Stalk,34.4715,65.5285,61.3961,7.3661,29.5087,0.8819,0.8472,12.1274,6.9009,72.3866,233.4311,0.3452,8.5851,710.9925,11.7958,22.101,6.4409,3.0681,56.4,291.5198,255.0374,2.550374,5.1570522,0.533722456
2450,PET,Sorghum Bagasse,86.7589,13.2411,62.9852,4.9043,32.0548,0.0371,0.0186,0.804,1.3783,91.5119,326.681,0.4453,6.3058,776.2746,6.9122,21.3309,9.0111,1.3389,61.4018,400.648,326.5844,3.265844,3.9135372,0.324046337
2451,PP,Durian Shell,19.755,80.245,65.2981,9.5328,22.6333,2.4555,0.0802,5.3817,3.529,77.4439,335.9407,0.3777,13.6454,744.4525,12.8114,17.2958,6.2713,2.3457,61.2572,384.8147,339.5066,3.395066,4.4026626,0.740723181
2452,PP,Rubber Wood,31.6101,68.3899,61.8949,8.8547,29.1127,0.1377,0,3.3082,4.7714,81.5834,249.4926,0.3063,10.337,851.2838,19.41,24.3435,3.7159,1.4637,51.0646,313.0679,300.0617,3.000617,5.6875656,0.797338098
2453,PP,Durian Shell,6.5439,93.4561,61.9623,8.8221,26.2624,2.8598,0.0935,6.2677,4.11,73.8127,284.8858,0.3535,15.8096,743.8362,13.1219,17.2453,6.8046,2.3878,60.4167,331.8745,292.8016,2.928016,4.4449054,0.760897172
2454,PET,Sorghum Bagasse,97.6751,2.3249,62.3131,4.4338,33.2181,0.0317,0.0033,0.1412,0.4151,94.132,226.9853,0.3165,5.3117,898.8508,12.7325,33.8688,2.9594,0.831,49.6067,314.2453,280.8839,2.808839,5.9400768,0.375935965
2455,PP,Cotton Husk,22.025,77.975,58.1443,9.599,31.1638,1.0929,0,2.199,4.6765,82.7526,202.5847,0.2532,10.3719,781.0064,23.1083,24.6581,3.3017,2.7244,46.203,268.356,270.8618,2.708618,6.5779522,0.937148442
2456,PE,Cotton Stalk,31.6973,68.3027,58.8389,8.175,31.0634,0.9858,0.9369,12.5689,7.193,71.2832,242.3708,0.3651,8.9549,951.9341,16.7057,22.8175,4.82,0.2703,55.1893,294.9239,270.6951,2.706951,4.775988,0.732144188
2457,PS,Cherry Stone,99.0757,0.9243,89.8156,8.4759,1.7028,0.004,0.0018,0.2075,0.07,99.5269,496.4635,0.3804,0.1956,973.1449,15.0218,28.6136,0.3347,0.7437,55.2852,591.9192,551.156,5.51156,5.4939126,0.524988118
2458,PP,Olive Pomace,35.1461,64.8539,66.3738,8.8962,24.3451,0.3186,0.0663,3.1826,4.804,85.5925,369.7473,0.4188,6.4209,943.0313,14.6329,21.8277,4.5506,0.2709,58.706,429.9567,386.9572,3.869572,4.4276256,0.670382129
2459,PE,Rice Straw,9.9227,90.0773,54.2439,6.5968,38.9291,0.2133,0.0169,4.6954,7.6609,78.4569,190.6767,0.3195,9.1868,934.656,16.8745,25.933,5.8196,0.4185,50.9488,251.4641,229.9907,2.299907,5.239827,0.650696024
2460,PET,Durian Shell,3.2611,96.7389,60.3707,8.3351,28.2363,2.9612,0.0967,6.4879,4.2612,72.7535,341.7665,0.4474,16.4974,821.3104,9.607,13.3715,9.0595,0.7964,67.1452,378.2938,315.5548,3.155548,3.0074762,0.718468384
2461,PP,Pistachio Soft Shell,29.608,70.392,57.3821,8.0145,33.3786,1.2248,0,13.7405,7.004,68.5557,160.2321,0.2541,10.6998,898.5478,23.0731,27.5846,3.0678,1.1552,45.1173,219.2432,219.7098,2.197098,6.381116,0.836448598
2462,PU,Plum Stone,39.8646,60.1354,55.1843,7.2697,35.1784,2.1975,0.17,12.758,4.6626,79.757,174.6209,0.2884,2.8224,726.2458,16.0429,27.8689,4.4728,3.5699,47.997,243.6785,226.3293,2.263293,6.5221388,0.575656018
2463,PET,Peach Stone,54.5061,45.4939,52.4134,5.5288,40.1121,1.8093,0.1365,1.1471,2.6318,83.29,195.5549,0.33,12.9311,660.4615,8.1842,17.4728,12.8786,3.4866,57.9287,257.4251,209.5863,2.095863,4.3336692,0.468396594
2464,PS,Pistachio Soft Shell,22.3765,77.6235,55.5257,6.2172,36.9065,1.3506,0,15.1969,7.7235,65.4438,142.9711,0.2653,11.6358,904.8539,18.698,28.5565,4.7158,0.8538,47.1744,199.4426,187.7999,1.877999,5.9231634,0.654772118
2465,PET,DDGS,38.5207,61.4793,56.0856,6.0767,34.2693,3.0759,0.4926,7.5713,5.377,77.5158,255.327,0.4162,9.5359,794.6747,9.2315,18.6115,9.4314,1.2822,61.3256,311.7531,259.041,2.59041,3.8010786,0.496010531
2466,PP,Pistachio Soft Shell,98.0201,1.9799,84.7674,13.6859,1.5122,0.0345,0,0.3865,0.197,98.6296,501.3143,0.3528,0.7869,937.2768,21.6749,24.6119,0.7322,0.9823,51.997,590.8039,591.777,5.91777,5.793652,0.880667482
2467,PS,DDGS,8.306,91.694,55.4236,7.2792,31.9927,4.5699,0.7347,11.3089,7.899,69.4998,154.8073,0.2545,11.2923,754.7364,18.2999,25.7006,4.5283,2.9417,48.3183,213.9017,202.8132,2.028132,6.2677934,0.712041742
2468,PP,Sorghum Bagasse,8.8233,91.1767,69.8478,9.1029,20.8486,0.0729,0.1277,5.536,8.2364,73.2303,343.965,0.3892,12.9973,921.1555,15.0307,20.8579,4.4957,0.4164,59.1765,394.4266,356.8284,3.568284,4.4004822,0.72062384
2469,PS,Sorghum Bagasse,55.4616,44.5384,80.4585,8.5622,10.8813,0.0356,0.0624,2.8152,4.0234,86.834,388.1967,0.3571,6.3274,936.1823,16.523,27.3429,1.2457,0.7324,54.1457,467.8585,440.0745,4.400745,5.4918886,0.604288499
2470,PU,Sugarcane Straw,7.7015,92.2985,44.8171,6.1388,48.5176,0.5135,0.0131,11.068,6.9424,72.6714,175.7201,0.4135,9.3182,869.2749,10.5465,16.7426,12.9555,0.3842,59.3661,221.9464,182.2391,1.822391,3.3861332,0.629920084
2471,PS,Sorghum Bagasse,69.0021,30.9979,83.4202,8.5424,7.9692,0.0248,0.0434,2.0201,2.8002,90.7759,430.6305,0.3734,4.4038,662.7503,8.0504,16.6339,6.7086,3.522,65.073,481.5144,406.1747,4.061747,4.2261906,0.483975496
2472,PU,Castor Seed Hull,35.7415,64.2585,51.9001,6.4872,39.9094,1.6425,0.0608,1.2929,2.3153,83.5024,218.605,0.3524,12.8894,929.1795,13.8109,20.7512,8.4358,0.2272,56.7569,274.0926,238.6243,2.386243,4.187566,0.665547053
2473,PU,Pistachio Soft Shell,41.2982,58.7018,53.8557,6.6833,36.6348,2.7559,0.0702,11.4586,6.0886,73.0381,152.8377,0.2678,9.4147,987.1384,21.1267,29.0726,3.6849,0.2802,45.815,214.9223,208.7463,2.087463,6.0451428,0.726687672
2474,PET,Soybean Cake,13.8166,86.1834,56.7592,6.2641,28.9657,8.011,0,4.4557,28.4695,57.7777,131.2647,0.2601,9.2971,850.2498,18.7305,29.5312,2.6492,1.6335,47.4535,186.6461,179.0024,1.790024,6.3286182,0.634261391
2475,PP,Sunflower Seed Hulls,68.8798,31.1202,82.5849,10.5046,6.4437,0.4668,0,0.3112,3.2676,90.8797,382.0967,0.3108,5.5415,701.7277,14.2953,19.6215,3.6495,3.7139,58.7142,436.0781,400.0097,4.000097,5.3457776,0.728552863
2476,PS,Beetroot Pellets,67.1602,32.8398,73.3666,7.4241,18.651,0.3908,0.1675,0.3999,2.311,92.9754,253.5969,0.2575,4.3137,724.266,15.0753,24.2964,3.6267,3.434,53.5237,315.4076,291.3542,2.913542,5.9188508,0.620474638
2477,PS,Cocoa Pod Husk,7.3078,92.6922,41.2215,5.8117,51.2891,1.4738,0.2039,9.9946,11.4255,68.7482,95.4311,0.2664,9.8317,651.4312,11.1646,17.7319,16.7353,4.549,49.7167,145.5044,119.6916,1.196916,5.0685382,0.629633598
2478,PU,Soy Peel,78.4242,21.5758,61.2356,7.9393,26.7723,3.9196,0.1333,1.558,2.9165,92.4174,353.7924,0.4325,3.1081,664.4932,8.2989,17.6111,8.2856,3.4517,62.3226,421.8327,353.2107,3.532107,4.3509884,0.471231212
2479,PE,Beetroot Pellets,16.6325,83.3675,46.7639,6.223,45.5327,1.027,0.4534,0.6743,5.8668,82.5048,138.2607,0.2682,10.9541,967.256,19.067,26.2166,7.6448,0.2144,46.6947,198.4974,183.3731,1.833731,5.4392828,0.727287291
2480,PET,Olive Pomace,57.7046,42.2954,59.5503,5.1279,35.0531,0.2254,0.0433,2.0756,3.2542,87.6544,207.3766,0.3103,7.0158,697.2191,9.6839,26.4424,7.4228,3.2336,53.2016,281.0364,239.5504,2.395504,5.5352324,0.366226212
2481,PP,Rice Husk,62.1571,37.8429,71.7503,10.0438,17.9352,0.2367,0.0338,1.6272,2.9896,89.2068,296.4295,0.286,6.1764,748.827,18.6589,24.4858,2.3688,3.2897,51.1858,367.4099,355.7772,3.557772,6.2780846,0.762029421
2482,PET,Nectarine Stone,55.9738,44.0262,56.1824,5.1641,38.315,0.2373,0.1013,0.7262,3.8009,84.0655,192.0001,0.3074,11.4074,710.5626,10.1235,24.1186,9.279,2.8427,53.6019,260.5713,220.1752,2.201752,5.1499682,0.419738293
2483,PU,Coffee Husk,74.7064,25.2936,59.8412,7.7569,29.1373,3.1377,0.127,0.5733,2.8101,92.2243,353.8133,0.4445,4.3923,655.1872,7.4957,15.9307,9.5783,3.4269,63.5385,419.164,345.5725,3.455725,4.043634,0.470519186
2484,PS,Açaí Seed,95.4888,4.5112,88.2808,8.4027,3.2813,0.0352,0,0.832,0.4173,98.3587,544.2856,0.4299,0.392,981.6633,13.3567,26.522,1.5176,0.2504,58.3527,632.2693,572.5247,5.725247,4.8739388,0.503608325
2485,PU,Durian Shell,18.597,81.403,61.3105,8.4347,26.8698,3.272,0.113,5.4594,3.6915,76.8299,326.6003,0.4107,14.0192,963.6212,13.4441,18.3487,6.1181,0.0866,61.9798,372.1324,327.2595,3.272595,3.7949018,0.732700409
2486,PET,DDGS,8.4143,91.5857,53.1061,6.9303,34.6627,4.5671,0.7338,11.279,7.9073,69.1056,144.09,0.2538,11.7081,943.3297,21.7627,27.4292,3.8514,0.5863,46.1575,202.4746,198.0613,1.980613,6.0163462,0.793413588
2487,PET,Banana Stems,17.843,82.157,43.1022,5.2381,50.9812,0.6785,0,2.9227,7.6409,78.8794,173.1172,0.4266,10.557,661.7002,4.965,9.3304,20.3636,2.4082,62.9297,224.6787,169.6108,1.696108,2.573986,0.532131527
2488,PE,Peach Stone,5.3148,94.6852,43.1294,7.186,45.6494,3.7421,0.2931,2.3875,5.2392,71.2448,133.3149,0.2658,21.1285,730.6758,12.8995,10.9323,13.6321,2.3791,60.0189,167.028,140.9381,1.409381,3.6223336,1.179943836
2489,PU,Peach Stone,18.9896,81.0104,45.465,7.2112,43.0587,3.9897,0.2753,2.0427,4.5965,75.0017,226.7094,0.4176,18.3591,716.4305,6.3425,6.8441,14.9963,1.512,70.2144,258.1667,202.4158,2.024158,2.0886426,0.926710597
2490,PU,DDGS,24.8805,75.1195,55.6115,7.4453,31.5102,4.7889,0.6442,9.2511,6.6204,74.5067,266.0448,0.4161,9.6218,765.5744,10.2857,16.7575,8.7135,1.7561,62.3421,316.1879,267.123,2.67123,3.8509844,0.613796807
2491,PET,Rice Husk,95.582,4.418,61.591,4.3097,34.0384,0.0569,0.0039,0.19,0.5497,93.7008,179.6072,0.2566,5.5595,686.7467,8.9554,25.8677,8.9256,3.3879,52.8582,248.5782,208.6255,2.086255,5.4393816,0.346200087
2492,PE,Colza seed,92.8609,7.1391,82.9973,10.8645,5.3999,0.5805,0.1579,0.6535,0.5774,97.3699,434.5984,0.3394,1.3992,784.4158,16.5193,24.5367,1.6021,2.5249,54.7919,515.0349,487.6407,4.876407,5.7796228,0.673248644
2493,PET,Cotton Stem,85.6289,14.3711,60.2409,4.5783,34.9582,0.1899,0.0327,0.6704,2.2721,89.4795,283.0123,0.4195,7.578,993.8332,8.9486,24.8645,7.368,0.0256,58.7855,354.4218,295.7312,2.957312,4.1085406,0.359894629
2494,PS,Corn Cobs,17.9498,82.0502,55.2467,6.5303,37.7964,0.4267,0,0.531,11.3173,74.571,199.1511,0.3262,13.5807,761.8537,12.3198,20.358,9.0095,2.098,56.2118,252.8464,217.9752,2.179752,4.6467304,0.605157678
2495,PP,Banana Stems,3.4782,96.5218,40.5818,5.7273,52.9002,0.7907,0,3.4337,8.9328,76.2824,105.3292,0.2771,11.3511,801.0613,13.9696,19.5791,15.3163,1.5709,49.5621,156.3755,131.5548,1.315548,4.5380656,0.713495513
2496,PU,Hazelnut Shell,16.0597,83.9403,53.1925,5.6979,39.2327,1.8496,0.0273,0.9003,7.2836,85.8665,246.2431,0.4226,5.9496,663.5746,6.6821,16.8964,12.4439,3.0307,60.9357,311.5312,250.2431,2.502431,3.9356038,0.395474776
2497,PP,Cotton Stalk,25.4574,74.5426,56.2524,8.5733,33.2074,1.0032,0.9637,13.7172,7.8502,68.5393,272.2847,0.4319,9.8933,842.7007,12.1533,16.6779,7.9602,0.8509,62.1578,313.5021,269.8812,2.698812,3.718594,0.728706852
2498,PET,Cotton Husk,38.3355,61.6645,54.9123,6.84,37.3717,0.876,0,1.739,3.7788,84.4118,285.7478,0.4313,10.0704,709.7865,7.8568,14.6361,11.6683,2.2661,63.5696,340.5649,276.9208,2.769208,3.5039468,0.536809669
2499,PET,Beetroot Pellets,86.9185,13.0815,59.1311,4.4509,36.1691,0.1823,0.0667,0.1058,1.1031,92.6399,211.35,0.318,6.1512,899.1137,12.6978,32.4087,4.3332,0.7285,49.814,294.4676,260.6894,2.606894,5.7156616,0.391802201
2500,PE,Soy Peel,68.7156,31.2844,73.1736,9.7924,15.8655,1.0516,0.1168,2.259,3.5466,91.3682,410.021,0.3945,2.8262,733.868,12.626,21.9353,4.1031,2.6969,58.6173,481.5805,430.654,4.30654,5.092946,0.575601884
2501,PE,Hazelnut Shell,21.2137,78.7863,58.2641,6.4759,34.0765,1.1475,0.0361,0.8451,6.7459,87.0451,193.9542,0.2832,5.3639,984.1452,20.1102,31.8721,2.2542,0.4036,45.3501,272.4168,264.3609,2.643609,6.332275,0.630965641
2502,PET,Coffee Husk,87.3443,12.6557,59.6889,4.5713,35.7131,0.0267,0,0.2868,1.3652,92.2527,264.1322,0.392,6.0953,666.9838,5.8796,21.6377,10.6173,2.9874,58.8747,341.8554,275.3796,2.753796,4.4308362,0.271729435
2503,PS,Sunflower Seed Hulls,21.0913,78.9087,78.995,4.2383,15.583,1.1836,0,0.8313,8.2854,77.7055,363.8488,0.4078,13.1778,885.6483,7.5359,25.8198,4.4822,0.4483,61.7132,432.9841,363.2512,3.632512,4.2276634,0.291865158
2504,PET,Hazelnut Shell,39.6607,60.3393,55.3102,4.8587,38.9742,0.8568,0,0.6472,5.2497,87.9756,151.6139,0.2553,6.1275,912.8809,17.2069,35.6072,3.2036,0.9066,43.0745,232.362,217.525,2.17525,6.6694152,0.483242153
2505,PU,Sorghum Stalk,24.9962,75.0038,50.7009,7.2106,38.7113,2.0256,1.3515,3.7998,7.6618,72.1366,157.1768,0.2683,16.4018,797.4707,17.0897,20.3151,8.0589,1.9217,52.1645,206.4572,187.685,1.87685,5.0933588,0.841231399
2506,PET,Peach Stone,18.1737,81.8263,44.6216,6.4833,45.4198,3.2298,0.2455,2.0633,4.5659,74.1857,150.0742,0.2994,19.1851,652.3687,8.3695,9.4496,16.4147,3.366,62.2887,190.0078,151.7441,1.517441,3.2995836,0.885698866
2507,PS,Nectarine Stone,21.1825,78.8175,57.3883,6.7023,35.334,0.3941,0.1813,1.3424,6.594,76.7522,282.9149,0.4188,15.3114,730.1448,7.5353,13.3781,11.9359,1.8399,65.2647,329.8866,266.496,2.66496,3.1581372,0.563256367
2508,PET,Sorghum Stalk,61.286,38.714,55.7959,5.3094,37.6966,0.5224,0.6757,1.9613,4.006,82.6334,202.862,0.328,11.3993,752.9503,10.3885,23.107,9.1471,2.1097,55.0492,268.5912,226.8841,2.268841,4.7887126,0.449582378
2509,PS,Pistachio Soft Shell,14.072,85.928,51.816,5.9733,40.7156,1.4951,0,16.8013,8.5498,61.7683,210.2426,0.4447,12.8806,773.6884,7.0991,13.053,13.556,1.1176,65.1731,250.8744,199.3863,1.993863,2.8114816,0.54386731
2510,PS,Coffee Husk,63.6895,36.3105,72.9042,7.6672,19.4286,0,0,0.9504,3.3907,90.9514,342.2966,0.3536,4.7075,748.4903,12.482,26.3501,3.1185,2.6454,55.401,422.0951,379.1994,3.791994,5.6152218,0.473698392
2511,PE,Sunflower Seed Hulls,82.5174,17.4826,84.2352,9.7839,5.4051,0.4355,0.1403,0.1748,1.8357,95.0534,348.3462,0.2791,2.9361,762.128,17.4363,23.2226,1.9138,2.9497,54.4495,411.1619,393.2685,3.932685,5.8651606,0.75083324
2512,PU,Sugarcane Straw,59.6802,40.3198,56.5718,7.3446,33.3925,2.5896,0.1015,4.835,3.3706,86.8848,259.1758,0.3738,4.9096,864.2185,14.7934,23.7688,5.4821,1.0014,54.9305,325.88,293.0493,2.930493,4.9510572,0.622387331
2513,PET,Sorghum Stalk,50.0212,49.9788,53.9412,5.5934,38.9276,0.6655,0.8723,2.532,5.1106,79.1252,190.9442,0.3224,13.2322,933.8981,13.6714,24.0998,7.8187,0.2585,53.8925,250.3229,218.3689,2.183689,4.605629,0.567282716
2514,PE,Beetroot Pellets,60.4443,39.5557,67.373,8.8385,22.8863,0.5976,0.3045,0.3199,2.7837,91.6884,386.4975,0.4097,5.208,808.0625,12.9334,21.3535,5.0515,1.5359,59.0725,453.7451,402.3428,4.023428,4.6372004,0.605680568
2515,PET,Colza seed,27.6883,72.3117,49.1756,5.9002,41.011,3.9133,0,6.6197,5.9069,72.0775,214.9124,0.4164,15.3959,683.9265,5.6321,9.5206,15.8355,2.1438,66.8653,258.9782,201.3775,2.013775,2.5753428,0.591569859
2516,PE,Banana Stems,39.1587,60.8413,57.373,7.6923,34.2875,0.5806,0.0666,2.1644,5.6307,85.053,297.8568,0.4183,7.1519,938.7945,13.5484,21.0067,6.5108,0.208,58.7115,355.181,312.1,3.121,4.1845354,0.644956133
2517,PS,Plum Stone,38.7386,61.2614,64.4826,7.3349,27.5454,0.533,0.1041,13.0744,4.5063,80.1491,201.2091,0.2789,2.2702,976.7769,21.3344,33.0126,0.4649,0.9371,44.2282,280.2069,280.0145,2.800145,6.7991846,0.64625022
2518,PP,Nectarine Stone,25.0561,74.9439,57.8383,8.1318,33.4829,0.3747,0.1724,1.2361,6.27,77.8097,187.645,0.255,14.6842,856.1533,21.7109,25.0129,4.1884,1.5006,47.5389,247.6838,242.8378,2.428378,6.0336174,0.867988118
2519,PU,Cocoa Beans Husk,60.4714,39.5286,56.8198,7.3353,32.0442,3.5834,0.2174,3.1623,4.7548,85.9115,216.9387,0.3085,6.1714,788.889,16.5423,26.0301,4.3894,2.1912,50.7916,288.1055,267.3424,2.673424,5.8508106,0.635506587
2520,PU,Peach Stone,99.3591,0.6409,65.53,8.2715,21.8293,4.1983,0.1708,0.0162,0.6315,97.7289,408.296,0.4383,1.6234,775.6637,11.0891,20.9573,5.5121,1.8109,60.6008,482.2448,419.0146,4.190146,4.4865448,0.529128275
2521,PU,Elephant Grass,67.4739,32.5261,57.9587,7.2782,31.1555,3.4929,0.1147,0.1982,4.2167,89.2656,259.2209,0.3489,6.3195,714.9329,12.2975,22.4062,6.4089,2.9949,55.8618,329.2348,289.5777,2.895777,5.2234854,0.548843624
2522,PET,Rubber Wood,85.5838,14.4162,60.5534,4.6525,34.7389,0.0552,0,0.6973,1.1855,91.6068,179.9252,0.2612,6.5104,731.2436,11.6279,31.361,5.3509,2.9299,48.7273,257.8674,226.71,2.2671,6.2562034,0.370775804
2523,PE,Chlorella Vulgaris,36.2896,63.7104,64.3949,8.2056,20.572,6.4154,0.4121,1.2267,5.8445,82.6098,241.261,0.2796,10.319,761.1872,17.8526,25.8521,2.4251,2.9393,50.8378,314.0413,300.6481,3.006481,6.2377148,0.690566724
2524,PS,Cocoa Pod Husk,70.4371,29.5629,74.5792,7.6406,17.2451,0.4701,0.065,3.3239,3.644,89.8964,267.7278,0.2765,3.1357,703.5756,13.3115,22.1397,4.4994,3.6415,56.3884,323.5719,292.0138,2.920138,5.5309012,0.601250243
2525,PS,Safflower Seed,62.8876,37.1124,75.0975,7.9032,15.886,1.1134,0,0.6478,3.5035,85.7021,257.4891,0.2533,10.1466,864.3603,20.1702,28.6833,0.8488,1.8884,48.4071,332.0985,328.2278,3.282278,6.4685246,0.703203606
2526,PU,Colza seed,4.9439,95.0561,45.2624,6.588,42.8005,5.3407,0.0084,8.7018,7.718,65.1244,185.8738,0.3951,18.4558,721.3346,6.5565,7.6696,15.4352,1.532,68.8018,218.2031,171.0409,1.710409,2.2229276,0.854868572
2527,PP,Cotton Stalk,49.8961,50.1039,65.8609,10.3032,22.5138,0.6743,0.6477,9.22,5.2765,78.6898,347.1097,0.4006,6.8137,920.391,16.7293,21.0052,4.0615,0.4971,57.6007,401.1861,370.6582,3.706582,4.6313814,0.796436121
2528,PS,Banana Stems,84.9273,15.0727,82.4772,8.0354,9.3639,0.1235,0,0.7061,1.3949,96.1291,420.1116,0.3645,1.7699,650.5543,7.2873,15.3099,7.6474,3.6536,66.0966,468.4044,390.2346,3.902346,4.0240646,0.475986127
2529,PP,Coffee Husk,53.2726,46.7274,65.4701,10.2809,24.249,0,0,1.0591,4.3635,88.253,305.0944,0.324,6.3244,887.0537,20.9665,24.5829,2.5486,1.1678,50.7323,375.937,369.0929,3.690929,5.7798998,0.85288961
2530,PET,Rice Husk,18.0473,81.9527,51.4325,3.8898,44.0862,0.5182,0.0733,3.524,6.5122,76.3407,149.2592,0.3113,13.6231,966.9299,10.0606,25.4603,11.258,0.0518,53.1421,209.995,173.087,1.73087,4.313087,0.395148525
2531,PE,Colza seed,27.2955,72.7045,55.6041,7.7829,32.5833,3.9834,0.0464,6.6557,5.8805,73.3986,220.8486,0.3302,14.0652,778.8162,14.4307,19.0543,7.1757,1.9907,57.3339,270.9763,241.2941,2.412941,4.672028,0.757346111
2532,PP,Coffee Husk,3.9523,96.0477,44.2654,6.5137,49.2209,0,0,2.1769,8.9691,76.382,144.4631,0.3138,12.472,951.1701,15.708,20.5167,10.8369,0.1207,52.8169,192.0928,167.8707,1.678707,4.3247788,0.765620202
2533,PE,Soybean Cake,51.4346,48.5654,71.3675,8.9532,14.9719,4.6199,0.0874,2.5108,16.0266,76.6103,246.3068,0.2846,4.8523,881.1452,20.7644,27.9395,0.7067,1.7439,48.8276,317.2788,315.7937,3.157937,6.3872484,0.743191539
2534,PE,Soy Peel,94.3324,5.6676,83.6599,10.945,4.8722,0.3625,0.1604,0.4093,0.6425,98.4198,435.5919,0.3363,0.5284,788.6431,16.7825,24.5563,1.5235,2.4919,54.6203,515.8166,489.975,4.89975,5.798704,0.683429507
2535,PS,Safflower Seed,18.6591,81.3409,57.0985,7.1955,33.2658,2.4402,0,1.1815,7.6788,68.9008,244.888,0.3553,22.2389,810.9388,10.9332,14.0841,9.8769,1.0386,64.0656,281.9924,237.3825,2.373825,3.327201,0.776279634
2536,PS,Safflower Seed,66.956,33.044,76.7531,7.9683,14.2873,0.9913,0,0.5987,3.1195,87.2475,385.9878,0.3684,9.0343,850.1615,13.8444,25.1118,2.8067,1.2586,56.977,459.8785,417.1199,4.171199,5.1098608,0.551310539
2537,PP,Cherry Stone,1.2105,98.7895,49.0178,6.3025,44.0673,0.4248,0.1877,1.0043,7.4869,70.5944,137.7932,0.2567,20.9144,803.7171,14.4365,17.2657,12.1281,1.5003,54.59,180.5356,155.4878,1.554878,4.2717276,0.836137544
2538,PU,Safflower Seed,40.3642,59.6358,56.0381,7.4552,32.9538,3.4844,0.0686,0.8388,5.8719,76.3833,303.1325,0.431,16.906,821.1372,9.2472,13.1051,10.2369,0.7389,66.6548,342.9393,283.0245,2.830245,2.9144664,0.705618423
2539,PET,Sugarcane Straw,88.9474,11.0526,60.0595,4.5134,35.3772,0.05,0,1.3254,1.0126,92.0236,259.2388,0.3853,5.6384,874.1208,9.8379,27.4579,6.5033,0.6579,55.5422,337.6993,286.5332,2.865332,4.7577168,0.358290328
2540,PS,Plum Stone,38.5985,61.4015,64.4238,7.3322,27.6054,0.5342,0.1044,13.1038,4.5166,80.1042,234.1733,0.3251,2.2754,693.4361,11.6757,22.987,5.9308,3.6723,55.7058,294.0954,258.6321,2.586321,5.472021,0.507926219
2541,PU,Peach Stone,63.2178,36.7822,56.507,7.7947,31.376,4.1045,0.2178,0.9275,2.4145,87.5088,207.2209,0.2758,9.1492,931.6675,21.9754,27.182,2.9344,0.7551,47.0984,280.0785,276.7735,2.767735,6.068601,0.808454124
2542,PP,Açaí Seed,36.376,63.624,61.4386,9.1141,28.9505,0.4968,0,9.041,5.8852,79.363,197.7082,0.2598,5.7108,683.4577,16.9559,21.3816,5.2888,4.8532,51.5126,251.5369,236.2047,2.362047,6.2627644,0.793013619
2543,PET,Elephant Grass,60.6704,39.3296,54.2059,4.6744,40.3043,0.8155,0,0.2397,4.7366,85.5037,238.3674,0.4137,9.52,683.1014,5.6739,16.6148,14.0382,2.3975,61.2728,304.8372,239.7729,2.397729,3.564551,0.341496738
2544,PP,Safflower Seed,23.3488,76.6512,57.9236,8.5204,31.2565,2.2995,0,1.0782,7.2361,70.6123,283.7325,0.3777,21.0734,821.9148,12.0743,13.6154,8.6351,0.9716,64.702,316.9113,271.7506,2.717506,3.3673976,0.886811992
2545,PS,Sugarcane Straw,71.3164,28.6836,76.6833,7.7693,15.4884,0.0591,0,3.5822,2.1431,91.4145,434.3086,0.428,2.8602,713.8692,8.7343,22.1277,5.1868,2.5982,61.3501,509.1234,434.5503,4.345503,4.6615502,0.394722452
2546,PET,DDGS,82.2226,17.7774,60.4106,4.8376,33.6982,0.9112,0.1424,2.1893,1.7041,89.7239,242.0209,0.354,6.3827,694.7428,7.9134,25.5291,7.7368,2.931,55.8506,320.0214,267.2092,2.672092,5.1206118,0.309975675
2547,PP,Cotton Husk,45.3739,54.6261,66.3537,10.8719,22.0088,0.7656,0,1.5405,3.2761,87.7675,276.3492,0.2804,7.4159,834.2942,23.4798,25.367,1.7281,2.0543,47.3676,351.6731,359.2924,3.592924,6.4674998,0.925604131
2548,PP,Peach Stone,76.6107,23.3893,75.0732,12.2386,11.6963,0.9216,0.0702,0.5898,1.2942,92.514,324.7651,0.2701,5.602,713.1982,20.0605,19.9674,2.7351,4.1988,53.0191,382.652,377.2909,3.772909,6.1855968,1.0046626
2549,PE,Rice Husk,21.7874,78.2126,57.1101,5.4061,36.8418,0.5351,0.107,3.3631,6.1788,78.3308,252.8774,0.4106,12.1273,650.9408,5.4615,14.3016,13.7976,2.9431,63.4645,311.1685,245.1571,2.451571,3.4454734,0.381880349
2550,PP,Safflower Seed,53.5289,46.4711,68.805,10.6188,19.1821,1.3941,0,0.6537,4.387,81.9863,347.7111,0.3433,12.973,670.7312,12.992,17.6008,5.6484,4.2228,59.5289,402.3433,360.2552,3.602552,5.1325992,0.738148266
2551,PET,Rice Straw,91.526,8.474,61.202,4.4824,34.2695,0.0461,0,0.4417,0.9129,93.1135,204.1813,0.2933,5.5319,795.2462,11.9609,34.2528,3.3638,1.9854,48.4352,291.0058,258.8016,2.588016,6.3184032,0.34919481
2552,PU,Sorghum Bagasse,25.8152,74.1848,67.6465,8.5497,22.5125,1.1436,0.1478,4.5043,6.8563,77.7156,265.1438,0.3078,10.9238,907.3095,19.5218,26.083,2.3651,0.9451,51.0547,331.6254,320.3316,3.203316,5.7331582,0.748449181
2553,PS,Sunflower Seed Hulls,54.7954,45.2046,83.7812,6.0573,9.4835,0.6781,0,0.5616,4.7465,87.1427,390.1699,0.3665,7.5492,762.8642,9.179,26.6978,2.746,2.1057,59.2696,466.2995,404.8931,4.048931,5.1090954,0.343811101
2554,PP,Banana Stems,73.5648,26.4352,73.2415,11.6254,14.9166,0.2166,0,0.9404,2.4465,93.1412,385.7858,0.3413,3.4719,908.1108,21.1622,24.7019,1.5865,1.0548,51.4929,464.7495,460.143,4.60143,5.7755754,0.856703331
2555,PU,Beetroot Pellets,75.9009,24.0991,59.2435,7.545,29.485,3.4746,0.2519,0.1949,2.1513,93.3574,302.5835,0.3834,4.2964,658.8917,9.1275,18.7036,8.2616,3.9322,59.9147,371.7141,314.4772,3.144772,4.7501512,0.488007656
2556,PET,Peach Stone,5.1407,94.8593,41.8266,6.8256,47.3238,3.7394,0.2846,2.3919,5.2596,70.92,130.8279,0.2786,21.4285,724.8828,10.4237,8.8336,15.7193,2.0657,62.8156,162.6985,132.23,1.3223,2.9783138,1.180005887
2557,PET,Coconut Shell,29.4911,70.5089,50.779,5.5372,43.5408,0.143,0,2.6793,10.1447,82.217,184.1537,0.3615,4.959,804.4632,11.7125,24.5114,9.1121,1.5103,53.152,249.201,212.83,2.1283,4.8940738,0.477838883
2558,PS,Coffee Husk,57.1658,42.8342,69.7967,7.5182,22.6852,0,0,1.0852,3.9999,89.3616,289.1622,0.3182,5.5533,755.4675,14.244,27.4928,2.8377,2.7603,52.6619,367.3484,336.9973,3.369973,5.9906322,0.518099284
2559,PET,Spirulina Sp.,29.5995,70.4005,46.0412,5.5842,43.2826,4.6907,0.4013,1.3934,4.1097,80.9774,156.3947,0.3114,13.5195,836.1357,12.6369,19.4475,11.4574,0.9884,55.321,212.328,179.9232,1.799232,4.1690174,0.649795604
2560,PP,Hazelnut Shell,86.9553,13.0447,81.0258,12.7221,6.0694,0.1826,0,0.1399,1.1169,97.421,581.0049,0.441,1.3222,842.9215,14.7268,20.201,3.4339,1.2335,60.4031,647.8096,590.5876,5.905876,4.5774134,0.729013415
2561,PET,Peach Stone,53.7393,46.2607,52.2489,5.5489,40.2241,1.8393,0.1388,1.1665,2.6726,83.0979,150.1804,0.2543,13.063,992.7637,18.4337,29.0488,5.777,0.1555,46.5377,216.4854,201.1028,2.011028,5.7066574,0.634576988
2562,PS,Soy Peel,22.5141,77.4859,55.211,7.1051,35.4366,2.2473,0,5.6402,8.7844,78.6094,273.0555,0.4397,6.966,845.8732,10.9737,18.7471,8.4294,0.7947,61.0538,326.4538,277.0263,2.770263,3.8317968,0.585354535
2563,PP,Elephant Grass,45.4785,54.5215,61.767,9.1339,27.9944,1.1047,0,0.3323,6.3896,84.1428,214.1861,0.2558,9.1353,759.9677,21.2321,26.3642,2.684,3.1839,46.531,285.8785,284.274,2.84274,6.7547922,0.8053383
2564,PE,Cotton Husk,48.4282,51.5718,67.631,9.7551,21.7071,0.8245,0.0823,1.4544,3.093,88.6559,323.3443,0.3343,6.7967,828.7013,18.2495,24.1881,2.8918,1.7365,52.917,394.8352,376.2104,3.762104,5.6403136,0.754482576
2565,PP,DDGS,99.2978,0.7022,85.3263,13.8031,0.83,0.035,0.0056,0.0865,0.0605,99.27,446.4322,0.3099,0.583,685.0538,16.2175,16.7414,3.466,4.4143,59.1524,492.3269,463.2272,4.632272,5.4412258,0.968706321
2566,PP,Cocoa Beans Husk,87.8844,12.1156,80.4339,12.8856,6.3255,0.3199,0.0351,0.9692,1.3462,95.6298,574.111,0.4412,2.0548,720.0377,11.9708,17.9675,4.7,2.7173,62.636,636.1032,562.9377,5.629377,4.5295448,0.666247391
2567,PET,Colza seed,95.8394,4.1606,61.4222,4.4237,33.9,0.254,0,0.3809,0.5378,93.3889,232.5701,0.3317,5.6924,896.606,12.0225,32.2088,3.9117,0.734,51.1221,317.1641,279.6069,2.796069,5.6195108,0.373267554
2568,PU,Coffee Husk,44.1678,55.8322,52.7795,7.1253,38.1651,1.855,0.0751,1.2654,5.4787,85.3594,167.0977,0.2623,7.8965,711.0859,16.5992,25.88,6.1298,3.7756,47.5873,236.0739,218.4111,2.184111,6.4052584,0.641391036
2569,PS,Peach Stone,63.5934,36.4066,72.1878,7.9377,18.3308,1.4346,0.1092,1.0452,2.0145,88.8168,382.1392,0.3873,8.1235,962.5661,14.865,24.7041,3.1005,0.2617,57.05,453.6002,413.0605,4.130605,4.8118252,0.601721981
2570,PE,Cotton Stem,57.5116,42.4884,70.1604,9.0061,20.0343,0.6047,0.1946,1.9821,6.1859,82.3274,353.2878,0.3754,9.5046,777.7783,13.4508,21.3437,4.6735,2.0042,58.4915,414.7357,371.4586,3.714586,4.8594962,0.630200012
2571,PU,DDGS,26.1947,73.8053,55.7878,7.4599,31.3379,4.7786,0.6359,9.0893,6.5151,74.9161,174.0321,0.2702,9.4795,829.2397,19.7134,26.5633,3.6574,1.8443,48.054,237.6937,229.0323,2.290323,6.1362824,0.742129178
2572,PU,Cherry Stone,25.2392,74.7608,52.8909,6.7325,38.8101,1.3815,0.185,0.76,5.8172,77.224,253.7727,0.4066,16.1988,676.5976,6.6005,10.5368,14.0188,2.5013,66.2878,298.0273,236.5185,2.365185,2.9359562,0.626423582
2573,PP,Colza seed,48.6697,51.3303,64.3298,10.0772,22.8212,2.7718,0,4.699,4.1517,80.9796,243.0912,0.2712,10.1697,780.5175,21.7759,24.5427,2.3604,2.7489,48.5679,311.1523,311.3528,3.113528,6.4282836,0.887265867
2574,PS,Nectarine Stone,62.3043,37.6957,74.5075,7.6387,17.5786,0.1885,0.0867,0.7464,3.1537,88.777,393.4355,0.3947,7.3229,780.2335,11.1503,23.3421,4.3856,1.8372,59.2684,465.5369,407.6598,4.076598,4.8030546,0.477690525
2575,PP,Rice Husk,89.4302,10.5698,81.7029,12.7869,5.4347,0.0661,0.0094,0.4545,0.835,96.625,456.175,0.3431,2.0855,799.5563,18.8778,24.0737,1.3677,2.4392,53.2371,540.4826,525.992,5.25992,5.9453222,0.784166954
2576,PET,Sugarcane Straw,88.0748,11.9252,59.8928,4.5276,35.5281,0.0515,0,1.43,1.076,91.8131,207.6862,0.3101,5.6809,681.2556,7.8866,24.6133,9.3495,3.2372,54.9097,280.4434,232.207,2.32207,5.1119462,0.320420261
2577,PET,Rice Straw,95.7025,4.2975,61.679,4.4091,33.8734,0.0385,0,0.224,0.5665,93.8905,237.7618,0.3374,5.319,762.6556,9.4248,30.3802,5.328,2.0488,52.8164,322.6422,276.3445,2.763445,5.579254,0.310228372
2578,PP,Rubber Wood,88.7874,11.2126,81.6801,13.031,5.2663,0.0226,0,0.5424,0.7823,96.5625,483.2184,0.3612,2.1128,940.6444,20.9844,24.1851,1.1516,0.7915,52.886,566.6324,560.8124,5.608124,5.5969948,0.867658186
2579,PET,DDGS,52.9607,47.0393,57.5147,5.6673,34.0806,2.3606,0.3769,5.793,4.1634,81.5496,234.4263,0.3685,8.494,875.5816,12.0476,24.4683,6.6224,0.7138,56.0554,299.644,259.7148,2.597148,4.639687,0.49237585
2580,PS,Sugarcane Straw,65.2008,34.7992,73.8013,7.6142,18.5129,0.0717,0,4.3034,2.6001,89.6265,380.0175,0.3981,3.47,903.7187,13.6569,26.1189,2.8804,0.7023,56.6406,456.4329,411.8755,4.118755,5.01735,0.52287424
2581,PS,Hazelnut Shell,2.2158,97.7842,51.6744,5.2769,41.6798,1.3689,0,1.0533,8.3726,83.922,195.4811,0.3642,6.6521,792.6676,10.6358,23.4165,9.5614,1.5519,54.8326,261.7289,220.6139,2.206139,4.6547256,0.454201098
2582,PU,Cherry Stone,46.408,53.592,56.515,7.1706,33.954,2.1796,0.1807,0.5448,4.3399,83.0814,217.589,0.307,12.0339,989.8418,18.6512,25.2821,4.5368,0.1609,51.3225,280.5886,263.4405,2.634405,5.2574764,0.737723528
2583,PE,Colza seed,60.8306,39.1694,69.615,9.359,18.6796,2.2429,0.1034,3.5857,3.1681,85.6594,392.1413,0.4058,7.5868,985.985,15.7999,22.3035,3.5243,0.1323,58.2231,454.133,416.2477,4.162477,4.5639936,0.708404511
2584,PU,Corn Cobs,9.3844,90.6156,49.2976,6.3046,43.5165,0.8653,0.016,0.5468,12.555,71.76,182.9904,0.3555,15.1382,735.9709,9.3899,14.3065,13.5024,2.0267,60.7665,227.884,185.8109,1.858109,3.5422868,0.656338028
2585,PE,Cocoa Pod Husk,49.5258,50.4742,61.4395,8.3734,29.0853,0.9065,0.1952,5.4345,6.2216,82.9803,207.4277,0.271,5.3636,938.2727,23.3541,29.8062,1.4406,0.9572,44.3983,283.6277,288.1881,2.881881,6.6205016,0.783531614
2586,PP,Coconut Shell,42.6146,57.3854,62.8667,9.3685,27.6557,0.109,0,2.1806,8.2061,86.5883,296.6604,0.3593,3.025,677.4608,12.4249,20.3913,6.0715,4.0939,57.0121,360.096,319.4848,3.194848,5.3768092,0.609323584
2587,PE,Chlorella Vulgaris,26.4602,73.5398,61.0647,7.7436,23.3694,7.3728,0.4495,1.416,6.7462,79.9299,343.6809,0.4337,11.9079,707.7316,8.238,14.4885,8.8795,2.3411,65.9616,395.3505,327.999,3.27999,3.5533688,0.568588881
2588,PET,Corn Cobs,85.3949,14.6051,60.042,4.5916,35.2644,0.1021,0,0.0881,2.1938,90.9456,284.071,0.4202,6.7725,655.0576,5.0296,19.262,11.7608,2.9495,60.9948,360.2099,285.9666,2.859666,4.0261298,0.261115149
2589,PU,Nectarine Stone,14.5632,85.4368,51.0632,6.52,41.1567,1.0388,0.2213,1.4092,7.2352,74.5413,176.783,0.3071,16.8143,754.4177,12.2115,17.2596,11.1816,2.1306,57.1397,225.0128,191.213,1.91213,4.2563064,0.707519294
2590,PE,Cherry Stone,70.5055,29.4945,74.9461,9.7282,14.8749,0.2749,0.1759,0.2998,2.2353,91.2084,281.7864,0.257,6.2565,843.3139,22.3284,26.8679,0.9167,2.2284,47.6228,358.3352,363.601,3.63601,6.5945898,0.831043736
2591,PU,Safflower Seed,33.9517,66.0483,55.0002,7.3665,34.1682,3.4074,0.0577,0.929,6.4388,74.0685,286.8132,0.4219,18.5637,826.9672,9.1613,12.3911,10.6794,0.6256,67.1274,323.5752,265.9993,2.659993,2.7746638,0.739345175
2592,PP,Rice Straw,77.437,22.563,77.7053,12.099,10.1474,0.0482,0,1.1761,1.9189,94.2172,427.3093,0.3506,2.6878,964.8593,21.5437,24.9942,1.1393,0.6144,51.7071,509.6834,507.2746,5.072746,5.695944,0.861947972
2593,PE,Nectarine Stone,75.6635,24.3365,76.8757,9.988,12.6711,0.2806,0.1846,0.4014,2.036,92.8198,447.2711,0.3934,4.7428,848.4935,15.0345,23.2359,2.9466,1.2899,57.4652,520.9201,478.0798,4.780798,5.0132336,0.647037558
2594,PE,Spirulina Sp.,86.1057,13.8943,79.4886,10.4928,8.6883,1.1048,0.2256,0.275,0.7988,96.5387,364.925,0.3,2.3875,719.3411,16.0205,21.1012,3.0122,3.5652,56.2576,426.2379,399.6584,3.996584,5.6653068,0.759222224
2595,PP,Soy Peel,72.7921,27.2079,74.5366,11.9048,12.7695,0.7891,0,1.9647,3.0845,92.1409,355.7663,0.3111,2.8099,730.9973,18.2313,22.0095,2.5722,3.5615,53.62,423.69,408.3212,4.083212,6.0171944,0.828337763
2596,PET,Corn Cobs,17.249,82.751,50.1132,5.7953,43.6559,0.4356,0,0.4993,11.4501,73.4742,136.1641,0.265,14.5764,674.3258,11.5071,19.9963,12.5053,3.8289,52.1563,190.5769,160.8118,1.608118,5.1330468,0.57546146
2597,PE,Coffee Husk,42.2673,57.7327,60.916,8.3202,30.6032,0.0888,0.0719,1.3085,5.3912,85.807,227.6233,0.2872,7.4933,719.9167,16.6431,25.4303,4.2507,3.6348,50.019,298.3351,279.4213,2.794213,6.302931,0.654459444
2598,PP,Sorghum Stalk,15.9547,84.0453,52.0642,7.9704,37.4051,1.0934,1.4668,4.2578,8.4174,69.2834,158.7336,0.2562,18.0414,730.8309,17.3067,18.6849,7.9847,3.0763,52.4617,204.1667,187.1566,1.871566,5.3247364,0.926239905
2599,PE,Cotton Stem,93.9183,6.0817,83.7156,10.886,4.9584,0.2665,0.1735,0.2837,0.8854,97.4533,359.7982,0.2785,1.3776,940.8642,23.0721,25.9096,0.3866,1.2724,49.3315,438.2939,448.0601,4.480601,6.2119156,0.890484608
2600,PS,Sunflower Seed Hulls,83.585,16.415,87.8694,7.6111,4.2733,0.2462,0,0.3313,1.7236,95.2038,455.0153,0.3728,2.7413,877.2775,13.0135,28.4821,0.8048,1.3336,56.365,544.1191,495.8003,4.958003,5.4716314,0.456901001
2601,PET,Peach Stone,54.9778,45.0222,52.5145,5.5164,40.0432,1.7909,0.1351,1.1352,2.6067,83.4082,154.8249,0.2607,12.8499,677.8929,11.6728,23.5434,10.0211,3.9571,50.752,221.2586,189.9404,1.899404,5.6437726,0.495799247
2602,PS,Banana Stems,76.5392,23.4608,78.1792,7.7785,13.8501,0.1922,0,0.9877,2.1712,94.0863,366.2961,0.3438,2.7548,715.1296,11.0295,22.9436,4.1878,3.0109,58.8244,434.297,382.4221,3.824221,5.1599818,0.480722293
2603,PU,Elephant Grass,61.7097,38.2903,56.5885,7.1007,32.8382,3.3676,0.1049,0.2333,4.8576,87.7337,190.6421,0.2684,7.1754,931.4021,21.479,29.8099,2.5374,0.8257,45.3201,267.621,263.8188,2.638188,6.37138,0.720532441
2604,PP,Banana Stems,79.2255,20.7745,75.8793,12.1017,11.8488,0.1702,0,0.739,1.9226,94.5029,499.1388,0.417,2.8355,740.5527,13.4116,19.2909,4.3345,2.5364,60.4229,563.8185,507.2111,5.072111,4.7871374,0.695229357
2605,PU,Rice Straw,34.9912,65.0088,55.9763,6.8561,35.4995,1.6086,0.0595,3.3886,5.7388,83.7226,271.1513,0.4127,7.15,950.6252,12.8584,21.8756,6.8312,0.1456,58.2753,330.3369,287.5856,2.875856,4.1971576,0.587796449
2606,PET,Cotton Husk,8.6993,91.3007,51.4243,8.0446,39.2488,1.2823,0,2.5748,5.4939,79.4721,215.0831,0.3367,12.4592,776.6661,14.6742,18.0443,8.5276,2.0045,56.7464,264.6814,234.287,2.34287,4.5760064,0.813231879
2607,PP,Coconut Shell,82.9653,17.0347,78.8235,12.5197,8.6244,0.0324,0,0.6473,2.436,95.6672,433.0989,0.3461,1.2495,816.2469,19.3121,24.2614,1.4696,2.1438,52.8102,515.8678,503.3766,5.033766,5.9101236,0.796001055
2608,PET,Sorghum Stalk,64.1736,35.8264,56.2713,5.2366,37.381,0.4857,0.6253,1.815,3.7229,83.5326,262.5029,0.4197,10.9295,856.8906,8.5904,19.3896,10.3281,0.5102,61.0248,323.2383,264.6113,2.646113,3.5535044,0.443041631
2609,PET,Cotton Stem,37.7857,62.2143,53.8191,5.393,39.9261,0.7202,0.1417,2.9024,9.1372,72.1329,246.0302,0.4441,15.8275,868.0992,6.7738,13.6036,13.4649,0.1595,65.9596,290.9345,229.7011,2.297011,2.502725,0.497941721
2610,PET,Cotton Stalk,51.2889,48.7111,54.412,5.521,38.7661,0.6712,0.6297,8.9637,5.2375,76.8013,188.0324,0.3384,8.9975,926.5366,13.6944,26.1594,6.8034,0.3578,52.8111,249.6901,219.401,2.19401,4.903172,0.523498245
2611,PE,Safflower Seed,94.9325,5.0675,84.1317,10.9819,4.3736,0.3514,0.1614,0.0713,0.4784,98.0459,374.6536,0.2859,1.4044,652.5376,12.7876,14.2702,5.1746,4.9521,62.7769,407.7818,366.7098,3.667098,4.9519578,0.89610517
2612,PU,Cherry Stone,33.1405,66.8595,54.2436,6.896,36.9976,1.6794,0.1834,0.6797,5.2658,79.4103,275.1767,0.4199,14.6442,820.8586,9.4722,14.6614,10.7762,0.8113,64.2321,321.2298,264.9043,2.649043,3.1607794,0.646063814
2613,PS,Pistachio Soft Shell,59.3763,40.6237,72.0536,7.3039,19.9356,0.7069,0,8.0485,4.0421,81.8199,347.7871,0.3992,6.0895,852.6568,12.2457,24.5152,3.9704,1.0628,58.2046,415.5218,367.5868,3.675868,4.7919332,0.499514587
2614,PP,Durian Shell,67.7054,32.2946,77.4056,12.1125,9.4613,0.9882,0.0323,2.1659,1.4203,90.6234,325.1294,0.2681,5.7904,723.2263,20.2237,20.3715,2.4472,3.97,52.9755,382.435,378.0992,3.780992,6.1722286,0.992744766
2615,PET,Rice Straw,24.4859,75.5141,53.5447,5.6597,40.6267,0.1689,0,3.9362,6.4737,80.6415,223.5958,0.3945,8.9486,727.246,8.3274,18.4526,11.6985,2.1617,59.3572,283.4947,231.3979,2.313979,3.9982754,0.451285998
2616,PS,Soybean Cake,99.7092,0.2908,90.1006,8.4914,1.3809,0.027,0,0.2145,0.096,99.6605,478.7618,0.3655,0.029,733.5618,10.5975,22.7797,3.1712,2.6344,60.8142,548.6386,483.2034,4.832034,4.9578874,0.465216838
2617,PS,Castor Seed Hull,38.7067,61.2933,62.0236,6.6539,31.1876,0.1348,0,1.3106,2.004,84.8987,291.3865,0.3755,11.7867,742.6502,10.0177,19.9319,8.1746,2.1522,59.7209,353.6898,299.6273,2.996273,4.3638186,0.502596341
2618,PET,Peach Stone,17.1754,82.8246,44.4075,6.5095,45.5657,3.2689,0.2485,2.0884,4.619,73.9357,157.3183,0.3154,19.3569,662.1524,7.7752,8.6078,16.6095,2.9711,63.9267,195.5128,154.8548,1.548548,2.9879582,0.903273775
2619,PP,Elephant Grass,59.6323,40.3677,67.9437,10.3582,20.8802,0.8179,0,0.246,4.7309,88.1295,403.9779,0.4086,6.8936,993.3196,16.8591,21.46,3.6557,0.1118,57.9126,463.4269,429.2041,4.292041,4.5647672,0.785605778
2620,PS,Sugarcane Straw,71.0991,28.9009,76.5808,7.7638,15.5959,0.0595,0,3.6079,2.1594,91.3509,270.3934,0.2671,2.8818,866.5897,18.9712,29.0224,0.8593,1.8081,49.3369,345.2716,336.4553,3.364553,6.3530118,0.653674403
2621,PS,Coffee Husk,89.8508,10.1492,85.3659,8.2651,6.369,0,0,0.4097,0.9478,97.3267,436.0904,0.3592,1.3158,788.524,12.6963,26.2875,1.8112,2.1642,57.0385,517.9836,469.2392,4.692392,5.458209,0.482978602
2622,PP,Cocoa Pod Husk,30.1575,69.8425,51.8959,8.088,38.7519,1.1105,0.1537,7.5198,8.609,76.3124,217.2448,0.3657,7.5588,962.0167,17.2588,22.1247,6.0358,0.1868,54.3561,269.319,246.6783,2.466783,4.718537,0.780069334
2623,PP,Banana Stems,4.1716,95.8284,40.9049,5.7857,52.5244,0.785,0,3.409,8.8686,76.4493,159.9173,0.4133,11.2731,932.1,8.7761,14.05,16.0569,0.0236,61.093,203.9668,161.561,1.61561,2.7265676,0.624633452
2624,PS,Banana Stems,44.8299,55.1701,61.9316,6.8075,30.809,0.452,0,2.0523,5.1058,86.3638,272.303,0.3626,6.4781,979.968,15.487,26.6604,3.9896,0.1804,53.6819,342.418,311.9527,3.119527,5.0963896,0.580899011
2625,PET,Olive Pomace,15.3159,84.6841,56.9249,5.924,36.6438,0.4207,0.0866,4.1558,6.3051,80.6033,210.6799,0.3373,8.9358,958.0281,14.8594,26.7944,5.5627,0.232,52.5287,275.3441,246.7353,2.467353,5.0639656,0.554571104
2626,PE,Corn Cobs,95.8001,4.1999,84.3681,10.9858,4.2602,0.223,0.1629,0.0253,0.5793,98.6811,541.3097,0.4122,0.7143,809.9638,13.9378,23.098,2.5559,1.7288,58.6575,621.7525,566.6833,5.666833,5.0345408,0.60342021
2627,PE,Colza seed,8.3874,91.6126,47.7042,6.8942,40.4226,4.9647,0.0143,8.3866,7.4098,66.4857,203.0557,0.3944,17.7179,704.4148,7.1578,8.9049,14.1867,2.0214,67.7219,237.6155,188.9981,1.889981,2.618721,0.803804647
2628,PE,Sorghum Bagasse,90.6025,9.3975,84.3211,10.9598,4.3542,0.1978,0.1672,0.5706,0.8489,97.2273,453.9676,0.3491,1.3532,930.6849,19.1174,26.9539,0.4683,1.1877,52.2501,546.9326,533.5437,5.335437,5.8860672,0.709262853
2629,PET,Sunflower Seed Hulls,48.4337,51.5663,69.3016,3.6975,26.2126,0.7883,0,0.5157,5.5162,82.8864,190.4286,0.2513,11.0817,870.6117,12.1258,36.6246,1.1706,1.3992,48.6788,267.857,241.3121,2.413121,6.4251996,0.331083479
2630,PE,Coffee Husk,92.1954,7.8046,82.5917,10.8107,6.2473,0.1936,0.1567,0.1769,0.7288,98.064,329.2431,0.2583,1.0303,889.0024,23.5775,25.2921,0.5699,1.7752,48.7571,402.7113,414.7559,4.147559,6.3686962,0.932208081
2631,PU,Cocoa Beans Husk,24.139,75.861,48.6668,6.4669,41.5887,3.0166,0.261,6.0689,8.5738,74.8829,187.7713,0.3653,10.4744,740.4878,10.5538,17.0658,11.382,2.1942,58.7228,239.1533,199.778,1.99778,4.0756248,0.618418123
2632,PU,Sunflower Seed Hulls,0.4535,99.5465,75.9532,3.1235,19.4103,1.5122,0.0008,0.9955,10.4551,71.9184,232.0762,0.2935,16.631,789.7792,7.251,32.3362,2.6174,1.6541,56.1399,300.4936,255.6272,2.556272,5.449637,0.224237851
2633,PP,Açaí Seed,74.042,25.958,75.7187,11.9178,12.1608,0.2027,0,3.6886,2.4011,91.2843,329.9426,0.2877,2.626,895.9265,24.0871,26.2481,0.5605,1.7428,47.3592,412.9623,427.9029,4.279029,6.5325898,0.917670231
2634,PP,Rice Straw,14.9157,85.0843,55.9404,7.2472,36.6306,0.1818,0,4.4351,7.2362,79.5784,186.9895,0.2891,8.7503,783.5959,17.0416,25.8408,5.4315,2.2891,49.3938,250.8947,232.6017,2.326017,5.9159314,0.659484226
2635,PU,Coffee Husk,3.0395,96.9605,43.269,6.2747,50.3235,0.1277,0.0052,2.1976,9.0726,76.114,126.1983,0.288,12.6158,897.4194,16.2442,20.9095,11.7883,0.4775,50.5771,175.2382,153.3198,1.533198,4.5599156,0.776881322
2636,PET,Elephant Grass,83.4044,16.5956,58.8094,4.4774,36.3515,0.3618,0,0.1011,2.1201,90.8137,181.7326,0.2777,6.9651,664.8743,7.9342,22.6919,11.052,3.6619,54.6555,248.9932,204.5861,2.045861,5.0270332,0.349648994
2637,PET,Cotton Stalk,16.6687,83.3313,48.8982,6.3649,42.533,1.1266,1.0773,15.3345,8.8107,64.0872,159.151,0.3473,11.7676,778.6203,11.5467,18.1668,11.1454,1.7248,57.0768,204.6003,172.353,1.72353,4.1535388,0.6355935
2638,PU,Cotton Stem,76.1788,23.8212,61.654,7.7455,26.9459,3.4708,0.1838,1.1113,3.9251,88.5063,349.9831,0.4317,6.4573,803.6324,11.0177,19.4312,6.8058,1.3677,61.3414,412.3774,354.4731,3.544731,4.1278794,0.567010787
2639,PE,Coconut Shell,77.0921,22.9079,76.8248,10.0181,12.8207,0.2054,0.1311,0.8705,3.2758,94.7158,447.0019,0.4002,1.1379,666.4969,9.4353,17.3343,6.2674,3.7221,63.2151,505.9732,434.2237,4.342237,4.535646,0.544313875
2640,PS,Sunflower Seed Hulls,76.1184,23.8816,86.8091,7.2081,5.6245,0.3582,0,0.3911,2.5076,93.1131,431.5832,0.366,3.9882,913.3664,13.4056,29.2146,0.5937,1.0758,55.7093,520.1344,475.9746,4.759746,5.5139808,0.458866457
2641,PS,Plum Stone,74.8362,25.1638,79.6365,8.0196,12.0821,0.2189,0.0428,5.4883,1.851,91.7282,265.4377,0.2527,0.9325,884.6235,20.1748,28.165,0.6741,1.7027,49.2731,334.7664,330.9574,3.309574,6.337235,0.716307474
2642,PET,Rice Straw,85.0445,14.9555,60.4617,4.5962,34.8841,0.058,0,0.7796,1.4505,91.9077,210.9137,0.3088,5.8622,736.5715,10.2007,31.2824,5.142,2.6231,50.7492,294.4885,255.159,2.55159,5.9823278,0.326084316
2643,PU,Castor Seed Hull,26.655,73.345,49.9502,6.2337,42.49,1.2809,0.0453,1.4757,2.5579,81.465,259.2462,0.4491,14.5014,799.8246,7.1461,11.5706,14.1021,0.6963,66.4714,304.4033,240.8497,2.408497,2.4789498,0.617608421
2644,PE,Sunflower Seed Hulls,97.0779,2.9221,85.6884,10.9633,2.9356,0.2477,0.165,0.0292,0.3068,99.1566,398.9501,0.2985,0.5074,809.7462,19.0153,24.2858,1.1632,2.3976,53.1102,472.8286,461.3949,4.613949,5.972004,0.782980178
2645,PET,Sunflower Seed Hulls,44.2469,55.7531,69.8806,3.6458,25.6237,0.8498,0,0.5575,5.947,81.9281,287.0825,0.3773,11.5674,726.7277,5.5125,25.5265,7.0655,1.9226,59.9714,361.4976,294.86,2.9486,4.4999798,0.21595205
2646,PS,Rubber Wood,9.0206,90.9794,54.4967,6.7218,38.5982,0.1832,0,4.4189,6.3474,75.6926,229.9294,0.3741,13.5411,901.1227,12.6444,19.4162,8.7394,0.3485,58.8506,279.2908,240.0151,2.400151,3.9367994,0.651229386
2647,PS,Soy Peel,33.1913,66.8087,60.0323,7.2969,30.7331,1.9377,0,4.8906,7.574,81.5293,195.9294,0.2774,6.0061,859.1061,19.7392,29.8891,2.3418,1.6016,46.4262,269.5391,261.9484,2.619484,6.471233,0.660414666
2648,PS,Açaí Seed,40.0843,59.9157,64.7046,7.2444,27.5832,0.4678,0,8.5942,5.5422,80.6569,335.3985,0.4473,5.2067,849.0961,10.6766,20.9927,6.516,0.8407,60.9729,394.9348,338.1397,3.381397,4.0991236,0.508586318
2649,PS,Castor Seed Hull,62.6206,37.3794,73.0169,7.373,19.5278,0.0822,0,0.8773,1.2221,90.7125,290.344,0.2958,7.1881,807.8376,16.0651,29.1757,1.585,2.245,50.9268,371.9979,350.0318,3.500318,6.214879,0.55063289
2650,PP,Cocoa Beans Husk,91.2641,8.7359,81.8639,13.1546,4.7256,0.2306,0.0253,0.6989,0.9706,96.7094,521.0842,0.3884,1.6211,979.0643,20,23.3162,1.5195,0.3754,54.7849,599.6637,584.0949,5.840949,5.2322344,0.857772707
2651,PS,Coconut Shell,77.9976,22.0024,80.4785,7.9565,11.5232,0.0418,0,0.9921,3.1463,94.7835,283.9083,0.2592,1.0781,738.1404,15.5465,23.6768,2.8171,3.2219,54.7333,341.4429,318.4081,3.184081,5.815739,0.656613225
2652,PS,Spirulina Sp.,37.0939,62.9061,58.1558,6.9954,30.307,4.1833,0.3586,1.3193,3.6167,84.3326,234.6771,0.319,10.7314,706.5822,12.4968,21.9672,6.631,3.1993,55.6109,300.5325,264.7163,2.647163,5.262871,0.568884519
2653,PET,Sorghum Bagasse,17.0179,82.9821,67.2794,7.91,24.6227,0.0716,0.1163,5.0384,7.5319,74.7728,246.0768,0.3002,12.6569,923.3707,19.1502,26.7074,2.5994,0.762,50.7556,310.2219,297.6596,2.976596,5.70615,0.717037226
2654,PP,Durian Shell,90.513,9.487,83.1645,13.3396,3.1961,0.2903,0.0095,0.6363,0.4172,96.8924,465.2576,0.3378,2.0541,851.9811,20.7387,24.4583,0.9011,1.8952,52.0029,552.5856,549.5396,5.495396,6.000007,0.847920747
2655,PET,Pistachio Soft Shell,43.0888,56.9112,52.6999,5.0316,41.2651,1.0034,0,11.1091,5.7531,72.4093,176.4892,0.3528,10.7285,730.4735,8.6305,20.2047,11.9107,2.2199,57.0316,233.6898,191.1067,1.911067,4.2726104,0.427153088
2656,PS,Cotton Stem,57.3836,42.6164,72.5345,7.4484,19.4347,0.4854,0.0971,2.1029,6.2046,82.1708,405.6564,0.4418,9.5217,658.6816,6.3666,16.4321,8.7451,3.1139,65.3218,466.3244,381.683,3.81683,3.8728136,0.387448957
2657,PP,Rubber Wood,94.8408,5.1592,83.7747,13.4732,2.7417,0.0104,0,0.2496,0.3599,98.1484,466.2833,0.3338,1.2421,969.9629,23.1065,25.476,0.3779,0.9425,50.0958,559.5323,571.2809,5.712809,6.042893,0.906990893
2658,PU,Sugarcane Straw,12.6885,87.3115,45.9448,6.2545,47.0664,0.7127,0.0216,10.47,6.5997,74.0351,128.9022,0.2873,8.8952,654.6405,11.3863,19.5416,13.1286,4.607,51.3208,184.0424,155.0741,1.550741,5.341268,0.582669792
2659,PE,Elephant Grass,79.9216,20.0784,77.1335,9.9953,12.1606,0.5747,0.1359,0.1224,2.3531,94.228,385.0759,0.3373,3.2965,838.8455,17.8635,26.5992,1.2606,1.8694,52.3846,470.8379,452.0135,4.520135,5.9500024,0.671580348
2660,PS,Açaí Seed,85.4524,14.5476,84.01,8.1929,7.6836,0.1136,0,2.2381,1.3457,95.152,494.601,0.4249,1.2642,941.9876,13.1544,26.1505,1.9905,0.4366,58.2672,577.9772,521.1324,5.211324,4.871941,0.503026711
2661,PE,Soy Peel,26.5924,73.4076,55.9302,7.8972,33.9425,2.1849,0.0452,5.3007,8.3221,79.7725,220.5226,0.3328,6.6047,891.6449,18.0789,24.7395,4.5628,0.8956,51.7113,282.6355,264.6663,2.646663,5.390323,0.73077063
2662,PS,Cotton Husk,63.3657,36.6343,75.62,8.4608,15.4058,0.5135,0,1.1599,2.1971,91.8218,324.2193,0.3085,4.8212,929.4421,19.1415,29.4977,0.509,1.2427,49.6077,411.8722,401.9241,4.019241,6.2288788,0.648915
2663,PET,DDGS,34.053,65.947,55.6435,6.2034,34.3277,3.2972,0.5284,8.1215,5.7525,76.2678,200.1817,0.33,9.8582,914.7641,15.2245,25.3446,5.5746,0.5274,53.1919,261.2766,235.2719,2.352719,5.0264748,0.600699952
2664,PS,Olive Pomace,83.8864,16.1136,84.6857,8.1287,7.0899,0.0791,0.0165,0.9585,1.1936,96.2962,310.2117,0.2609,1.5517,869.9512,18.9123,27.2303,0.6762,1.7983,51.3779,380.1946,370.6887,3.706887,6.1173376,0.694531459
2665,PU,Corn Cobs,12.0313,87.9687,49.7765,6.3623,42.8781,0.9628,0.0205,0.5308,12.2058,72.5238,205.4221,0.3907,14.7396,867.4757,10.382,15.6076,11.8388,0.383,61.7817,248.619,205.1586,2.051586,3.2249276,0.665188754
2666,PP,Cocoa Beans Husk,83.3173,16.6827,78.5016,12.5221,8.4876,0.4404,0.0484,1.3346,1.8536,94.1709,315.3905,0.2528,2.6409,945.447,27.6701,25.0012,0.3474,1.4048,45.5668,393.1365,425.5492,4.255492,6.6414404,1.106750876
2667,PE,Rice Straw,96.8921,3.1079,84.885,11.0412,3.699,0.2101,0.1647,0.162,0.2643,99.2374,424.9634,0.3206,0.3363,788.3449,17.4618,24.1336,1.4778,2.5526,54.3472,501.4463,480.2139,4.802139,5.8405388,0.723547254
2668,PP,Sorghum Stalk,86.2828,13.7172,80.0931,12.8904,6.5987,0.1785,0.2394,0.6949,1.3738,94.5683,567.1469,0.4364,3.363,833.7562,14.7609,19.4972,3.6517,1.318,60.7427,629.2693,573.2758,5.732758,4.5226684,0.757077939
2669,PP,Banana Stems,16.8543,83.1457,46.8149,6.853,45.651,0.6811,0,2.9578,7.6949,79.5,138.489,0.2698,9.8473,827.7262,18.5507,24.264,8.2582,1.6504,47.2743,196.1478,180.8261,1.808261,5.6515828,0.764535938
2670,PET,Cotton Stalk,66.2745,33.7255,56.7986,5.1557,37.1355,0.4742,0.436,6.2061,3.6908,82.3046,183.286,0.3047,7.7985,686.2721,9.6364,25.4956,8.4961,3.4999,52.7392,252.5114,213.9409,2.139409,5.506141,0.377963256
2671,PE,Chlorella Vulgaris,22.6237,77.3763,59.7649,7.5633,24.4613,7.7464,0.464,1.4899,7.0981,78.8839,258.4251,0.3377,12.5281,983.8126,17.3276,23.2446,3.7838,0.1645,55.3785,318.9585,296.6499,2.966499,4.8590914,0.745446254
2672,PS,Sorghum Bagasse,26.0427,73.9573,74.0236,8.6053,17.2082,0.0592,0.1036,4.5426,6.6809,78.2696,326.4763,0.3438,10.5069,814.4181,15.1688,24.4616,3.0468,1.7552,55.5475,391.9186,360.7981,3.607981,5.3487536,0.620106616
2673,PP,DDGS,33.7099,66.2901,63.4943,9.4211,23.2497,3.3038,0.5311,8.1638,5.7106,77.7933,359.5223,0.4382,8.3323,911.698,13.7406,18.7837,5.4596,0.3693,61.5571,408.4079,362.1769,3.621769,3.9829404,0.73151722
2674,PET,Elephant Grass,61.7403,38.2597,54.4225,4.6651,40.1183,0.7941,0,0.2332,4.6135,85.7535,155.9277,0.2689,9.3998,990.2318,16.1573,33.0074,4.8412,0.1843,45.8091,230.4001,210.2319,2.102319,5.9699002,0.489505384
2675,PU,Sorghum Stalk,12.9837,87.0163,48.3002,7.0393,41.4422,1.6774,1.5408,4.4083,8.7928,68.0089,175.522,0.3277,18.79,871.2589,13.3126,15.2333,10.6604,0.4745,59.8024,213.1094,182.094,1.82094,3.5270276,0.873914385
2676,PS,Hazelnut Shell,53.7325,46.2675,71.9715,6.9734,20.4074,0.6477,0,0.6037,3.9616,92.2872,410.5742,0.4419,3.1475,710.7682,7.8104,21.2238,6.4628,2.4457,62.0545,485.0888,406.8691,4.068691,4.3932826,0.36800196
2677,PU,Castor Seed Hull,94.2886,5.7114,64.4643,8.1207,23.282,3.9727,0.1603,0.1149,0.7524,96.6296,332.6713,0.3671,2.5031,892.5538,16.4259,25.9732,2.8404,0.9337,53.7976,414.1388,385.3829,3.853829,5.380885,0.632417261
2678,PP,Sugarcane Straw,99.0003,0.9997,85.1353,13.7711,1.0915,0.0021,0,0.1199,0.0747,99.2107,611.3531,0.4258,0.5947,947.7132,17.7167,21.7205,2.1619,0.4416,57.9582,684.5321,647.3951,6.473951,4.8082794,0.815667227
2679,PET,Peach Stone,40.0598,59.9402,49.3152,5.9083,42.2225,2.3741,0.1798,1.5114,3.4008,79.6701,206.7199,0.372,15.4177,934.2958,10.6246,16.9989,11.3908,0.0707,60.8579,255.3495,211.4466,2.114466,3.3146288,0.625016913
2680,PET,Peach Stone,71.8477,28.1523,56.1324,5.0732,37.5786,1.1313,0.0845,0.7099,1.7086,87.6355,167.2023,0.2621,9.946,677.2306,10.4724,24.9358,9.3106,3.9019,51.3456,236.6435,201.5738,2.015738,5.6698102,0.419974495
2681,PP,Soy Peel,24.6952,75.3048,55.0499,8.4662,34.2998,2.1841,0,5.4377,8.5372,79.1317,177.5934,0.2664,6.8934,667.4928,15.5959,20.8339,6.8151,5.2082,51.5383,233.6328,214.4054,2.144054,6.1739642,0.748582839
2682,PP,Sunflower Seed Hulls,51.3265,48.6735,80.9068,8.6176,9.7455,0.7301,0,0.4867,5.1107,86.0175,388.4484,0.3494,8.3851,669.1533,9.3427,17.4722,6.1125,3.6493,63.4182,439.1648,376.7904,3.767904,4.5169582,0.534718009
2683,PET,Soybean Cake,59.3556,40.6444,59.6182,5.244,31.3436,3.7942,0,2.1013,13.5373,77.282,232.3074,0.378,7.0794,831.6162,10.5263,25.1171,6.305,1.1245,56.9258,297.4762,254.9769,2.549769,4.704166,0.419088987
2684,PE,Corn Cobs,95.1215,4.8785,84.1077,10.9512,4.5543,0.2251,0.1617,0.0294,0.6729,98.4712,447.8419,0.3428,0.8265,733.6955,14.594,22.0158,2.7008,3.0946,57.5674,517.561,477.7599,4.777599,5.4580096,0.662887563
2685,PS,Soybean Cake,7.8475,92.1525,58.5842,6.7245,26.13,8.5613,0,4.78,30.4103,55.6221,186.095,0.3568,9.1876,758.5511,11.979,21.7661,5.9546,2.1742,58.1233,233.2669,204.3119,2.043119,4.8146242,0.550351234
2686,PU,Elephant Grass,92.3116,7.6884,63.8625,8.0432,23.9045,4.0329,0.1569,0.0469,1.4548,95.8668,294.549,0.3315,2.6315,776.9507,15.792,26.7227,2.802,2.4296,52.2208,378.2244,352.2617,3.522617,5.942393,0.590958249
2687,PS,Coffee Husk,36.0809,63.9191,59.753,7.0363,33.2106,0,0,1.5209,5.9689,84.2233,262.6408,0.3633,8.2869,673.1466,9.6381,19.9647,8.589,3.5724,58.2305,326.6938,276.8133,2.768133,4.8353862,0.482757066
2688,PET,Cotton Stalk,1.7662,98.2338,46.5248,6.7281,44.1545,1.3226,1.27,18.0768,10.3488,58.6144,154.3822,0.3676,12.96,938.4111,12.8867,17.6661,10.4235,0.095,58.5285,191.8285,163.2184,1.632184,3.6517022,0.729459247
2689,PP,Peach Stone,42.4793,57.5207,59.7701,9.8872,27.9036,2.2665,0.1726,1.4504,3.1828,82.3196,345.7501,0.4023,13.0472,664.3674,9.9723,12.9008,8.8504,3.444,64.7913,389.2676,330.1763,3.301763,3.9354612,0.772998574
2690,PE,Cotton Stalk,77.2855,22.7145,76.954,10.194,11.9589,0.468,0.425,4.1799,2.3921,90.4366,336.2901,0.3057,2.9914,769.3106,17.6935,24.6639,1.893,2.8637,52.812,408.2826,391.4688,3.914688,6.043754,0.717384517
2691,PP,Coconut Shell,73.7983,26.2017,75.1984,11.8038,12.948,0.0498,0,0.9957,3.7468,93.6046,374.5349,0.3257,1.6529,715.2644,16.576,21.1762,3.1474,3.7047,55.3901,440.0309,415.0535,4.150535,5.7846918,0.782765558
2692,PET,Colza seed,88.5718,11.4282,60.1163,4.5812,34.6583,0.6442,0,1.0462,1.1103,91.1163,298.3651,0.4388,6.7272,734.6286,6.0921,20.2814,10.5314,1.7534,61.34,372.6735,299.3556,2.993556,3.8411204,0.300378672
2693,PS,Chlorella Vulgaris,22.1632,77.8368,60.5443,6.9426,24.3403,7.7448,0.4281,1.5431,7.1404,78.7184,212.3088,0.2816,12.5981,936.9909,19.5341,27.0544,2.4682,0.6642,50.177,281.1533,270.9791,2.709791,5.7563208,0.722030428
2694,PP,DDGS,81.7858,18.2142,79.4971,12.6331,6.8161,0.9078,0.1459,2.2431,1.5691,93.5358,462.9854,0.3672,2.652,976.2489,20.9657,24.0386,1.2831,0.4643,53.2292,542.2821,535.1481,5.351481,5.4593786,0.872168096
2695,PS,Rice Husk,71.1214,28.8786,78.3219,7.1383,14.3333,0.1807,0.0258,1.384,2.2814,91.8584,336.0033,0.3236,4.4762,918.0817,15.948,30.355,0.5899,1.1861,51.9155,422.4092,397.4933,3.974933,5.9717378,0.525382968
2696,PP,Soy Peel,41.646,58.354,61.9176,9.6781,26.7119,1.6924,0,4.2137,6.6155,83.7165,299.6345,0.3628,5.4543,831.0475,17.1329,22.2292,4.1858,1.5425,54.9073,361.6375,337.1306,3.371306,5.2034474,0.770738488
2697,PET,Cotton Stalk,59.852,40.148,55.7758,5.3122,37.8343,0.5586,0.519,7.3879,4.3537,79.946,209.0436,0.3594,8.3124,717.0894,8.8864,22.2121,9.7258,2.5182,56.5133,273.9617,227.7231,2.277231,4.6599714,0.400070232
2698,PU,Durian Shell,2.3106,97.6894,60.4343,8.4656,27.9121,3.0863,0.1016,6.5516,4.31,72.6124,297.5931,0.387,16.526,989.4044,14.2789,18.2649,6.0148,0.0447,61.3749,339.4185,301.1917,3.011917,3.8595012,0.781767215
2699,PS,Açaí Seed,39.5354,60.4646,64.471,7.2329,27.8239,0.4721,0,8.6711,5.593,80.4815,235.8042,0.3164,5.2544,747.0531,14.2588,27.5274,3.5926,2.8736,51.7442,306.8532,280.3149,2.803149,6.0371516,0.517985716
2700,PU,Sunflower Seed Hulls,0.4081,99.5919,75.9579,3.1211,19.4092,1.511,0.0007,0.9959,10.4596,71.9066,280.8258,0.3552,16.6379,739.0491,4.9514,27.0721,5.5426,1.7312,60.7013,349.3223,285.7073,2.857073,4.5656054,0.182896783
2701,PE,Olive Pomace,89.3969,10.6031,82.7987,10.6711,6.1276,0.2398,0.1628,0.5203,0.7854,97.6554,463.0526,0.3653,1.0389,993.7848,19.2426,26.7881,0.6707,0.4912,52.7859,554.2758,538.756,5.38756,5.629351,0.718326421
2702,PU,Castor Seed Hull,12.167,87.833,46.841,5.8295,46.6046,0.7042,0.0207,1.7672,2.9447,78.2165,178.7813,0.3509,17.0716,682.2221,6.8296,10.2559,17.522,2.453,62.9283,224.726,175.2186,1.752186,2.9080142,0.665919129
2703,PE,Safflower Seed,68.8386,31.1614,74.6139,9.8591,14.3305,1.0794,0.117,0.4383,2.9417,88.0866,406.5736,0.373,8.5334,961.8229,17.6401,23.7464,2.4518,0.3556,55.7875,476.0874,448.7894,4.487894,5.024482,0.742853654
2704,PU,Soy Peel,76.0854,23.9146,60.7527,7.9023,27.3264,3.8892,0.1293,1.7268,3.1676,91.8221,333.8737,0.4143,3.2835,754.2711,11.3615,20.7488,6.29,2.1402,59.4322,402.763,349.7646,3.497646,4.6075824,0.547573836
2705,PE,Cotton Stem,92.9409,7.0591,83.3517,10.8355,5.3631,0.2756,0.1741,0.3293,1.0277,97.0472,561.504,0.438,1.5958,957.039,15.0665,22.9829,2.5106,0.305,59.114,636.6517,583.3481,5.833481,4.6322174,0.655552607
2706,PP,Cocoa Beans Husk,91.2207,8.7793,81.8455,13.1512,4.7461,0.2318,0.0255,0.7023,0.9755,96.6955,601.4326,0.4485,1.6267,932.658,16.054,20.5018,2.9963,0.4227,60.0213,666.1933,615.2996,6.152996,4.4683854,0.783053195
2707,PP,Elephant Grass,44.7922,55.2078,61.4675,9.0746,28.3393,1.1186,0,0.3364,6.4701,83.9495,217.4679,0.2619,9.244,852.5741,23.1894,26.9801,2.2462,1.7661,45.8154,289.4437,293.1374,2.931374,6.5362116,0.85950015
2708,PS,Chlorella Vulgaris,98.5839,1.4161,89.6609,8.4687,1.7217,0.1409,0.0078,0.2244,0.1299,99.4165,368.0048,0.2826,0.2292,699.5219,12.3131,19.5277,3.8354,3.5875,60.7297,414.9401,372.0873,3.720873,5.07463,0.630545328
2709,PU,Plum Stone,50.9024,49.0976,57.1126,7.4552,32.6971,2.565,0.17,10.4163,3.9169,83.0889,191.3215,0.2898,2.5779,999.2529,22.124,30.7989,1.7983,0.3738,44.8654,266.75,265.6601,2.656601,6.4038738,0.718337343
2710,PU,Coffee Husk,1.1783,98.8217,42.8387,6.2362,50.8737,0.0495,0.002,2.2398,9.2352,75.6956,144.1254,0.3356,12.8294,953.3734,13.2701,18.2827,12.8473,0.0561,55.5422,189.16,159.3241,1.593241,3.7568748,0.725828242
2711,PU,Hazelnut Shell,78.8842,21.1158,62.5461,7.6305,26.0806,3.6087,0.1341,0.2265,2.2812,94.8805,299.6599,0.356,2.6118,696.667,11.5356,22.8717,5.4914,3.4593,56.6096,374.9561,329.8469,3.298469,5.3661084,0.504361285
2712,PET,Castor Seed Hull,38.9279,61.0721,51.2136,5.0398,43.6003,0.1463,0,1.2288,2.0785,82.9632,139.6072,0.2531,13.7295,881.4803,15.5651,27.731,8.6435,0.8505,47.2086,204.7082,181.7393,1.817393,5.4796158,0.56128881
2713,PU,Beetroot Pellets,47.8582,52.1418,51.7421,6.6897,38.5904,2.6305,0.3473,0.4217,3.9565,88.0596,172.1078,0.2751,7.5622,959.7328,20.6768,28.8774,4.1847,0.4339,45.7274,244.2918,235.402,2.35402,6.026983,0.71602014
2714,PS,Sugarcane Straw,94.8728,5.1272,87.7842,8.3669,3.8383,0.0106,0,0.8046,0.3831,98.301,480.3285,0.3819,0.5113,848.6571,13.1243,27.7128,1.0198,1.5879,56.5537,571.5135,521.2889,5.212889,5.4777054,0.473582604
2715,PET,Plum Stone,5.7556,94.2444,49.0229,6.4696,43.5256,0.8217,0.1602,19.9944,6.9446,69.275,197.1889,0.4456,3.786,844.5406,10.8409,19.5408,10.0445,0.7938,58.7385,246.5096,206.8725,2.068725,3.9171384,0.554782813
2716,PET,Sorghum Bagasse,60.5165,39.4835,64.6011,6.0353,29.2582,0.0501,0.0553,2.3973,3.6938,85.2133,335.4583,0.4358,8.6956,989.0429,10.1832,22.519,6.4154,0.0352,60.836,398.509,338.4937,3.384937,3.9497812,0.452204805
2717,PS,Sugarcane Straw,22.312,77.688,53.5899,6.5261,39.724,0.16,0,9.3606,5.8045,77.0883,145.471,0.2563,7.7466,838.1548,19.3082,29.8857,4.6571,1.7404,44.4062,211.3175,201.3014,2.013014,6.473947,0.646068186
2718,PET,Chlorella Vulgaris,75.987,24.013,59.7518,4.8538,32.8498,2.4125,0.1321,0.4624,2.3624,89.4133,265.2713,0.3856,7.7619,805.1293,9.0588,24.311,7.5078,1.2811,57.8086,339.4457,284.881,2.84881,4.5001702,0.372621447
2719,PET,Safflower Seed,18.2119,81.7881,51.8117,6.4301,39.299,2.4592,0,1.1504,7.7593,67.8004,193.3085,0.3297,23.2899,821.5354,10.304,12.7008,12.3135,0.7475,63.933,228.7248,188.3796,1.883796,2.9807378,0.811287478
2720,PP,Cotton Husk,5.8899,94.1101,52.4713,8.7193,37.4904,1.319,0,2.654,5.6442,79.2871,224.6586,0.3322,12.4147,808.2488,16.6775,18.6968,7.1953,1.679,55.7486,273.6562,249.0667,2.490667,4.7580488,0.891997561
2721,PET,Safflower Seed,19.1418,80.8582,51.9294,6.4062,39.2327,2.4316,0,1.1374,7.6735,68.106,227.8026,0.3876,23.0831,689.1574,5.2472,6.8408,15.7759,1.796,70.3379,260.0633,201.2974,2.012974,2.0716064,0.76704479
2722,PE,Rice Husk,48.651,51.349,67.026,7.3961,25.0258,0.4234,0.1286,2.208,4.0566,85.7666,290.5547,0.3399,7.9688,698.7392,11.3025,23.183,5.4721,3.3842,56.627,359.5459,315.468,3.15468,5.3532716,0.487533969
2723,PE,Banana Stems,32.724,67.276,54.3475,7.3213,37.6557,0.6198,0.0556,2.3933,6.2262,83.4743,256.7049,0.3953,7.9062,910.1225,13.8994,21.1822,7.1953,0.3934,57.3158,313.68,275.6765,2.756765,4.3109296,0.656183022
2724,PU,Cotton Stalk,14.1673,85.8327,48.9986,6.985,41.1326,1.7502,1.1337,15.7948,9.1241,63.6248,133.3329,0.2802,11.4563,655.5348,12.295,18.7387,10.7678,4.7807,53.0219,181.288,156.3484,1.563484,5.4004268,0.65612876
2725,PP,Spirulina Sp.,48.571,51.429,61.7484,9.8694,24.669,3.42,0.2931,1.0179,2.9568,87.009,307.175,0.3414,9.0163,678.7791,13.6454,18.6556,5.828,4.0657,57.7391,367.9758,331.053,3.31053,5.2798294,0.731437209
2726,PU,Plum Stone,89.9011,10.0989,63.9257,8.1103,23.9302,3.8637,0.17,2.1425,1.2822,94.8616,337.7941,0.3865,1.7137,763.862,12.9562,23.6027,4.4216,2.2408,56.7456,414.7727,370.6078,3.706078,5.1754162,0.548928724
2727,PP,Safflower Seed,17.886,82.114,55.954,8.1405,33.4421,2.4634,0,1.155,7.7518,68.5536,307.2916,0.4355,22.5396,759.4159,7.2349,8.371,11.8672,1.0934,71.4321,331.7761,266.5424,2.665424,2.2275524,0.864281448
2728,PE,Rice Straw,12.7212,87.2788,55.2298,6.7398,37.7955,0.2132,0.0216,4.5495,7.4229,79.1256,200.1615,0.324,8.902,853.8314,15.6163,24.9111,6.241,1.177,52.0473,261.5881,236.3212,2.363212,5.246725,0.62688119
2729,PET,Cotton Stalk,20.8925,79.1075,49.5709,6.2619,42.0734,1.071,1.0227,14.5572,8.3748,65.6384,200.2541,0.4265,11.4296,890.0283,9.8017,16.3678,11.361,0.2162,61.972,242.6379,199.4077,1.994077,3.198326,0.598840406
2730,PET,Açaí Seed,89.6062,10.3938,60.6605,4.549,34.6819,0.1086,0,1.477,1.1496,91.9003,214.1469,0.3141,5.4731,829.1718,11.9293,32.605,4.0342,1.4667,49.9635,298.0658,263.2249,2.632249,5.921673,0.365873332
2731,PE,Chlorella Vulgaris,94.7133,5.2867,84.1889,10.9515,3.9446,0.7249,0.1901,0.1018,0.485,98.5386,375.2736,0.2861,0.8746,763.697,18.5017,22.6342,1.7672,3.0088,54.0533,440.7408,427.1588,4.271588,5.9272432,0.817422308
2732,PE,Açaí Seed,49.6481,50.3519,66.6789,8.7863,23.953,0.4974,0.0844,7.155,4.6576,83.8019,377.923,0.4451,4.3855,781.1651,10.959,19.2908,6.3581,1.6787,61.6974,436.4266,376.5151,3.765151,4.2151874,0.568094636
2733,PU,DDGS,66.1426,33.8574,61.1475,7.9038,26.0996,4.4654,0.3837,4.1696,3.3134,87.3619,343.6805,0.433,5.1551,685.5141,8.6981,17.2698,8.1742,2.9484,62.8324,406.3242,340.9684,3.409684,4.1709168,0.503659568
2734,PP,Rubber Wood,41.6773,58.3227,65.3784,9.59,24.9141,0.1175,0,2.8212,4.069,84.2208,270.9682,0.3004,8.889,928.4932,22.2174,25.8776,2.1705,0.8324,48.9005,341.3316,340.2677,3.402677,5.958056,0.858557208
2735,PE,Hazelnut Shell,54.0059,45.9941,69.7999,8.4421,20.9089,0.7573,0.0918,0.4933,3.9382,92.4288,273.6727,0.2874,3.1397,721.6427,15.5076,24.0139,3.6293,3.5073,53.3175,340.4817,316.1049,3.161049,5.9561856,0.645775988
2736,PS,Sugarcane Straw,67.6695,32.3305,74.9646,7.6768,17.292,0.0666,0,4.0123,2.4156,90.3483,281.0662,0.2872,3.2238,854.3766,17.7331,29.4522,0.9914,1.8618,49.9596,359.6197,345.383,3.45383,6.2926764,0.602097636
2737,PS,Beetroot Pellets,14.4911,85.5089,46.3682,5.7034,46.4747,1.0176,0.4361,0.7206,6.0175,82.0298,213.7612,0.4362,11.2321,673.954,5.4511,10.119,17.4792,2.3078,64.5008,265.8188,204.5764,2.045764,2.6899052,0.538699476
2738,PU,Rice Straw,74.7546,25.2454,61.9178,7.727,27.0344,3.1936,0.1271,1.3159,2.5955,92.4007,318.4277,0.3873,3.6879,884.7376,14.8186,24.3897,4.1925,0.8354,55.7385,391.7534,355.0332,3.550332,4.9725842,0.607576149
2739,PE,Spirulina Sp.,76.7708,23.2292,75.1273,10.0176,12.8862,1.706,0.2629,0.4598,1.3355,94.2266,415.4179,0.3693,3.9781,961.3871,18.4584,25.3148,1.6932,0.4768,54.0194,495.9662,474.4633,4.744633,5.3538664,0.729154487
2740,PE,Corn Cobs,7.0642,92.9358,50.3112,6.4603,42.7184,0.4981,0.012,0.5608,12.8187,71.2366,212.5651,0.4005,15.3839,957.0668,10.0771,15.7619,11.3393,0.0257,62.7921,252.8393,208.3188,2.083188,3.0835268,0.639332822
2741,PET,Rice Husk,20.6351,79.3649,51.7715,3.9038,43.7508,0.5028,0.071,3.4127,6.3132,76.9201,158.4182,0.3258,13.354,973.9352,9.5323,24.7507,11.3309,0.0353,54.3255,219.1622,179.6461,1.796461,4.160714,0.385132542
2742,PS,Rubber Wood,34.3003,65.6997,64.4174,7.2151,28.2352,0.1323,0,3.2466,4.5837,82.3911,344.2742,0.4329,9.7786,656.8761,6.713,15.3237,10.2664,3.1504,64.542,402.3157,327.5233,3.275233,3.7836334,0.438079576
2743,PE,Cocoa Pod Husk,17.7825,82.2175,46.0059,6.5958,45.8426,1.3446,0.2111,8.8522,10.1344,72.2892,153.7682,0.3387,8.7242,829.457,14.3028,20.7159,10.0888,1.2502,53.5724,204.3709,177.8072,1.778072,4.6024774,0.690426194
2744,PE,Rice Husk,1.3587,98.6413,49.5694,3.8927,45.8273,0.62,0.0905,4.2416,7.7927,72.676,151.1946,0.3405,15.2897,795.7968,6.9463,17.3941,16.7783,0.9207,57.9249,206.6905,160.956,1.60956,3.2714676,0.399348055
2745,PET,Beetroot Pellets,77.3461,22.6539,56.9074,4.5367,38.1471,0.2932,0.1155,0.1832,1.7566,91.1398,200.1422,0.3181,6.9204,689.7289,8.4409,26.495,8.8535,3.1618,53.0111,278.172,232.1478,2.321478,5.3819116,0.318584639
2746,PU,Sunflower Seed Hulls,86.1597,13.8403,67.1169,7.5631,21.3472,3.8263,0.1465,0.1384,1.9701,94.2965,346.5208,0.3791,3.595,725.754,11.2415,23.7348,4.5505,2.753,57.6899,425.144,373.8423,3.738423,5.1902408,0.473629439
2747,PET,Cherry Stone,22.7815,77.2185,51.6683,5.7825,42.0635,0.339,0.1467,0.785,5.8999,75.8103,196.536,0.3466,17.5048,935.8244,11.11,18.0251,11.2069,0.0835,59.5267,243.7973,203.0641,2.030641,3.5009356,0.616362739
2748,PU,Nectarine Stone,75.0771,24.9229,61.4232,7.7666,27.3474,3.2779,0.185,0.4111,2.5355,91.0932,343.5515,0.4165,5.9602,834.5617,12.3376,20.9327,5.9873,1.1268,59.5791,409.5729,358.1778,3.581778,4.3733754,0.589393628
2749,PU,Cocoa Beans Husk,44.299,55.701,53.1907,6.9487,36.2927,3.3311,0.2368,4.4561,6.4547,81.0024,209.4193,0.3399,8.0868,653.8654,9.9929,18.8156,9.6938,4.3119,57.1145,270.4982,229.2,2.292,4.993659,0.531096537
2750,PU,Plum Stone,21.4004,78.5996,51.9587,6.9595,39.3292,1.5826,0.17,16.6753,5.9101,74.183,226.0278,0.4351,3.2316,704.6924,8.9323,17.5813,10.5053,2.6674,60.2699,279.8023,231.8141,2.318141,4.1348614,0.508056856
2751,PP,Cotton Stalk,82.9152,17.0848,78.8428,12.6406,8.0658,0.2299,0.2209,3.1439,1.7992,92.404,539.4227,0.437,2.6529,878.9116,15.5822,20.2301,3.3639,0.8723,59.924,601.6767,552.7732,5.527732,4.5441536,0.770248293
2752,PE,Cotton Stalk,33.4476,66.5524,59.5344,8.2525,30.3299,0.9659,0.9173,12.2468,7.0087,72.0186,212.5828,0.3131,8.7259,945.0768,20.0349,25.731,3.3511,0.5191,50.1625,271.5704,261.3556,2.613556,5.591713,0.778628891
2753,PE,Cotton Stem,82.1808,17.8192,79.3454,10.2799,9.8189,0.3755,0.1803,0.8313,2.5943,92.5766,493.8889,0.4206,3.9978,656.6629,8.3698,15.9465,6.8093,3.7073,65.1355,550.3758,465.8044,4.658044,4.2404108,0.524867526
2754,PS,Soy Peel,20.1596,79.8404,54.1477,7.0628,36.4738,2.3156,0,5.8055,9.0513,77.9655,244.6144,0.4059,7.1777,663.4267,8.3063,16.1154,10.8614,3.3786,61.333,300.0243,247.361,2.47361,4.1371596,0.515426238
2755,PU,Soy Peel,99.9292,0.0708,65.6754,8.2789,21.6768,4.1991,0.1699,0.0051,0.6075,97.8922,330.8832,0.3541,1.4952,665.0892,10.2165,18.2844,6.8342,3.9933,60.6317,394.4952,340.4325,3.404325,4.8368178,0.558755004
2756,PU,Corn Cobs,85.9722,14.0278,63.1524,7.9742,25.0435,3.6838,0.1462,0.0846,2.4506,93.8621,342.597,0.3965,3.6027,824.145,13.4873,23.0702,4.6538,1.4175,57.3426,415.9489,371.6952,3.716952,4.8709386,0.584619986
2757,PU,Sunflower Seed Hulls,43.5627,56.4373,71.5087,5.3565,20.3845,2.6762,0.0741,0.5644,6.1873,83.1742,316.4275,0.3716,10.0741,716.8897,7.8503,24.6274,5.3961,2.4799,59.6292,389.5884,329.037,3.29037,4.838689,0.318762841
2758,PP,Rubber Wood,79.4837,20.5163,78.4607,12.3515,9.1465,0.0413,0,0.9924,1.4314,94.1252,526.0813,0.4215,3.451,974.0221,17.4597,21.6649,2.6369,0.2358,58.0019,592.8266,556.7308,5.567308,4.6998414,0.805898019
2759,PE,Rice Straw,69.3537,30.6463,75.1827,9.6339,14.8544,0.2111,0.1179,1.5975,2.6064,92.6574,390.3096,0.3622,3.1387,835.7158,16.3163,25.4684,2.1406,1.6385,54.4161,470.0741,440.5156,4.405156,5.5577618,0.640648804
2760,PP,Cherry Stone,66.6544,33.3456,73.2255,11.3024,15.2654,0.1434,0.0634,0.339,2.5271,89.7432,334.1097,0.2972,7.3907,779.0296,20.4208,24.7082,1.682,2.871,50.3035,411.7729,407.8535,4.078535,6.3464976,0.826478659
2761,PET,Olive Pomace,26.2868,73.7132,57.6044,5.7179,36.2321,0.3701,0.0754,3.6174,5.5154,82.4283,204.3216,0.3214,8.4389,867.0172,14.207,27.6546,5.5786,1.0179,51.5208,273.0532,243.9234,2.439234,5.3832438,0.513730085
2762,PE,Elephant Grass,40.5769,59.4231,59.7984,7.6347,31.2087,1.2892,0.069,0.3621,6.9641,82.9569,288.7698,0.3845,9.7169,688.3415,9.8314,17.7689,8.6538,3.069,60.6571,346.9693,293.755,2.93755,4.3993746,0.55329255
2763,PE,Hazelnut Shell,82.4212,17.5788,79.796,10.146,9.4987,0.4192,0.1401,0.1886,1.5052,97.0939,465.5316,0.3889,1.2123,808.1621,14.6167,24.4246,2.3269,1.8538,56.7568,547.8305,503.985,5.03985,5.3197636,0.598441735
2764,PU,Beetroot Pellets,72.9797,27.0203,58.4621,7.4559,30.4335,3.3867,0.2619,0.2185,2.3393,92.8056,260.9091,0.338,4.6366,952.1468,18.1734,27.0096,3.2527,0.4425,51.0648,337.8802,318.7577,3.187577,5.5243518,0.672849653
2765,PU,Soybean Cake,52.1604,47.8396,61.0026,7.4637,24.8099,6.6352,0.0887,2.4733,16.1,75.88,293.1802,0.4237,5.5467,819.7382,11.5639,20.6092,5.9757,1.251,60.5818,350.3227,304.1873,3.041873,4.2935184,0.561103779
2766,PU,Corn Cobs,96.4486,3.5514,65.0476,8.2026,22.5166,4.0693,0.164,0.0214,1.0684,96.8854,347.6756,0.3793,2.0248,744.3014,12.7746,23.644,4.2673,2.5565,56.7253,427.0834,381.8424,3.818424,5.2740278,0.540289291
2767,PP,Rice Straw,10.8398,89.1602,54.5214,6.9309,38.3571,0.1905,0,4.6476,7.5829,78.624,215.2081,0.3513,9.1455,978.2164,15.8857,24.1064,6.1131,0.1241,53.7699,272.5748,245.8966,2.458966,4.7974898,0.658982677
2768,PET,Cotton Stalk,78.0624,21.9376,58.676,4.8684,35.8529,0.3191,0.2836,4.0369,2.4742,86.6336,270.62,0.4233,6.8553,661.5872,5.4172,18.509,11.9302,2.864,61.2079,341.576,271.7438,2.717438,3.9425036,0.292679237
2769,PS,Pistachio Soft Shell,66.8391,33.1609,75.3873,7.5231,16.5126,0.577,0,6.6067,3.2995,85.123,337.8034,0.357,4.9708,977.88,16.3022,28.6922,1.3339,0.4034,53.2674,416.5436,390.0015,3.900015,5.520272,0.568175323
2770,PET,Soy Peel,1.5216,98.4784,45.3051,6.6647,45.1736,2.8566,0,7.111,11.1675,72.7907,192.5524,0.4232,8.9308,875.9888,11.2489,16.5302,11.3233,0.3783,60.5184,237.6981,198.394,1.98394,3.4331178,0.680505983
2771,PP,Safflower Seed,50.3451,49.6549,67.657,10.3974,20.4559,1.4896,0,0.6984,4.6876,80.7865,290.0594,0.2946,13.8275,701.1497,16.9765,20.7378,4.0192,4.0248,54.2351,350.139,330.3068,3.303068,5.8873032,0.818625891
2772,PU,Cotton Stem,51.9677,48.0323,57.552,7.2023,32.3182,2.7297,0.1978,2.2408,7.3048,78.9484,230.0804,0.3319,11.506,753.8881,13.2967,21.2583,6.9211,2.3425,56.129,288.9235,255.1052,2.551052,4.9532044,0.625482753
2773,PU,Coconut Shell,6.2697,93.7303,47.2482,6.181,46.1187,0.4414,0.0107,3.5618,13.441,78.311,145.4605,0.3151,4.6862,717.9905,13.0725,23.9662,9.9197,3.085,49.9487,206.6606,179.3199,1.793199,5.5360012,0.545455683
2774,PE,Banana Stems,35.5053,64.4947,55.6553,7.4816,36.1999,0.6029,0.0604,2.2943,5.9688,84.1568,201.5966,0.2981,7.5801,670.9134,12.9676,22.0292,7.6476,4.5202,52.8121,265.6331,235.1088,2.351088,5.7944116,0.588655058
2775,PE,Rice Husk,66.392,33.608,73.5746,8.7104,17.2224,0.3497,0.1429,1.4451,2.655,90.6774,437.3639,0.4283,5.2225,802.0139,11.4911,21.3069,4.8693,1.5121,60.7971,505.2621,441.9589,4.419589,4.46704,0.539313556
2776,PP,Sorghum Bagasse,42.418,57.582,75.6371,10.852,13.3842,0.0461,0.0807,3.4962,5.2017,82.9095,403.8523,0.3749,8.3926,755.1269,14.4666,20.781,3.8419,2.4463,58.4484,464.992,424.1215,4.241215,5.0565742,0.696145518
2777,PE,Rice Straw,98.0917,1.9083,85.3076,11.1025,3.213,0.2101,0.1668,0.0995,0.1623,99.524,543.5208,0.4066,0.2142,840.8707,14.8914,23.8533,2.0686,1.4625,57.7024,627.0228,578.4003,5.784003,5.137362,0.624290979
2778,PS,Nectarine Stone,26.0928,73.9072,59.4326,6.8141,33.2138,0.3695,0.17,1.2712,6.1832,78.1881,237.1708,0.3328,14.3575,822.5636,13.541,21.7224,7.0075,1.3602,56.3245,294.0264,258.9211,2.589211,4.686402,0.623365742
2779,PU,Nectarine Stone,52.1869,47.8131,57.5044,7.295,32.571,2.4309,0.1987,0.7886,4.3132,84.8323,188.494,0.259,10.0659,978.1703,22.7066,29.2168,2.5436,0.4421,45.0392,261.5682,260.9589,2.609589,6.2919014,0.777176145
2780,PE,Rice Husk,61.4286,38.5714,71.7425,8.3427,19.4056,0.3703,0.1389,1.6586,3.0471,89.3034,435.6918,0.4473,5.9909,818.7022,10.7274,20.2595,5.6842,1.1989,62.1071,499.7902,431.0086,4.310086,4.1404624,0.529499741
2781,PE,Sugarcane Straw,28.4563,71.5437,55.2845,7.4512,37.0089,0.2071,0.0484,8.5792,5.3455,78.9357,171.8293,0.273,7.1396,787.6573,18.7968,27.4421,4.572,2.411,46.7616,237.4648,225.8271,2.258271,6.350897,0.684962157
2782,PE,Sorghum Stalk,69.6106,30.3894,73.7408,9.8793,15.1895,0.5415,0.6487,1.5396,3.0436,88.9082,391.6111,0.3679,6.5086,970.017,18.2952,24.6171,2.1372,0.3559,54.4957,464.424,441.8047,4.418047,5.2050484,0.743190709
2783,PU,Durian Shell,69.8175,30.1825,64.0662,8.3373,23.5917,3.8559,0.1489,2.0242,1.7462,90.0941,249.7628,0.2834,6.1355,738.5786,17.1199,25.6393,3.0231,3.3469,50.8343,324.2825,307.3828,3.073828,6.2776912,0.667721038
2784,PP,Chlorella Vulgaris,44.4053,55.5947,66.958,9.7638,17.4407,5.5317,0.3058,1.0705,5.1,84.6093,373.689,0.3888,9.2202,763.918,13.4816,19.0536,4.9362,2.1453,60.3284,432.4615,387.0525,3.870525,4.6247838,0.707561826
2785,PE,Sunflower Seed Hulls,77.6039,22.3961,83.7449,9.3859,6.2384,0.4989,0.1319,0.224,2.3516,93.6687,498.2797,0.4088,3.7557,891.4261,14.0955,24.5533,2.242,0.8603,58.2306,577.2502,525.8522,5.258522,4.9240172,0.574077619
2786,PE,Colza seed,84.3718,15.6282,79.4505,10.4655,8.9195,1.0211,0.1434,1.4307,1.264,94.2662,340.7201,0.2853,3.0391,809.5546,20.0159,25.0745,1.1953,2.4803,51.2078,415.2228,409.9119,4.099119,6.2090516,0.798257194
2787,PE,Coconut Shell,92.4011,7.5989,82.9431,10.8079,5.8834,0.2085,0.1571,0.2888,1.0866,98.2338,499.0149,0.3917,0.3908,693.67,11.0617,19.4305,4.4752,3.3712,61.635,564.5066,497.161,4.97161,4.8497962,0.569295695
2788,PE,Spirulina Sp.,38.2498,61.7502,57.1303,8.0569,30.2091,4.1867,0.417,1.2222,3.5502,84.6857,226.1976,0.2974,10.5419,692.0808,14.6372,21.4855,6.0052,3.9156,53.845,290.7028,263.7436,2.637436,5.6897754,0.681259454
2789,PET,Sugarcane Straw,2.8435,97.1565,43.6183,5.9139,50.2669,0.2009,0,11.6505,7.2651,71.2515,151.199,0.3808,9.8329,753.2633,9.2963,15.0843,15.5512,1.77,58.296,198.2242,159.4088,1.594088,3.5382822,0.616289785
2790,PU,Soy Peel,79.4092,20.5908,61.4389,7.9548,26.5389,3.9324,0.135,1.4868,2.8107,92.6683,233.4662,0.2836,3.0342,697.8512,14.9152,22.9388,4.9457,4.0153,53.1462,300.2365,275.2692,2.752692,5.9386078,0.650217099
2791,PS,Olive Pomace,84.0953,15.9047,84.7572,8.1335,7.0149,0.0781,0.0163,0.9487,1.1781,96.3416,338.8656,0.2846,1.5316,707.4127,12.6702,20.763,3.8921,3.4238,59.2431,390.5899,351.1519,3.511519,5.21024,0.610229736
2792,PE,Safflower Seed,38.4911,61.5089,63.5447,8.5532,25.9105,1.9261,0.0654,0.8652,5.8066,76.5038,250.6447,0.2959,16.8244,836.7999,18.4216,22.2885,4.2372,1.5304,53.5052,307.0899,290.1956,2.901956,5.345767,0.826506943
2793,PE,Olive Pomace,90.2975,9.7025,83.0689,10.716,5.8144,0.2373,0.1634,0.4761,0.7187,97.8528,513.416,0.4027,0.9524,682.7245,10.1192,18.4156,5.0818,3.4436,62.9128,576.4908,501.1491,5.011491,4.646048,0.549490649
2794,PU,Sunflower Seed Hulls,52.0092,47.9908,70.6379,5.7941,20.5754,2.9042,0.0884,0.4799,5.351,85.3798,356.2109,0.4124,8.7893,900.7193,10.3652,24.4326,4.6769,0.4568,60.0519,426.736,367.7042,3.677042,4.3614836,0.424236471
2795,PET,Cherry Stone,9.1991,90.8009,49.8211,6.0374,43.5758,0.3933,0.1725,0.9231,6.9008,72.4894,201.6147,0.3714,19.6867,706.8953,6.3844,9.2969,16.4336,1.8553,65.9683,241.275,188.0144,1.880144,2.525122,0.686723531
2796,PE,Sunflower Seed Hulls,24.9137,75.0863,78.4864,5.118,15.1746,1.1786,0.0424,0.7509,7.8841,78.8206,241.0533,0.2618,12.5444,988.0106,15.8267,32.3173,0.332,0.7088,50.8052,311.8837,292.9004,2.929004,6.0350138,0.489728412
2797,PE,Pistachio Soft Shell,50.1014,49.8986,65.796,8.3857,24.7596,0.9734,0.0852,9.7402,4.9649,77.8051,235.8063,0.2949,7.4898,996.5926,21.9702,28.6706,1.427,0.4029,47.5115,306.9437,306.0179,3.060179,6.1295154,0.766297182
2798,PU,Sugarcane Straw,67.0694,32.9306,58.2429,7.516,31.2423,2.8847,0.114,3.9489,2.8628,88.9054,202.9147,0.2759,4.2829,784.9042,18.7763,29.2406,2.7338,2.6001,46.6185,281.9961,271.7565,2.717565,6.6429918,0.642131146
2799,PS,Soybean Cake,2.8025,97.1975,56.8533,6.6275,27.4892,9.03,0,5.0307,32.0752,53.2035,135.0455,0.2762,9.6906,650.9246,10.8522,17.8634,8.343,4.7384,58.1956,174.2082,150.423,1.50423,5.1191732,0.607510328
2800,PE,Corn Cobs,31.1669,68.8331,59.5619,7.6895,32.2723,0.4234,0.053,0.4153,9.4942,78.6912,192.5883,0.2655,11.3993,892.9206,21.2776,27.6157,3.2069,1.1351,46.7497,258.517,253.488,2.53488,6.1839248,0.770489251
2801,PET,Coffee Husk,40.3317,59.6683,50.4727,5.4543,44.0607,0.0123,0,1.3524,5.6566,83.1983,163.2613,0.3056,9.7927,689.2048,10.3892,21.9961,11.7452,3.3122,52.5527,227.9377,190.6793,1.906793,5.0793098,0.472320093
2802,PS,Durian Shell,91.8091,8.1909,87.7521,8.4948,3.4943,0.2506,0.0082,0.7329,0.3602,97.5242,516.3055,0.4084,1.3827,935.9565,13.8031,26.9535,1.2682,0.6165,57.3568,605.5833,552.8215,5.528215,5.1075828,0.51210789
2803,PS,Cotton Stalk,9.0986,90.9014,50.243,6.9282,40.4303,1.2234,1.1752,16.7457,9.5729,61.7721,150.0001,0.3127,11.9093,791.232,14.5708,20.5745,8.7936,1.8714,53.8283,195.585,172.396,1.72396,4.8359946,0.70819704
2804,PET,Cocoa Pod Husk,51.2362,48.7638,50.0716,4.9511,44.0789,0.791,0.1073,5.2503,6.1184,80.846,214.2916,0.4363,7.7853,919.7016,8.715,19.9231,11.6349,0.106,59.5904,272.914,221.6545,2.216545,3.4894786,0.437431926
2805,PU,Sorghum Stalk,49.278,50.722,55.5535,7.5568,33.1911,2.7296,0.969,2.5696,5.3756,80.4806,182.5513,0.2639,11.5742,784.2315,18.8775,25.1437,4.714,2.3897,48.6054,246.9445,234.6461,2.346461,6.0623888,0.750784491
2806,PU,Elephant Grass,30.5545,69.4455,49.1831,6.1411,41.9335,2.6904,0.0519,0.4232,8.322,79.4533,205.0151,0.3795,11.8015,903.3683,11.8693,18.8647,10.1709,0.2715,58.8076,257.14,217.3074,2.173074,3.7560336,0.629180427
2807,PP,Açaí Seed,53.3779,46.6221,67.8844,10.3796,21.3719,0.364,0,6.625,4.3125,84.7441,398.2314,0.4292,4.3184,803.9044,13.4191,19.3833,5.2094,1.5757,60.4103,454.794,405.017,4.05017,4.4556592,0.692302136
2808,PU,DDGS,10.9599,89.0401,53.7438,7.2907,33.3356,4.898,0.732,10.9655,7.7361,70.1696,167.6421,0.2834,11.1288,792.7008,17.444,23.8071,5.4266,2.1458,50.9715,223.8358,208.1693,2.081693,5.651843,0.732722591
2809,PU,Sorghum Bagasse,86.6067,13.3933,66.0432,8.3287,21.8139,3.6482,0.166,0.8132,1.7294,94.2643,257.2734,0.2791,3.1931,759.6625,17.8357,26.5522,2.3744,3.0508,50.1482,334.5199,320.5327,3.205327,6.3640192,0.671722117
2810,PE,Açaí Seed,36.9137,63.0863,61.7975,8.1759,29.3938,0.5701,0.0628,8.9646,5.8355,79.7103,310.4449,0.4215,5.4896,957.3913,14.2143,22.1539,5.1655,0.1743,58.2797,367.2057,327.6039,3.276039,4.3889352,0.641616149
2811,PP,Sunflower Seed Hulls,18.0878,81.9122,77.7292,5.0444,15.9977,1.2287,0,0.8191,8.6008,76.8103,342.78,0.3811,13.7698,780.3835,7.8839,24.866,4.7827,1.5487,60.9174,410.6992,346.8163,3.468163,4.5390118,0.317055417
2812,PET,Sorghum Bagasse,59.0217,40.9783,64.6931,6.0997,29.0989,0.0508,0.0574,2.4881,3.8257,84.8544,197.5951,0.2561,8.8318,773.9318,15.895,31.3241,2.6408,2.7031,47.4192,273.6918,255.8228,2.558228,6.6312064,0.507436766
2813,PET,Hazelnut Shell,58.023,41.977,57.3977,4.6989,37.2979,0.6054,0,0.4502,3.716,90.019,244.2239,0.3881,5.8148,724.6048,7.6149,23.4659,9.4581,2.2093,57.2496,319.6616,262.6303,2.626303,4.570042,0.324509181
2814,PE,Spirulina Sp.,31.4268,68.5732,53.9426,7.7096,33.2774,4.6261,0.4443,1.3573,3.9425,82.9957,292.6869,0.4192,11.7045,954.6415,12.6398,17.7134,7.485,0.0807,61.9808,341.7122,295.4854,2.954854,3.6258774,0.713572775
2815,PS,Coconut Shell,31.355,68.645,59.8691,6.8108,33.1897,0.1304,0,2.6712,9.8162,84.149,251.0441,0.3694,3.3636,728.1526,11.3541,24.2121,6.3608,2.6809,55.3887,319.8501,278.3353,2.783353,5.2367296,0.468943214
2816,PE,Cotton Stem,55.8015,44.1985,69.5236,8.9178,20.7425,0.6206,0.1955,2.0619,6.4349,81.6168,267.4403,0.2889,9.8864,665.7733,12.9609,18.1931,6.0608,4.5807,58.1528,316.518,283.0253,2.830253,5.3319984,0.712407451
2817,PP,Cotton Stalk,66.2174,33.7826,72.2779,11.4586,15.3721,0.4546,0.4367,6.2166,3.5577,85.4687,345.6906,0.332,4.757,846.8613,20.3301,24.2214,1.8666,1.6987,51.8133,417.6597,410.1128,4.101128,5.8556818,0.839344547
2818,PE,Hazelnut Shell,18.1074,81.8926,57.1713,6.2896,35.3238,1.1844,0.0308,0.8784,7.0119,86.5351,179.4807,0.2717,5.5746,989.5603,20.5689,32.6461,2.2495,0.3887,44.138,257.8882,251.5504,2.515504,6.4740044,0.630056883
2819,PE,Coconut Shell,73.9201,26.0799,75.5571,9.8544,14.2581,0.2048,0.1257,0.991,3.7294,93.9869,305.9861,0.2819,1.2927,653.0999,12.7601,15.5873,5.942,5.0041,60.6709,346.1767,309.775,3.09775,5.1335584,0.81862157
2820,PET,Sunflower Seed Hulls,74.773,25.227,65.6588,4.0224,29.9175,0.4013,0,0.2523,2.8059,88.9155,321.4674,0.4365,8.0263,718.5983,4.9721,21.2371,9.7661,1.8163,62.2068,397.7548,317.6675,3.176675,3.8630968,0.234123303
2821,PE,Peach Stone,49.3304,50.6696,63.049,9.052,25.563,2.1002,0.2359,1.2776,2.8037,84.6027,242.2758,0.2745,11.316,949.7146,23.6509,26.3931,1.9991,0.6997,47.206,313.9887,318.4084,3.184084,6.1303204,0.896101633
2822,PP,Chlorella Vulgaris,21.606,78.394,59.3294,8.088,24.3512,7.8002,0.4312,1.5095,7.1915,78.5027,319.2578,0.4111,12.7963,974.3333,13.4619,18.6544,5.6929,0.07,62.0354,368.6573,325.056,3.25056,3.8293996,0.72164744
2823,PE,Beetroot Pellets,14.2752,85.7248,45.6551,6.0822,46.7511,1.0501,0.4615,0.6933,6.0327,82.0107,164.9675,0.3343,11.2633,669.4934,9.2143,15.2578,14.9154,3.3445,57.0942,220.1506,178.7024,1.787024,4.1149582,0.60390751
2824,PS,Cocoa Pod Husk,38.8302,61.1698,57.878,6.7249,34.2899,0.9726,0.1346,6.6637,7.54,79.3081,268.9589,0.4189,6.4882,764.1214,9.7669,19.5982,8.6413,1.8,60.162,327.4634,275.495,2.75495,4.1685984,0.498356992
2825,PET,Cotton Stem,92.5461,7.4539,61.1694,4.4605,34.2399,0.1132,0.017,0.3477,1.2796,91.9874,216.3133,0.312,6.3853,661.0335,6.7051,21.1525,11.1315,3.3927,57.6092,284.4096,230.6016,2.306016,4.6039524,0.316988536
2826,PET,Sunflower Seed Hulls,37.1548,62.8452,70.8615,3.5583,24.6262,0.954,0,0.6285,6.6768,80.3047,327.0595,0.427,12.39,963.5544,6.3853,24.5163,6.7495,0.035,62.3137,395.588,323.2705,3.232705,3.7911962,0.26045121
2827,PS,Coffee Husk,5.9692,94.0308,45.4096,6.3482,48.2422,0,0,2.1431,8.7808,76.8854,124.2051,0.2632,12.1907,763.2886,15.5835,21.4449,11.6368,2.4227,48.9086,177.5449,155.8595,1.558595,5.252402,0.726676273
2828,PP,Hazelnut Shell,57.5479,42.4521,70.8042,10.1795,18.4219,0.5943,0,0.4553,3.6349,92.7341,286.6321,0.2773,3.1757,736.2911,18.9376,23.6173,2.6443,3.5704,51.2251,354.6003,344.3017,3.443017,6.2992438,0.801852879
2829,PU,Olive Pomace,30.0652,69.9348,58.8967,6.8335,32.5409,1.6063,0.1227,3.432,5.3607,84.0249,247.5452,0.3532,7.1824,918.8255,15.4529,25.6042,4.7546,0.5343,53.6255,314.5433,285.5076,2.855076,5.0863218,0.60352989
2830,PS,Cotton Stalk,32.9088,67.0912,60.7092,7.3391,30.1814,0.9029,0.8674,12.4118,7.0654,71.733,177.1172,0.267,8.7898,727.4001,16.2423,27.1111,4.0135,3.5722,48.8356,239.7978,223.79,2.2379,6.4490146,0.599101475
2831,PU,Coconut Shell,40.9175,59.0825,54.0653,6.9569,37.0775,1.8308,0.0696,2.2451,8.6943,85.5559,220.3516,0.3545,3.5047,832.1467,14.9575,25.2178,5.7884,1.431,52.5867,288.2235,259.6604,2.596604,5.3051508,0.593132629
2832,PU,Coconut Shell,66.0543,33.9457,59.0111,7.5198,30.5181,2.8388,0.1123,1.2899,5.2505,90.8121,241.3957,0.3225,2.6475,661.9433,11.0146,19.5152,7.847,4.3554,57.2333,303.2132,262.5629,2.625629,5.2077252,0.564411331
2833,PU,Colza seed,10.7773,89.2227,46.516,6.6918,41.5031,5.2707,0.0183,8.1678,7.2812,67.1364,170.7151,0.3446,17.4146,972.9921,12.6784,15.8124,10.2801,0.0247,61.1976,208.2423,177.0778,1.770778,3.3704722,0.801801118
2834,PU,Durian Shell,8.9124,91.0876,60.7895,8.4531,27.4896,3.1616,0.1062,6.1089,4.0593,74.322,234.5627,0.3009,15.5098,747.9322,16.085,20.5725,5.4629,2.6798,55.1702,288.3769,265.065,2.65065,5.2886834,0.781869
2835,PS,Spirulina Sp.,90.3306,9.6694,85.2748,8.2662,5.7609,0.643,0.0551,0.372,0.5559,97.4226,525.5215,0.4305,1.6495,986.9606,13.3051,25.9947,1.8731,0.1907,58.6289,610.4195,551.0061,5.510061,4.7805536,0.511838952
2836,PU,Cocoa Pod Husk,41.4768,58.5232,49.1104,6.7116,41.3062,2.6725,0.1993,6.3011,7.4626,79.4109,216.4838,0.4072,6.8254,953.2754,13.1455,20.8516,8.2718,0.1106,57.5682,270.504,234.0203,2.340203,4.0866104,0.630431238
2837,PP,Cocoa Beans Husk,38.1825,61.8175,59.405,8.9293,29.8544,1.632,0.1793,4.9454,6.8686,79.7528,241.7634,0.3192,8.4332,666.2209,13.1376,19.5387,6.6993,4.6314,55.9441,299.509,267.2837,2.672837,5.5387782,0.672388644
2838,PE,Beetroot Pellets,38.4324,61.5676,57.0186,7.5244,34.2643,0.8134,0.3793,0.498,4.3327,87.0743,230.019,0.3173,8.095,787.2768,15.9064,24.3252,5.4928,2.1045,52.0755,297.7343,272.279,2.72279,5.5362774,0.653906237
2839,PE,Rubber Wood,71.9564,28.0436,76.1582,9.8948,13.6171,0.2076,0.1223,1.3565,1.9565,92.4987,451.5652,0.4061,4.1883,999.9241,16.4675,24.027,2.4661,0.1457,56.8758,524.4525,487.5689,4.875689,4.8580526,0.685374787
2840,PU,Rubber Wood,20.5861,79.4139,53.9897,6.9028,38.0479,1.0246,0.035,3.8414,5.664,78.3682,279.2587,0.4465,12.1264,876.4956,9.7227,15.7243,10.2886,0.3107,63.9446,325.4124,269.1999,2.691999,3.142544,0.618323232
2841,PET,Olive Pomace,77.3688,22.6312,60.7682,4.7586,34.3152,0.1348,0.0232,1.1106,1.8389,90.9254,258.5328,0.3752,6.1251,976.5429,11.4728,28.6877,5.1893,0.114,54.5303,335.7701,291.1769,2.911769,4.8945246,0.399920523
2842,PP,Chlorella Vulgaris,8.9503,91.0497,55.0948,7.1578,28.1872,9.0594,0.5008,1.7532,8.3524,75.113,223.0856,0.329,14.7814,837.8937,14.8664,19.9295,6.127,1.2103,57.7381,276.9998,248.4396,2.484396,4.5499756,0.745949472
2843,PS,Cherry Stone,43.7597,56.2403,66.7873,7.2108,25.6532,0.2418,0.1069,0.6593,4.2622,83.1755,316.2798,0.3697,11.903,897.8462,13.7447,23.3257,4.8636,0.6076,57.4363,379.52,338.2883,3.382883,4.6409866,0.589251341
2844,PE,Plum Stone,70.6736,29.3264,74.9064,9.851,14.6691,0.4036,0.17,6.2217,2.1572,90.5202,391.8394,0.3781,1.1009,796.0511,15.0047,24.5995,2.6052,2.0405,55.7223,468.1959,432.1139,4.321139,5.4505436,0.609959552
2845,PP,Sugarcane Straw,79.8391,20.1609,76.9947,12.2593,10.7044,0.0415,0,2.4176,1.5063,93.6666,393.5675,0.327,2.4095,735.1671,17.6181,22.1322,2.4799,3.4021,54.3627,464.3478,444.3753,4.443753,5.9093638,0.796039255
2846,PE,Sorghum Bagasse,82.0819,17.9181,82.817,10.7419,6.0898,0.1867,0.1646,1.0879,1.6186,94.7315,435.3887,0.3476,2.562,750.1914,14.9731,23.2946,2.3277,2.8654,56.5122,509.7501,473.0981,4.730981,5.5780276,0.642771286
2847,PET,Soy Peel,32.789,67.211,50.6597,5.9246,41.4564,1.9594,0,4.8532,7.6884,79.7439,225.0261,0.4246,7.7145,701.9584,7.4616,15.6979,12.9503,2.3889,61.4982,281.903,226.8102,2.268102,3.6390144,0.475324725
2848,PET,Elephant Grass,16.7957,83.2043,45.3215,5.0546,47.933,1.691,0,0.507,9.7864,75.2558,140.529,0.3229,14.4508,940.4656,11.05,19.1911,13.7905,0.066,55.9018,190.8336,156.4605,1.564605,3.6351066,0.575787735
2849,PS,Coffee Husk,83.9472,16.0528,82.5538,8.1302,9.3161,0,0,0.5317,1.499,95.8881,305.1272,0.2636,2.0812,911.3275,19.8176,27.9528,0.5392,1.4132,50.2755,378.5273,372.4875,3.724875,6.1682792,0.708966544
2850,PE,Colza seed,27.3855,72.6145,55.6417,7.7871,32.546,3.9787,0.0466,6.6474,5.8732,73.4316,230.4253,0.3441,14.0478,803.4191,14.1973,18.7018,7.2537,1.5888,58.2445,279.4093,247.6098,2.476098,4.4585256,0.759140831
2851,PP,Soybean Cake,55.502,44.498,72.3583,10.6122,12.8956,4.134,0,2.3005,14.6843,78.3012,368.3512,0.3897,4.714,886.2942,16.9244,22.4505,2.7719,0.9462,56.9055,429.5532,402.1246,4.021246,4.9953378,0.753854034
2852,PU,Castor Seed Hull,86.768,13.232,62.8504,7.9108,25.4179,3.6734,0.1475,0.2662,0.9531,94.9434,386.5552,0.445,3.8373,981.7557,13.1403,22.1231,4.8654,0.0849,59.7618,454.7761,401.8486,4.018486,4.2370572,0.593962871
2853,PE,Hazelnut Shell,34.8824,65.1176,63.0725,7.2955,28.5878,0.9848,0.0593,0.6985,5.5756,89.2891,305.8382,0.385,4.4368,749.9166,11.5091,23.0804,5.8231,2.2842,57.2884,376.856,328.9384,3.289384,4.9688568,0.498652536
2854,PU,Banana Stems,2.6015,97.3985,39.6564,5.5086,53.9234,0.9072,0.0044,3.4649,9.0295,76.0302,105.3383,0.2927,11.4754,945.6577,14.0706,20.5961,14.9127,0.0872,50.3305,154.6982,129.7199,1.297199,4.145951,0.683168173
2855,PU,Nectarine Stone,98.6892,1.3108,65.4656,8.253,21.9591,4.1515,0.1708,0.0216,0.7017,97.5517,259.5978,0.2794,1.725,819.5704,19.5937,28.8387,1.3066,2.356,47.8682,346.2984,339.729,3.39729,6.5932438,0.67942383
2856,PET,Rubber Wood,75.3257,24.6743,59.4031,4.8794,35.6447,0.0727,0,1.1935,1.8796,89.4128,190.6917,0.284,7.5141,777.4335,12.7384,32.0892,4.5348,2.2064,48.4289,271.4212,241.7801,2.417801,6.2088776,0.39696845
2857,PE,Soy Peel,12.8073,87.1927,50.2872,7.2769,39.8583,2.5557,0.0218,6.2961,9.8849,75.9778,173.799,0.3156,7.8412,777.1626,15.767,22.5533,7.369,2.2186,52.0827,230.5227,208.1179,2.081179,5.3388106,0.699099467
2858,PP,Sugarcane Straw,73.283,26.717,74.2094,11.7421,13.9935,0.055,0,3.2038,1.9962,91.7695,366.7669,0.3252,3.0305,948.0543,22.8881,25.8312,0.976,0.8625,49.4406,449.3066,455.3805,4.553805,6.035421,0.886064139
2859,PE,Chlorella Vulgaris,45.9449,54.0551,67.6661,8.6594,17.8241,5.475,0.3754,1.0408,4.9587,85.2423,360.1598,0.3858,8.7582,940.521,15.78,22.6858,3.4181,0.3774,57.6744,425.2775,390.4117,3.904117,4.69776,0.695589311
2860,PU,Elephant Grass,32.1963,67.8037,49.5733,6.1917,41.4542,2.7261,0.0547,0.4132,8.1394,79.8897,141.637,0.258,11.5577,740.7708,15.562,24.2226,8.5262,2.8653,48.8006,203.1448,182.2147,1.822147,5.758521,0.64245787
2861,PP,Cherry Stone,81.3393,18.6607,78.6574,12.4243,8.8026,0.0802,0.0355,0.1897,1.4142,94.04,439.7815,0.3477,4.3561,772.9979,17.8838,22.8405,2.1203,2.6035,54.5432,516.5391,494.9681,4.949681,5.7414064,0.782986362
2862,PS,Banana Stems,46.153,53.847,62.6095,6.848,30.1014,0.4411,0,2.0079,4.9834,86.6859,207.1097,0.2712,6.3228,826.7156,18.3463,31.3825,2.0359,2.0365,46.1963,287.0721,275.8655,2.758655,6.6646624,0.584602884
2863,PS,Durian Shell,18.384,81.616,65.805,8.475,23.1409,2.4974,0.0816,5.5104,3.5893,77.1222,349.4547,0.4072,13.7781,824.2191,11.9543,17.9054,6.506,1.1365,62.4811,398.6382,346.1797,3.461797,3.9540118,0.667636579
2864,PP,Peach Stone,59.3286,40.6714,67.3246,11.048,19.9027,1.6026,0.122,1.0255,2.2505,87.3522,280.0903,0.2728,9.3718,974.9988,26.6667,25.8742,1.0429,0.6973,45.6956,357.7849,378.9077,3.789077,6.3897862,1.030628966
2865,PU,Spirulina Sp.,20.922,79.078,44.7897,6.564,42.0226,6.1374,0.4863,1.5652,4.6719,79.9609,140.3164,0.2692,13.802,809.6917,16.6669,20.0118,9.4299,1.6783,52.0277,194.4848,174.3795,1.743795,4.9223434,0.832853616
2866,PE,Spirulina Sp.,2.9644,97.0356,40.645,6.2609,46.0769,6.4591,0.5581,1.9206,5.5789,75.9462,189.5823,0.4261,16.5543,952.9513,6.2436,8.5441,15.3838,0.0018,69.6188,224.0763,174.0084,1.740084,1.7515098,0.730749874
2867,PE,Sorghum Bagasse,59.0531,40.9469,78.7518,10.1532,10.7805,0.1568,0.1578,2.4862,3.6989,87.9859,465.3201,0.4128,5.829,969.3605,15.7653,23.074,2.7092,0.2421,58.1875,532.7617,491.0129,4.910129,4.6966482,0.683249545
2868,PE,Sugarcane Straw,49.5467,50.4533,64.3332,8.5563,26.8183,0.2079,0.0842,6.0501,3.7697,85.1394,349.8291,0.4242,5.0408,956.568,14.4313,22.2572,4.7265,0.1948,58.3749,410.4418,368.0658,3.680658,4.432726,0.648387937
2869,PE,Sunflower Seed Hulls,55.0265,44.9735,81.4916,7.5571,10.0675,0.7902,0.0935,0.4497,4.7222,87.3065,414.0666,0.3808,7.5216,735.1048,10.0515,24.3312,3.4555,2.5379,59.6067,489.0311,427.3496,4.273496,5.0598614,0.41311156
2870,PU,Pistachio Soft Shell,73.7329,26.2671,60.3945,7.5655,28.3607,3.5538,0.1253,5.1273,3.0559,86.7808,336.4233,0.4424,5.036,758.6317,9.7973,18.6347,7.678,1.8595,62.0043,398.2855,337.2223,3.372223,4.0717816,0.525755714
2871,PE,Rice Husk,35.2329,64.7671,62.0731,6.4021,30.9277,0.4792,0.1178,2.785,5.1166,82.0525,329.579,0.4492,10.0459,952.2558,9.8104,19.9015,7.6639,0.0682,62.5321,385.7442,324.047,3.24047,3.5915278,0.492947768
2872,PP,Soybean Cake,10.9716,89.0284,59.1469,7.3719,25.2101,8.2711,0,4.6028,29.3794,57.0868,152.5193,0.2763,8.931,776.8197,17.8875,26.696,2.8656,2.5963,49.9511,205.9165,196.3207,1.963207,6.2250214,0.670044201
2873,PP,Cocoa Beans Husk,11.5383,88.4617,48.1318,6.8084,42.4678,2.3354,0.2565,7.0769,9.8291,71.2414,148.2646,0.2948,11.8526,931.3972,18.2009,23.2351,7.4324,0.3838,50.6643,199.1208,182.6979,1.826979,5.0307202,0.783336418
2874,PE,Rice Husk,15.0445,84.9555,54.6211,4.9066,39.8076,0.5631,0.1015,3.6531,6.7115,76.4643,155.3748,0.2783,13.1711,721.1787,10.906,24.9845,9.7038,2.7716,51.5962,218.6054,185.6022,1.856022,5.3181278,0.436510637
2875,PS,Soybean Cake,23.6385,76.3615,64.0018,7.0283,21.8756,7.0943,0,3.9952,25.1993,63.1923,277.5436,0.4404,7.6132,740.9744,8.5454,18.2108,7.4649,1.97,63.8065,326.2247,273.3523,2.733523,3.922724,0.469249017
2876,PS,Peach Stone,31.0578,68.9422,56.0904,7.4378,33.5484,2.7166,0.2068,1.8005,3.8148,79.0014,183.9957,0.2594,15.3833,687.0296,15.229,21.3857,7.0454,4.1192,52.1519,242.8513,220.4594,2.204594,5.8140038,0.712111364
2877,PP,Olive Pomace,21.8652,78.1348,62.4448,7.8817,29.2097,0.3838,0.0799,3.8344,5.7878,82.7444,203.278,0.2617,7.6334,769.4417,19.0867,28.9319,2.5255,2.9757,46.4575,277.3654,269.1401,2.691401,6.7720836,0.659711253
2878,PE,Sorghum Bagasse,90.6962,9.3038,84.3376,10.9621,4.3351,0.1979,0.1672,0.5649,0.8405,97.2547,561.419,0.4315,1.3399,811.104,13.0235,21.9469,3.1647,1.5842,60.2589,636.6598,572.0716,5.720716,4.738991,0.593409548
2879,PE,Spirulina Sp.,11.0578,88.9422,44.4262,6.6728,42.4373,5.9379,0.5258,1.7604,5.1136,77.9508,219.1123,0.4248,15.1752,698.4908,6.1734,7.8477,15.3792,1.8797,68.5484,259.0505,202.6413,2.026413,2.32847,0.786650866
2880,PU,Hazelnut Shell,34.7875,65.2125,55.9808,6.274,35.3121,2.374,0.0591,0.6995,5.7924,88.5535,236.959,0.3606,4.9546,731.5309,11.1636,23.6144,7.3103,2.5618,55.3322,308.2951,266.0428,2.660428,5.0982076,0.472745443
2881,PU,Corn Cobs,12.0954,87.9046,49.7881,6.3637,42.8626,0.9651,0.0206,0.5304,12.1973,72.5424,157.1503,0.2988,14.7299,702.3714,11.5935,17.6619,12.0322,3.0468,55.6537,206.7818,174.511,1.74511,4.5682518,0.656412957
2882,PS,Rice Husk,61.216,38.784,74.2476,6.6723,18.8028,0.2426,0.0347,1.7901,3.0639,89.1345,350.7917,0.37,6.0115,982.9927,14.4756,28.5678,1.9654,0.2571,54.7275,430.9658,393.7385,3.937385,5.2549494,0.506710352
2883,PET,Pistachio Soft Shell,15.6175,84.3825,48.1287,5.3685,45.0298,1.473,0,16.4715,8.4289,61.6542,135.1913,0.3273,13.4454,688.4409,8.4263,15.9336,15.1673,2.8836,57.5852,181.318,145.6499,1.456499,3.9500028,0.528838429
2884,PS,Coffee Husk,81.3876,18.6124,81.3345,8.0717,10.5938,0,0,0.5846,1.7381,95.2643,343.0977,0.3028,2.413,728.0453,13.0958,23.1586,3.3237,3.0714,57.3467,405.8137,367.1888,3.671888,5.4318912,0.565483233
2885,PET,Banana Stems,86.8526,13.1474,59.1185,4.4784,36.2688,0.1343,0,0.4677,1.3991,92.1599,253.2616,0.3834,5.9733,941.1434,10.4916,27.9837,6.2623,0.2062,55.0556,331.0275,282.5237,2.825237,4.7328586,0.374918256
2886,PU,Nectarine Stone,73.3142,26.6858,61.1214,7.7303,27.7497,3.2126,0.186,0.4402,2.6724,90.611,314.8702,0.3853,6.2764,950.1013,15.4585,23.8147,4.3133,0.2882,56.0882,383.8274,348.9897,3.489897,4.7733458,0.649115882
2887,PU,Beetroot Pellets,62.1837,37.8163,55.5741,7.1266,33.939,3.0617,0.2986,0.3059,3.0343,90.7659,212.4336,0.2999,5.8939,740.2322,15.5186,25.9911,5.0865,2.9413,50.3818,287.3403,263.4779,2.634779,6.0038728,0.597073614
2888,PET,Cotton Stalk,39.4042,60.5958,52.5192,5.8107,40.0592,0.8276,0.7834,11.1507,6.4642,72.4366,230.0247,0.4416,9.9485,929.8958,9.196,18.2263,10.4903,0.077,61.8113,279.306,229.292,2.29292,3.3172478,0.504545629
2889,PS,Sugarcane Straw,97.9509,2.0491,89.2348,8.445,2.316,0.0042,0,0.4416,0.1531,99.201,575.3375,0.4457,0.2043,961.7292,12.4868,25.6671,1.9365,0.285,59.6239,661.6805,592.2411,5.922411,4.684659,0.486490488
2890,PU,Plum Stone,9.4079,90.5921,49.8636,6.7581,42.0251,1.1833,0.17,19.2196,6.7203,70.5628,148.6566,0.3181,3.4973,675.5924,12.1182,23.148,8.9668,4.3223,51.3885,205.8069,178.9241,1.789241,5.772797,0.52350959
2891,PS,Sorghum Stalk,37.0339,62.9661,62.1837,7.4626,28.4355,0.8192,1.0989,3.264,6.3062,76.9731,305.1705,0.3992,13.4567,865.1576,11.9079,19.0678,7.0419,0.6778,61.0771,356.5194,307.6307,3.076307,3.9312484,0.624503089
2892,PS,Cherry Stone,27.5985,72.4015,60.0594,6.8412,32.6506,0.3113,0.1376,0.7912,5.487,78.3984,321.4268,0.4396,15.3234,857.4248,9.0339,15.5838,9.7859,0.4417,65.1241,367.7514,303.2815,3.032815,3.0973486,0.579698148
2893,PP,Chlorella Vulgaris,22.0885,77.9115,59.4908,8.1235,24.205,7.7522,0.4285,1.5002,7.1472,78.632,322.8495,0.4137,12.7206,832.4893,11.8918,16.9249,6.8568,0.9895,63.2505,372.43,322.2436,3.222436,3.7710928,0.702621581
2894,PU,Rice Straw,99.56,0.44,65.6243,8.2704,21.7537,4.1825,0.1693,0.0229,0.6347,97.8142,365.8316,0.3921,1.5282,863.6891,14.8443,24.7127,3.3516,1.114,55.9476,446.2138,407.2597,4.072597,5.1157966,0.600674957
2895,PE,Olive Pomace,93.061,6.939,83.898,10.8539,4.8533,0.2295,0.1653,0.3405,0.514,98.4587,343.4086,0.2647,0.6868,830.8847,21.7386,24.3743,0.9185,2.3237,50.6145,413.3688,416.766,4.16766,6.2508152,0.891865613
2896,PP,Rice Husk,3.8358,96.1642,50.4676,4.1779,44.6668,0.6016,0.086,4.1351,7.597,73.3433,188.6034,0.4034,14.9246,888.8586,6.32,15.6479,15.7267,0.0813,62.1953,240.671,186.8021,1.868021,2.6833008,0.403888062
2897,PET,Sunflower Seed Hulls,75.958,24.042,65.4949,4.037,30.0842,0.3839,0,0.2404,2.6839,89.1868,279.4651,0.38,7.8889,738.7721,6.6525,26.2339,7.1056,1.9344,58.072,358.8912,295.8717,2.958717,4.7164566,0.253584103
2898,PE,Sorghum Bagasse,4.7681,95.2319,69.169,8.7654,21.8379,0.0862,0.1415,5.7822,8.6028,72.0847,310.5208,0.362,13.5303,667.8591,10.2046,17.86,6.9997,3.7994,61.1032,362.2614,311.9866,3.119866,4.712642,0.571366181
2899,PE,Rice Straw,19.2487,80.7513,57.5296,7.0734,35.1513,0.213,0.0327,4.2092,6.8677,80.6854,270.6211,0.4055,8.2377,738.8087,9.8842,18.4587,9.1502,2.1685,60.3282,327.6122,275.5643,2.755643,4.1696128,0.535476496
2900,PE,Soy Peel,34.9462,65.0538,59.3499,8.273,30.3575,1.9601,0.0594,4.6975,7.375,82.0722,245.8207,0.3354,5.8553,707.6184,13.8549,22.5053,5.6506,3.4159,54.5552,310.1052,279.0763,2.790763,5.5548892,0.615628319
2901,PE,Sugarcane Straw,6.502,93.498,45.865,6.3008,47.6169,0.2062,0.0111,11.2118,6.9858,72.478,124.5771,0.282,9.3244,886.0687,17.8008,25.096,8.9003,0.8312,47.3662,178.2666,161.7076,1.617076,5.382152,0.709308256
2902,PS,Corn Cobs,92.9913,7.0087,87.2147,8.329,4.4199,0.0364,0,0.2283,0.9667,97.6449,377.2846,0.3025,1.1601,922.8411,17.6134,27.6614,0.496,1.1999,53.0279,455.3351,436.7248,4.367248,5.8171478,0.636750128
2903,PE,Sorghum Bagasse,25.727,74.273,72.8688,9.3012,17.5687,0.1134,0.1478,4.5096,6.7095,78.224,355.4583,0.3712,10.5569,818.5031,14.5882,21.9613,3.9608,1.56,57.9031,414.8148,376.9069,3.769069,4.9011294,0.664268509
2904,PP,Colza seed,46.3537,53.6463,63.3719,9.907,23.8242,2.8969,0,4.911,4.339,80.144,297.8031,0.341,10.606,660.1245,12.4247,17.5885,6.3869,4.6021,58.9902,353.0905,313.3984,3.133984,5.2055704,0.706410439
2905,PE,Beetroot Pellets,50.2045,49.7955,62.5562,8.2272,28.1793,0.698,0.3393,0.4027,3.5043,89.542,307.2875,0.3654,6.551,883.366,16.0452,23.9446,4.2613,0.8928,54.7886,376.1007,345.2054,3.452054,5.0695236,0.670096807
2906,PE,Coconut Shell,80.0357,19.9643,78.0012,10.17,11.4868,0.206,0.1361,0.7586,2.8549,95.3922,330.4296,0.2881,0.9943,924.8748,22.1292,27.4083,0.4751,1.3896,48.5741,413.29,417.8314,4.178314,6.3408762,0.807390462
2907,PS,Sugarcane Straw,71.408,28.592,76.7264,7.7716,15.4431,0.0589,0,3.5714,2.1363,91.4413,396.9323,0.3909,2.851,954.4382,14.74,27.3119,1.9399,0.4245,55.5829,478.0003,438.3754,4.383754,5.1851904,0.53969149
2908,PP,Coconut Shell,35.1152,64.8848,59.901,8.7829,31.1928,0.1233,0,2.4656,9.2785,84.901,227.5134,0.3023,3.3549,809.2193,19.6249,27.0204,3.0243,2.1518,48.1755,299.3719,290.0231,2.900231,6.294404,0.726299389
2909,PU,Olive Pomace,40.223,59.777,59.8834,7.0436,30.9605,1.983,0.1295,2.9335,4.6692,86.0417,191.1082,0.2608,6.3556,952.8335,22.0448,31.8205,1.4752,0.807,43.8202,271.1184,271.0159,2.710159,6.6791274,0.692786097
2910,PS,DDGS,49.7478,50.2522,71.1412,7.8296,18.1221,2.5045,0.4026,6.2882,4.329,83.1941,226.7128,0.2522,6.1887,926.6871,21.7493,29.7415,0.5191,1.3883,46.517,301.1749,302.9862,3.029862,6.5933648,0.731277844
2911,PS,Rice Husk,72.9614,27.0386,79.0787,7.2249,13.503,0.1692,0.0242,1.3086,2.1361,92.3643,387.9706,0.3676,4.191,923.2979,14.4043,28.9001,1.2614,0.7918,54.6377,474.1974,436.0489,4.360489,5.4805414,0.49841696
2912,PU,Sorghum Bagasse,35.0062,64.9938,67.4041,8.5163,22.4068,1.5223,0.1506,3.9462,6.0812,80.2176,363.9746,0.4181,9.755,849.9185,12.4588,19.8234,5.6564,0.9335,61.1007,419.1111,367.4052,3.674052,4.1774918,0.628489563
2913,PE,Plum Stone,2.0506,97.9494,48.9943,6.6943,43.2849,0.8565,0.17,20.7805,7.2051,68.3842,144.9131,0.3271,3.6302,756.1238,14.3616,24.5473,7.9911,2.5762,50.471,199.6491,177.2141,1.772141,5.5662922,0.585058235
2914,PP,Durian Shell,47.9423,52.0577,72.4154,11.0493,14.8903,1.593,0.0521,3.4913,2.2894,85.1914,483.5603,0.4495,9.0279,994.1562,14.5099,18.9504,4.2727,0.0592,62.1999,532.589,479.0803,4.790803,3.9760132,0.765677769
2915,PS,Sunflower Seed Hulls,51.3414,48.6586,83.2907,5.8709,10.1085,0.7299,0,0.5893,5.1092,86.1755,305.902,0.2923,8.126,816.8487,12.6145,28.6031,1.4808,1.8806,55.4192,375.098,339.7676,3.397676,5.6396114,0.441018631
2916,PS,Coffee Husk,11.7284,88.2716,48.1529,6.4798,45.3673,0,0,2.0241,8.243,78.2888,162.3411,0.3131,11.4441,778.216,13.6301,20.2422,10.7957,1.9564,53.3729,216.2254,186.6772,1.866772,4.7229592,0.673350723
2917,PS,Nectarine Stone,5.7098,94.2902,50.947,6.35,42.0147,0.4715,0.2169,1.5666,7.8885,72.2277,209.3499,0.3732,18.3172,944.1809,10.2388,15.2525,11.6155,0.0368,62.7889,249.0736,205.181,2.05181,3.0407798,0.671286674
2918,PU,Açaí Seed,47.9745,52.0255,56.3034,7.3053,33.8887,2.4211,0.0816,7.3928,5.1002,82.2712,189.0568,0.2878,5.2358,839.9445,19.0489,28.4847,3.4399,1.7135,47.2905,259.9829,248.9593,2.489593,6.2597864,0.668741465
2919,PS,Coffee Husk,88.9751,11.0249,84.9488,8.2451,6.8062,0,0,0.4278,1.0295,97.1134,480.6558,0.3987,1.4293,675.0572,7.6403,18.09,6.2682,3.1483,64.8492,540.9055,454.8947,4.548947,4.2315838,0.422349364
2920,PE,Sugarcane Straw,60.0872,39.9128,68.8556,9.1086,21.7253,0.2084,0.1021,4.7861,2.9821,88.2399,303.3811,0.3269,3.9919,874.9601,19.007,27.1321,1.8689,1.3652,50.6069,381.2739,368.2343,3.682343,5.9601422,0.700535528
2921,PE,Durian Shell,40.7314,59.2686,70.7658,9.582,17.6246,1.8992,0.1285,3.9749,2.6065,83.405,365.4472,0.3686,10.0136,715.9444,12.6901,19.9679,4.9613,2.9683,59.386,426.512,380.0687,3.800687,4.9491376,0.635525018
2922,PE,Sorghum Stalk,74.4179,25.5821,75.6769,10.0883,13.1727,0.4891,0.573,1.296,2.5621,90.6598,335.1293,0.3023,5.4821,932.3205,21.6295,27.9314,0.4661,1.3057,48.5763,422.2871,424.1987,4.241987,6.322783,0.774379372
2923,PP,Soy Peel,56.0374,43.9626,67.7483,10.707,20.2696,1.275,0,3.1745,4.984,87.6091,276.9811,0.286,4.2324,697.2769,17.521,20.638,3.8951,4.3549,53.5839,335.2797,318.9872,3.189872,6.0517102,0.848967923
2924,PP,Coffee Husk,17.0894,82.9106,49.9136,7.5171,42.5693,0,0,1.8792,7.7424,79.5439,159.8604,0.2741,10.8345,847.6239,19.7922,24.0675,6.754,1.4415,47.9425,217.0713,204.6464,2.046464,5.6861196,0.822362107
2925,PET,Sunflower Seed Hulls,27.9877,72.0123,72.1293,3.4453,23.3367,1.0887,0,0.7201,7.6201,78.2064,209.003,0.2706,13.4534,928.9637,11.3453,36.5318,0.6608,0.9061,50.5552,285.4543,255.314,2.55314,6.152683,0.310559567
2926,PP,Coconut Shell,70.4998,29.5002,73.894,11.5462,14.5037,0.0561,0,1.121,4.2185,92.8625,347.8326,0.3122,1.798,705.9735,16.6811,20.5829,3.4549,3.9558,55.3191,409.0537,385.9685,3.859685,5.8111806,0.810434876
2927,PP,Safflower Seed,63.5043,36.4957,72.4015,11.3124,15.1912,1.0949,0,0.5133,3.4453,85.7458,347.0922,0.3147,10.2956,872.0435,21.4924,23.5489,1.9268,1.3983,51.6314,417.0231,414.2172,4.142172,5.788932,0.91267108
2928,PET,Spirulina Sp.,32.3689,67.6311,46.6757,5.535,42.8965,4.5074,0.3855,1.3386,3.9563,81.5168,167.0892,0.3276,13.1883,716.1008,9.4564,16.2892,13.6584,2.4581,57.9948,223.7956,182.7161,1.827161,3.9537302,0.580531886
2929,PU,Nectarine Stone,73.6959,26.3041,61.1867,7.7381,27.6626,3.2267,0.1858,0.4339,2.6428,90.7154,319.7969,0.3905,6.2079,805.5146,12.8909,21.8048,5.6678,1.5632,58.0346,387.8832,342.513,3.42513,4.6992476,0.591195517
2930,PU,Corn Cobs,3.2096,96.7904,48.1806,6.17,45.0058,0.6381,0.0055,0.584,13.3697,69.978,161.1325,0.3293,16.0683,913.7968,12.9439,18.1982,11.3613,0.2042,57.2896,204.5411,173.3905,1.733905,3.764018,0.711273642
2931,PU,Beetroot Pellets,78.4657,21.5343,59.9296,7.6232,28.6522,3.5518,0.2432,0.1742,1.9861,93.842,310.5841,0.3861,3.9977,702.6606,10.86,21.1051,6.64,3.039,58.3014,383.1666,331.717,3.31717,4.9200846,0.514567569
2932,PP,Soybean Cake,15.8044,84.1956,60.5807,7.7236,23.8736,7.8221,0,4.3529,27.7845,59.3893,174.4779,0.2959,8.4733,814.9747,18.1113,26.0513,2.7657,1.9845,51.0844,228.7353,218.0837,2.180837,5.9489352,0.695216745
2933,PU,Soy Peel,55.8983,44.1017,56.585,7.5835,32.1097,3.6268,0.095,3.1845,5.3351,86.6828,196.1655,0.2788,4.7976,994.4938,22.8386,29.9383,1.9512,0.3932,44.8554,273.4484,274.3376,2.743376,6.3795602,0.762855606
2934,PET,Coffee Husk,37.3373,62.6627,49.8857,5.5105,44.5924,0.0114,0,1.4203,5.93,82.6215,224.5043,0.427,10.0282,924.5722,9.2407,18.3216,11.867,0.0855,60.4847,279.5047,227.8236,2.278236,3.3371262,0.504360973
2935,PET,Coconut Shell,13.5505,86.4495,48.2037,5.8093,45.8186,0.1684,0,3.2851,12.3907,79.3971,123.6118,0.264,4.9271,989.6938,20.2043,32.3566,5.2135,0.2396,41.985,190.2642,180.9707,1.809707,6.3447728,0.624425929
2936,PS,Cocoa Beans Husk,6.0474,93.9526,46.0893,6.0477,45.1102,2.4803,0.2725,7.5283,10.4392,69.5055,196.4534,0.4396,12.527,798.3029,7.5929,12.0412,14.6965,0.7685,64.8162,238.1002,188.5588,1.885588,2.6123474,0.630576687
2937,PU,Cotton Husk,52.8063,47.1937,58.4743,8.3358,30.2208,2.8793,0.0898,1.3309,3.1472,88.5243,226.48,0.2879,6.9976,700.4013,15.9627,23.7928,4.8651,4.0824,51.2691,296.7696,275.4022,2.754022,6.1833636,0.670904643
2938,PE,Rubber Wood,87.0522,12.9478,81.4453,10.5974,7.6005,0.2089,0.148,0.6263,0.9033,96.5259,341.468,0.2752,1.9445,848.7578,21.4903,25.4684,0.828,2.1024,50.0844,416.7794,418.7657,4.187657,6.28263,0.843802516
2939,PU,Cotton Husk,1.0123,98.9877,50.5552,8.397,39.6162,1.4299,0.0017,2.7916,5.9428,78.2233,233.1731,0.3673,13.0423,908.3187,15.8077,17.7219,7.7977,0.369,58.3021,276.957,247.2565,2.472565,4.072293,0.891986751
2940,PP,Soybean Cake,63.8965,36.1035,74.8487,11.223,10.5741,3.3542,0,1.8666,11.9142,82.3002,377.9472,0.3664,3.919,993.6818,20.2702,24.3487,1.5024,0.3103,53.5673,447.7462,437.3647,4.373647,5.3682052,0.832496191
2941,PE,Sorghum Bagasse,2.3923,97.6077,68.7496,8.7047,22.3218,0.0831,0.1408,5.9264,8.8174,71.3889,237.8071,0.2809,13.8673,909.7601,21.2643,26.5188,2.0179,1.0283,49.1406,300.7278,297.126,2.97126,6.0060446,0.80185755
2942,PET,Açaí Seed,35.5358,64.4642,52.8082,5.6698,41.0078,0.5142,0,9.1604,6.0376,77.3877,154.1658,0.2908,7.4143,720.4687,12.7045,26.6192,8.0203,3.0945,49.5575,219.0565,191.6305,1.916305,5.8339362,0.477268288
2943,PS,Plum Stone,62.0098,37.9902,74.2519,7.7763,17.5766,0.3305,0.0646,8.1838,2.7945,87.6139,366.3285,0.3951,1.4078,980.7248,15.1314,27.4647,1.9882,0.2687,55.1364,443.7424,408.2061,4.082061,5.190938,0.550939934
2944,PS,Sorghum Stalk,9.9759,90.0241,50.1443,7.0181,40.0951,1.1712,1.5712,4.5807,9.0162,67.1637,176.2471,0.3169,19.2394,712.0249,10.5486,13.0664,12.3515,2.5709,60.9257,215.2427,178.8776,1.788776,3.7059974,0.807307292
2945,PET,Cocoa Pod Husk,8.9937,91.0063,39.5913,5.4861,53.2726,1.4498,0.2002,9.7985,11.2366,68.8534,144.4706,0.439,10.1115,715.7324,5.719,9.0841,20.3909,1.5721,63.1532,187.3863,141.8724,1.418724,2.3250604,0.629561542
2946,PE,Cocoa Beans Husk,25.2107,74.7893,54.0225,7.2287,36.4617,2.0274,0.2597,5.9831,8.3099,75.7301,241.7126,0.3962,9.9769,773.4661,10.9841,17.5762,9.2698,1.7225,60.382,292.5193,248.0005,2.480005,4.017539,0.624941683
2947,PP,Sorghum Stalk,42.8899,57.1101,62.7991,9.8547,25.6064,0.743,0.9967,2.8933,5.7197,78.9673,224.0416,0.2592,12.4197,811.6162,23.0883,24.6253,2.567,2.2602,47.2373,288.9687,292.238,2.92238,6.4054758,0.937584517
2948,PS,Açaí Seed,84.5974,15.4026,83.6462,8.175,8.0586,0.1203,0,2.3579,1.4247,94.8789,407.9095,0.3529,1.3385,885.9813,15.0571,28.5902,0.7359,1.3872,54.2283,495.538,461.8359,4.618359,5.7251496,0.526652489
2949,PP,Sorghum Bagasse,98.8796,1.1204,85.3669,13.7917,0.839,0.0009,0.0016,0.068,0.1012,99.1772,583.532,0.4051,0.6536,909.4899,18.271,22.2804,1.8818,0.8369,56.7282,660.8886,631.3287,6.313287,5.0802086,0.820048114
2950,PP,Cotton Husk,32.4798,67.5202,61.8202,10.1689,27.0645,0.9464,0,1.9041,4.0495,84.9981,368.3948,0.4175,9.0483,954.8425,15.9243,19.1205,5.0908,0.1789,59.6846,418.2005,380.0221,3.800221,4.1930536,0.832839099
2951,PS,Cotton Husk,60.1506,39.8494,74.3403,8.4576,16.6435,0.5585,0,1.2441,2.3899,91.1217,329.561,0.3204,5.2443,692.1641,12.056,20.7483,4.9862,3.642,58.5624,389.7446,346.1115,3.461115,5.2201698,0.581059653
2952,PS,Beetroot Pellets,20.8576,79.1424,49.6317,5.9114,43.1115,0.9418,0.4036,0.6818,5.5695,83.3529,231.9366,0.4234,10.3958,962.7978,9.8489,18.2605,10.9097,0.0296,60.8383,285.3637,235.1452,2.351452,3.375101,0.539355439
2953,PE,Açaí Seed,81.1502,18.8498,78.7544,10.2964,10.4936,0.3176,0.138,2.6786,1.7436,93.9235,518.9012,0.4497,1.6543,706.3405,9.7091,19.0663,5.3982,2.7556,63.049,586.8938,505.4983,5.054983,4.4374414,0.509228324
2954,PE,Plum Stone,14.844,85.156,53.8251,7.2828,37.95,0.772,0.17,18.0663,6.264,72.511,215.7659,0.4008,3.1587,854.4807,13.6841,22.6554,6.8292,1.0001,55.7916,270.2623,238.208,2.38208,4.690499,0.604010523
2955,PET,Plum Stone,7.2403,92.7597,49.23,6.4359,43.3672,0.8092,0.1577,19.6794,6.8385,69.6754,195.0001,0.4371,3.8067,833.9744,10.9191,19.8566,9.9622,0.9408,58.2798,245.222,206.1868,2.061868,4.0180008,0.549897767
2956,PP,DDGS,20.5243,79.4757,59.1052,8.5401,27.757,3.961,0.6368,9.7876,6.8464,73.4758,214.4542,0.301,9.8902,712.9586,15.8056,22.1595,4.9787,3.5347,53.3672,272.6202,251.6124,2.516124,5.7645244,0.713265191
2957,PU,Soy Peel,35.864,64.136,52.4488,7.2671,36.8567,3.3664,0.061,4.6312,7.4861,81.5825,153.2721,0.252,6.3002,669.2693,14.8883,22.3442,7.6537,5.0698,50.0167,212.9968,192.8159,1.928159,6.238294,0.666316091
2958,PU,Cherry Stone,51.4712,48.5288,57.3819,7.2755,32.7925,2.3705,0.1797,0.4933,3.9866,84.4823,286.4988,0.3928,11.0378,782.9846,11.1379,18.2485,8.3331,1.6131,60.6244,343.3063,293.0319,2.930319,4.079694,0.610346056
2959,PP,Colza seed,70.0979,29.9021,73.1925,11.6522,13.5406,1.6147,0,2.7374,2.4185,88.7111,290.3136,0.2601,6.133,928.3278,26.5849,26.2397,0.4244,1.539,45.21,371.517,396.8221,3.968221,6.7283334,1.013155638
2960,PS,Hazelnut Shell,43.8501,56.1499,68.0779,6.6479,24.4881,0.786,0,0.69,4.8077,90.6825,260.437,0.3061,3.8198,795.5204,14.8078,30.4304,1.9724,2.303,50.484,343.151,317.7938,3.177938,6.2579468,0.486612072
2961,PU,Cocoa Pod Husk,85.3311,14.6689,61.5343,7.8869,26.5843,3.8171,0.1773,1.5794,2.32,93.2734,241.2901,0.2924,2.8272,815.2546,18.8995,29.2353,1.8505,2.2175,47.7567,326.3639,316.2376,3.162376,6.5186588,0.646461641
2962,PE,Plum Stone,18.3595,81.6405,55.1526,7.4445,36.4841,0.7488,0.17,17.3204,6.0054,73.6451,159.4988,0.282,3.0291,875.5054,20.6935,30.0074,3.0267,1.4092,44.819,224.7056,219.4525,2.194525,6.520324,0.689613229
2963,PET,Cotton Stem,31.113,68.887,52.9234,5.5066,40.619,0.7941,0.1569,3.2136,10.0947,69.7136,210.6833,0.3914,16.9781,958.3211,8.616,16.3739,11.9304,0.019,63.0141,254.5167,206.0814,2.060814,3.0004414,0.526203287
2964,PE,Peach Stone,5.8482,94.1518,43.3707,7.2086,45.406,3.7222,0.2924,2.374,5.2097,71.4067,138.3387,0.2734,21.0096,743.6983,12.9063,11.09,13.3754,2.1271,60.3678,172.0066,145.2094,1.452094,3.5527222,1.163778179
2965,PET,Peach Stone,53.318,46.682,52.1586,5.56,40.2856,1.8558,0.14,1.1771,2.695,82.9923,205.3757,0.3484,13.1356,924.1798,12.2082,21.6233,9.2686,0.2165,56.6407,264.0639,225.0626,2.250626,4.1205284,0.564585424
2966,PET,Cherry Stone,51.0373,48.9627,55.511,5.2523,38.9175,0.2262,0.093,0.4978,3.8179,82.7187,189.0969,0.3055,12.9656,914.1053,13.9089,26.3016,7.259,0.4578,52.0439,254.128,223.3328,2.233328,4.9800552,0.528823342
2967,PP,Durian Shell,45.2395,54.7605,71.733,10.9039,15.6327,1.6757,0.0548,3.6726,2.4083,84.4484,398.323,0.3767,9.4707,990.0788,18.8015,22.0545,2.7459,0.1829,56.2061,459.21,437.1959,4.371959,4.8749072,0.852501757
2968,PU,Plum Stone,28.4247,71.5753,53.1858,7.0775,37.7501,1.8165,0.17,15.1851,5.4355,76.3035,184.7038,0.335,3.0759,966.4784,18.4628,27.7283,4.2075,0.3111,49.2482,247.4597,232.5512,2.325512,5.599122,0.665846806
2969,PS,Spirulina Sp.,71.5692,28.4308,75.7176,7.8184,14.4113,1.8907,0.1621,0.7059,1.6346,92.8094,301.7161,0.2885,4.8501,786.2556,16.0629,26.8768,1.8105,2.5036,52.7129,376.4314,354.0914,3.540914,6.0175588,0.597649274
2970,PU,Coconut Shell,88.355,11.645,63.3988,8.0192,24.6987,3.733,0.1502,0.4425,2.1953,95.4752,311.9754,0.3591,1.887,925.3545,17.418,26.9268,2.5164,0.6938,52.4163,393.8646,370.8433,3.708433,5.5223012,0.646864834
2971,PU,Sorghum Stalk,28.5333,71.4667,51.4077,7.261,37.9072,2.1282,1.2958,3.6206,7.3288,73.352,246.1631,0.4097,15.6986,699.9837,7.5202,10.6771,12.9276,2.2437,66.277,286.3802,230.2472,2.302472,2.9607408,0.704329827
2972,PU,Spirulina Sp.,71.927,28.073,58.2703,7.6708,28.8888,4.8878,0.2823,0.5556,2.0455,91.5382,334.6298,0.4274,5.8607,792.1244,11.1694,19.1254,7.1291,1.5234,60.9947,398.9045,342.9586,3.429586,4.1614728,0.5840087
2973,PU,Rice Straw,93.0796,6.9204,64.6559,8.1284,23.1333,3.9241,0.1582,0.3607,1.1469,96.4,309.2877,0.3424,2.0924,933.9808,18.483,27.8252,1.8758,0.7332,51.0536,394.854,377.871,3.77871,5.7646248,0.664253986
2974,PET,Rice Straw,78.479,21.521,59.7118,4.7115,35.5067,0.07,0,1.1218,1.9951,90.6863,190.0183,0.2837,6.1968,917.1742,15.1871,34.8895,2.7596,0.8005,46.3622,274.0721,251.6652,2.516652,6.3228628,0.43529142
2975,PS,Soybean Cake,57.4891,42.5109,75.6155,7.6793,12.7557,3.9494,0,2.3128,14.0286,79.4203,259.8086,0.2886,4.2383,770.8139,15.3572,25.8427,2.093,2.6527,54.0513,321.6325,299.9143,2.999143,5.8644244,0.594256792
2976,PU,Rice Husk,60.2285,39.7715,59.0791,6.4951,31.5094,2.7784,0.1379,1.7102,3.5033,87.7246,211.6833,0.293,7.0619,857.6582,17.2668,29.3292,3.2331,1.4148,48.7205,288.6328,270.9898,2.709898,6.066792,0.588723866
2977,PP,Spirulina Sp.,84.7326,15.2674,78.4912,12.6683,7.7382,1.0153,0.087,0.3022,0.8778,95.7918,414.0663,0.3232,3.0282,841.1825,21.2806,24.754,0.9858,2.0527,50.9126,500.2458,500.7228,5.007228,6.1521754,0.859683284
2978,PE,Cocoa Beans Husk,44.1102,55.8898,62.0983,8.2323,27.8643,1.5681,0.2371,4.4712,6.21,81.858,334.5281,0.4286,7.4608,913.1989,13.2045,20.4179,5.8294,0.3654,60.1387,390.0967,343.274,3.43274,4.1295546,0.646711954
2979,PP,Cotton Stalk,58.3023,41.6977,69.1659,10.8983,18.8356,0.5612,0.5391,7.6731,4.3912,82.1812,275.8244,0.2889,5.7545,945.9264,24.7515,26.7518,0.9003,0.9862,46.5173,351.6737,364.7714,3.647714,6.3969484,0.925227461
2980,PET,Spirulina Sp.,23.279,76.721,44.5932,5.6965,44.164,5.1091,0.4373,1.5185,4.4598,79.7463,183.3228,0.3786,14.2754,756.1806,7.9766,12.1971,15.2162,1.419,63.0335,232.3584,184.5999,1.845999,2.9063094,0.653975125
2981,PE,Sugarcane Straw,88.4367,11.5633,81.0188,10.5941,8.0272,0.2095,0.1503,1.3866,0.864,96.5787,365.9556,0.2987,1.1707,847.7573,20.124,25.9432,0.8689,2.0355,51.0029,445.8696,440.6911,4.406911,6.1709442,0.775694594
2982,PE,Soy Peel,78.5874,21.4126,77.2146,10.2366,11.6291,0.7861,0.1336,1.5462,2.4275,94.0856,363.6217,0.3202,1.9407,922.0198,20.5103,27.7902,0.5008,1.3501,49.8271,452.8294,449.1033,4.491033,6.2000134,0.738040748
2983,PET,Colza seed,57.4316,42.5684,54.5204,5.2558,37.9075,2.3163,0,3.8969,3.5636,81.3785,148.7673,0.2508,11.161,966.7715,18.4234,31.7689,4.2773,0.3649,45.1645,219.2831,205.9652,2.059652,6.1232428,0.579919355
2984,PU,Corn Cobs,54.0824,45.9176,57.3835,7.279,32.7353,2.5102,0.0919,0.2771,6.6579,84.6591,315.6854,0.444,8.4059,762.7871,9.1615,16.4839,9.3864,1.6535,63.2932,371.4188,309.0687,3.090687,3.6583664,0.555784735
2985,PET,Coconut Shell,93.9393,6.0607,61.1908,4.4371,34.3319,0.0403,0,0.2303,1.064,93.6178,286.8713,0.413,5.0879,833.1662,8.2807,25.586,7.4213,0.912,57.7992,366.1652,304.6735,3.046735,4.4446476,0.323641835
2986,PS,Elephant Grass,64.8524,35.1476,73.2312,7.3382,18.7185,0.7122,0,0.3439,4.1191,89.7945,417.5805,0.4339,5.7425,936.749,11.9469,23.6801,4.1385,0.2754,59.9583,488.0167,428.3553,4.283553,4.372551,0.504512228
2987,PP,Pistachio Soft Shell,38.1189,61.8811,60.789,8.7201,29.4142,1.0767,0,12.0792,6.1572,72.297,227.9457,0.319,9.4666,943.6338,20.2292,24.7928,3.3896,0.5158,51.0713,285.3958,275.3241,2.753241,5.4933028,0.815930431
2988,PP,Elephant Grass,15.4276,84.5724,48.653,6.5346,43.0989,1.7136,0,0.5154,9.9115,75.6782,198.2345,0.3723,13.8949,694.3665,8.4364,12.8843,13.9375,2.584,62.154,244.7012,197.7223,1.977223,3.459625,0.654781401
2989,PS,Durian Shell,4.4256,95.5744,61.6328,8.4712,26.8758,2.9246,0.0956,6.4186,4.2032,73.2437,237.0241,0.301,16.1345,660.7161,12.565,18.0927,7.0569,4.5959,57.6585,289.17,255.9252,2.559252,5.2820324,0.694478989
2990,PS,Durian Shell,42.1656,57.8344,72.9135,8.4814,16.7776,1.7697,0.0578,3.9631,2.5434,83.7301,423.0816,0.4301,9.7634,901.8063,12.4266,20.7908,4.7553,0.4676,61.5498,482.1754,424.0327,4.240327,4.1291144,0.597697058
2991,PP,Plum Stone,75.616,24.384,76.455,12.0822,11.2092,0.2121,0.0415,5.1732,1.7937,91.7514,462.7108,0.4013,1.2817,887.5957,17.5276,22.4571,2.541,0.9761,56.4913,532.8761,502.989,5.02989,5.0720192,0.780492584
2992,PET,Pistachio Soft Shell,49.0775,50.9225,53.6965,4.9581,40.4444,0.9011,0,9.9401,5.1698,74.7539,202.5017,0.389,10.1362,884.0566,9.8027,21.7946,10.0351,0.3917,57.9751,259.7366,215.4393,2.154393,3.9450398,0.44977655
2993,PU,Sunflower Seed Hulls,79.5696,20.4304,67.7964,7.2217,21.1983,3.6484,0.1353,0.2043,2.6225,92.5758,365.7602,0.4045,4.5974,967.4527,13.9025,25.2662,3.3733,0.2106,57.2236,441.5635,397.2529,3.972529,4.760406,0.550241033
2994,PS,Pistachio Soft Shell,29.1081,70.8919,58.5327,6.4149,33.8189,1.2335,0,13.8963,7.0537,68.4233,199.6994,0.3359,10.6267,975.1815,15.6247,25.7535,5.0555,0.1633,53.4023,254.9609,230.9927,2.309927,4.99087,0.606702002
2995,PE,Rice Straw,4.6542,95.3458,52.3877,6.3275,41.0633,0.2135,0.0079,4.97,8.109,77.198,223.1644,0.4002,9.723,799.0794,10.2243,18.2648,10.6533,1.2873,59.5666,276.3088,230.1885,2.301885,3.8664426,0.559781657
2996,PE,Açaí Seed,7.9551,92.0449,50.697,6.7877,41.7664,0.7354,0.0135,13.0796,8.5142,70.4059,196.6975,0.3915,8.0003,796.8626,11.5662,18.9626,9.9241,1.4735,58.0681,245.9766,208.7029,2.087029,4.1659502,0.609948003
2997,PET,Sunflower Seed Hulls,77.0019,22.9981,65.3506,4.0499,30.231,0.3685,0,0.23,2.5765,89.4257,187.2631,0.255,7.7678,977.3097,15.0106,38.6018,0.456,0.7917,45.1392,274.3165,255.253,2.55253,6.7684002,0.388857514
2998,PET,Plum Stone,24.8129,75.1871,51.6814,6.0376,41.4914,0.6617,0.1278,15.9513,5.5828,74.4142,177.2113,0.3609,4.0517,868.8882,13.8765,25.7733,7.1112,0.9041,52.2996,236.915,208.7646,2.087646,5.0697656,0.538406025
2999,PET,Soybean Cake,89.9563,10.0437,61.5393,4.5586,32.9414,0.9606,0,0.5193,3.5033,90.3883,211.3747,0.3067,5.5891,888.3596,13.2904,33.8668,2.8303,0.9747,49.0367,295.4923,266.063,2.66063,6.0515226,0.392431526
3000,PS,Elephant Grass,46.6042,53.3958,64.4209,6.7366,27.7606,1.0819,0,0.4186,6.2577,84.5997,350.1441,0.4427,8.724,790.9141,8.8785,18.905,8.0504,1.3154,62.8492,410.9098,343.2153,3.432153,3.8118212,0.469637662