# ID,Inputs,,,,,,,,,,,,,,,,,,,,,,,,,,,Outputs,,,,,,,,,,,,Other,
# ,Feedstock information,,,,Ultimate Analysis,,,,,Proximate Analysis,,,,Lignocellulosic Composition,,,Gasifier Conditions and Information,,,,,,,,,,,Gas Composition,,,,,,,,Yield and Process Efficiency,,,,Other information and notes,
,Type,Shape,Particle size [mm],LHV [MJ/kg wb],C [%daf],H [%daf],N [%daf],S [%daf],O [%daf],Ash [%db],Moisture [%wb],Volatile Matter [%db],Fixed carbon  [%db],Cellulose [%db],Hemicellulose [%db],Lignin [%db],Temperature [ï¿½C],Operation (Batch/Continuous),Operating Pressure [kPa],Residence time [min],Steam/Biomass [wt/wt],ER,Gasifying agent,Reactor Type,Bed material,Catalyst,Scale,N2 [vol.% db],H2 [vol.% db],CO [vol.% db],CO2 [vol.% db],CH4 [vol.% db],C2Hn [vol.% db],LHV [MJ/Nm3 db],Tar [g/Nm3 db],Gas yield [Nm3/kg wb],Char yield [g/kg wb],CGE [%] (wb),CCE [%] (wb),Reference,Notes
1,solid recovered fuel,pellets,5x30,19.45,58.53,8.45,0.92,0.27,31.83,20.69,6.40,-,-,-,-,-,849.00,continuous,-,120.00,0.00,0.26,air,bubbling fluidised bed,olivine,olivine,pilot-scale (400 kW_th),61.94,8.50,9.77,13.40,4.19,2.20,5.39,73.00,1.62,-,53.00,70.00,"Arena, Fuel 2014, 117, 528-536",Average taken for chemical properties of fuel and converted to appropriate basis where necessary
2,solid recovered fuel,pellets,5x30,19.45,58.53,8.45,0.92,0.27,31.83,20.69,6.40,-,-,-,-,-,852.00,continuous,-,120.00,0.00,0.26,air,bubbling fluidised bed,olivine,olivine,pilot-scale (400 kW_th),61.04,7.16,9.04,15.79,4.23,2.74,5.65,47.00,1.73,-,56.00,80.00,"Arena, Fuel 2014, 117, 528-536",Average taken for chemical properties of fuel and converted to appropriate basis where necessary
3,solid recovered fuel,pellets,5x30,19.45,58.53,8.45,0.92,0.27,31.83,20.69,6.40,-,-,-,-,-,869.00,continuous,-,120.00,0.00,0.27,air,bubbling fluidised bed,olivine,olivine,pilot-scale (400 kW_th),61.94,8.48,10.52,12.33,4.59,2.15,5.55,58.00,1.72,-,58.00,75.00,"Arena, Fuel 2014, 117, 528-536",Average taken for chemical properties of fuel and converted to appropriate basis where necessary
4,solid recovered fuel,pellets,5x30,19.45,58.53,8.45,0.92,0.27,31.83,20.69,6.40,-,-,-,-,-,879.00,continuous,-,120.00,0.00,0.30,air,bubbling fluidised bed,olivine,olivine,pilot-scale (400 kW_th),62.03,8.26,10.43,12.86,4.36,2.06,5.16,39.00,1.91,-,61.00,81.00,"Arena, Fuel 2014, 117, 528-536",Average taken for chemical properties of fuel and converted to appropriate basis where necessary
5,solid recovered fuel,pellets,5x30,19.45,58.53,8.45,0.92,0.27,31.83,20.69,6.40,-,-,-,-,-,898.00,continuous,-,120.00,0.00,0.32,air,bubbling fluidised bed,olivine,olivine,pilot-scale (400 kW_th),60.89,7.11,12.78,14.09,3.34,1.79,4.91,5.00,2.04,-,61.00,92.00,"Arena, Fuel 2014, 117, 528-536",Average taken for chemical properties of fuel and converted to appropriate basis where necessary
6,solid recovered fuel,pellets,5x30,19.45,58.53,8.45,0.92,0.27,31.83,20.69,6.40,-,-,-,-,-,932.00,continuous,-,120.00,0.00,0.33,air,bubbling fluidised bed,olivine,olivine,pilot-scale (400 kW_th),64.88,7.71,10.62,11.71,3.80,1.28,4.69,42.00,2.00,-,57.00,79.00,"Arena, Fuel 2014, 117, 528-536",Average taken for chemical properties of fuel and converted to appropriate basis where necessary
7,refuse derived fuel,pellets,2x5,27.30,69.35,10.13,0.61,0.73,19.17,16.51,1.90,-,-,-,-,-,899.00,continuous,-,-,0.00,0.34,air,bubbling fluidised bed,olivine,olivine,pilot-scale (500 kW_th),64.70,5.90,7.60,13.40,6.60,1.80,5.20,15.00,2.49,-,48.00,57.58,"Arena, Waste Management 2010, 30, 1212-1219",Average taken for some of fuel properties; Gas yield calculated based on other available data (specific energy and LHV syngas) given in paper; N estimated by difference; CCE estimated by equation (hence some values >1)
8,refuse derived fuel,pellets,2x5,27.30,69.35,10.13,0.61,0.73,19.17,16.51,1.90,-,-,-,-,-,896.00,continuous,-,-,0.00,0.28,air,bubbling fluidised bed,olivine,olivine,pilot-scale (500 kW_th),62.30,7.90,8.70,12.30,7.00,1.80,5.70,43.00,2.21,-,46.00,51.52,"Arena, Waste Management 2010, 30, 1212-1219",Average taken for some of fuel properties; Gas yield calculated based on other available data (specific energy and LHV syngas) given in paper; N estimated by difference; CCE estimated by equation (hence some values >1)
9,refuse derived fuel,pellets,2x5,27.30,69.35,10.13,0.61,0.73,19.17,16.51,1.90,-,-,-,-,-,869.00,continuous,-,-,0.00,0.23,air,bubbling fluidised bed,olivine,olivine,pilot-scale (500 kW_th),57.90,9.20,9.10,12.80,8.30,2.70,6.90,54.00,1.93,-,49.00,50.60,"Arena, Waste Management 2010, 30, 1212-1219",Average taken for some of fuel properties; Gas yield calculated based on other available data (specific energy and LHV syngas) given in paper; N estimated by difference; CCE estimated by equation (hence some values >1)
10,palm empty fruit bunch,fibres,4,13.96,43.52,5.72,1.20,0.66,48.90,4.88,7.80,86.05,9.07,-,-,-,650.00,continuous,atmospheric,-,0.00,0.25,air,air-blown fluidised bed,silica sand,-,pilot-scale,62.00,7.25,11.50,17.00,2.25,0.00,3.27,-,1.30,-,28.00,50.00,"Lahijani, Bioresource Technology 2011, 102, 2068-2076",N2 content calculated by difference; LHV and HHV assumed to be the same for syngas due to low moisture content; LHV feedstock estimated from HHV ; average particle size used
11,palm empty fruit bunch,fibres,4,13.96,43.52,5.72,1.20,0.66,48.90,4.88,7.80,86.05,9.07,-,-,-,750.00,continuous,atmospheric,-,0.00,0.25,air,air-blown fluidised bed,silica sand,-,pilot-scale,57.40,6.50,13.75,18.75,3.60,0.00,3.45,-,1.50,-,37.00,64.00,"Lahijani, Bioresource Technology 2011, 102, 2068-2076",N2 content calculated by difference; LHV and HHV assumed to be the same for syngas due to low moisture content; LHV feedstock estimated from HHV ; average particle size used
12,palm empty fruit bunch,fibres,4,13.96,43.52,5.72,1.20,0.66,48.90,4.88,7.80,86.05,9.07,-,-,-,850.00,continuous,atmospheric,-,0.00,0.25,air,air-blown fluidised bed,silica sand,-,pilot-scale,53.00,7.25,17.25,19.00,3.50,0.00,4.45,-,1.75,-,50.00,75.00,"Lahijani, Bioresource Technology 2011, 102, 2068-2076",N2 content calculated by difference; LHV and HHV assumed to be the same for syngas due to low moisture content; LHV feedstock estimated from HHV ; average particle size used
13,palm empty fruit bunch,fibres,4,13.96,43.52,5.72,1.20,0.66,48.90,4.88,7.80,86.05,9.07,-,-,-,950.00,continuous,atmospheric,-,0.00,0.25,air,air-blown fluidised bed,silica sand,-,pilot-scale,51.75,9.50,18.75,17.00,3.00,0.00,4.95,-,1.90,-,63.00,82.00,"Lahijani, Bioresource Technology 2011, 102, 2068-2076",N2 content calculated by difference; LHV and HHV assumed to be the same for syngas due to low moisture content; LHV feedstock estimated from HHV ; average particle size used
14,palm empty fruit bunch,fibres,4,13.96,43.52,5.72,1.20,0.66,48.90,4.88,7.80,86.05,9.07,-,-,-,1050.00,continuous,atmospheric,-,0.00,0.25,air,air-blown fluidised bed,silica sand,-,pilot-scale,50.75,12.25,20.00,14.00,3.00,0.00,5.37,-,2.00,-,71.00,89.00,"Lahijani, Bioresource Technology 2011, 102, 2068-2076",N2 content calculated by difference; LHV and HHV assumed to be the same for syngas due to low moisture content; LHV feedstock estimated from HHV ; average particle size used
15,palm empty fruit bunch,fibres,4,13.96,43.52,5.72,1.20,0.66,48.90,4.88,7.80,86.05,9.07,-,-,-,770.00,continuous,atmospheric,-,0.00,0.17,air,air-blown fluidised bed,silica sand,-,pilot-scale,55.75,7.50,15.75,18.00,3.00,0.00,4.25,-,1.20,-,29.00,47.00,"Lahijani, Bioresource Technology 2011, 102, 2068-2076",N2 content calculated by difference; LHV and HHV assumed to be the same for syngas due to low moisture content; LHV feedstock estimated from HHV ; average particle size used
16,palm empty fruit bunch,fibres,4,13.96,43.52,5.72,1.20,0.66,48.90,4.88,7.80,86.05,9.07,-,-,-,770.00,continuous,atmospheric,-,0.00,0.21,air,air-blown fluidised bed,silica sand,-,pilot-scale,54.28,5.55,16.62,19.24,4.31,0.00,4.53,-,1.30,-,36.00,59.00,"Lahijani, Bioresource Technology 2011, 102, 2068-2076",N2 content calculated by difference; LHV and HHV assumed to be the same for syngas due to low moisture content; LHV feedstock estimated from HHV ; average particle size used
17,palm empty fruit bunch,fibres,4,13.96,43.52,5.72,1.20,0.66,48.90,4.88,7.80,86.05,9.07,-,-,-,770.00,continuous,atmospheric,-,0.00,0.28,air,air-blown fluidised bed,silica sand,-,pilot-scale,57.50,5.00,14.75,19.75,3.00,0.00,3.80,-,1.65,-,38.00,67.00,"Lahijani, Bioresource Technology 2011, 102, 2068-2076",N2 content calculated by difference; LHV and HHV assumed to be the same for syngas due to low moisture content; LHV feedstock estimated from HHV ; average particle size used
18,palm empty fruit bunch,fibres,4,13.96,43.52,5.72,1.20,0.66,48.90,4.88,7.80,86.05,9.07,-,-,-,770.00,continuous,atmospheric,-,0.00,0.32,air,air-blown fluidised bed,silica sand,-,pilot-scale,58.50,4.00,13.75,21.00,2.75,0.00,3.35,-,1.76,-,39.00,71.00,"Lahijani, Bioresource Technology 2011, 102, 2068-2076",N2 content calculated by difference; LHV and HHV assumed to be the same for syngas due to low moisture content; LHV feedstock estimated from HHV ; average particle size used
19,sawdust,fibres,4,15.73,44.96,5.83,3.10,0.61,45.50,0.47,14.60,89.11,10.42,-,-,-,650.00,continuous,atmospheric,-,0.00,0.25,air,air-blown fluidised bed,silica sand,-,pilot-scale,61.00,6.00,15.00,15.00,3.00,0.00,3.86,-,1.20,-,30.00,52.00,"Lahijani, Bioresource Technology 2011, 102, 2068-2076",N2 content calculated by difference; LHV and HHV assumed to be the same for syngas due to low moisture content; LHV feedstock estimated from HHV ; average particle size used
20,sawdust,fibres,4,15.73,44.96,5.83,3.10,0.61,45.50,0.47,14.60,89.11,10.42,-,-,-,750.00,continuous,atmospheric,-,0.00,0.25,air,air-blown fluidised bed,silica sand,-,pilot-scale,59.75,6.00,14.50,17.50,2.25,0.00,3.50,-,1.70,-,35.00,70.00,"Lahijani, Bioresource Technology 2011, 102, 2068-2076",N2 content calculated by difference; LHV and HHV assumed to be the same for syngas due to low moisture content; LHV feedstock estimated from HHV ; average particle size used
21,sawdust,fibres,4,15.73,44.96,5.83,3.10,0.61,45.50,0.47,14.60,89.11,10.42,-,-,-,850.00,continuous,atmospheric,-,0.00,0.25,air,air-blown fluidised bed,silica sand,-,pilot-scale,55.25,8.00,15.00,19.00,2.75,0.00,4.00,-,1.75,-,43.00,79.00,"Lahijani, Bioresource Technology 2011, 102, 2068-2076",N2 content calculated by difference; LHV and HHV assumed to be the same for syngas due to low moisture content; LHV feedstock estimated from HHV ; average particle size used
22,sawdust,fibres,4,15.73,44.96,5.83,3.10,0.61,45.50,0.47,14.60,89.11,10.42,-,-,-,950.00,continuous,atmospheric,-,0.00,0.25,air,air-blown fluidised bed,silica sand,-,pilot-scale,50.00,14.50,16.00,16.75,2.75,0.00,5.10,-,1.80,-,58.00,82.00,"Lahijani, Bioresource Technology 2011, 102, 2068-2076",N2 content calculated by difference; LHV and HHV assumed to be the same for syngas due to low moisture content; LHV feedstock estimated from HHV ; average particle size used
23,sawdust,fibres,4,15.73,44.96,5.83,3.10,0.61,45.50,0.47,14.60,89.11,10.42,-,-,-,1050.00,continuous,atmospheric,-,0.00,0.25,air,air-blown fluidised bed,silica sand,-,pilot-scale,46.70,19.50,17.80,13.25,2.75,0.00,5.87,-,2.00,-,72.00,84.00,"Lahijani, Bioresource Technology 2011, 102, 2068-2076",N2 content calculated by difference; LHV and HHV assumed to be the same for syngas due to low moisture content; LHV feedstock estimated from HHV ; average particle size used
24,pine saw dust,dust,0.375,18.98,50.82,7.12,0.15,0.57,41.34,0.55,8.00,82.29,17.16,-,-,-,700.00,continuous,atmospheric,-,2.70,0.22,air + steam,fluidised bed,silica sand,-,small-scale (smaller than pilot),-,22.00,42.50,21.00,8.50,4.50,7.95,-,1.43,-,59.87,78.17,"Lv, Bioresource Technology 2004, 95, 95-101",LHV feedstock estimated from HHV; CGE estimated using equation (hence some values >100%); average particle size taken
25,pine saw dust,dust,0.375,18.98,50.82,7.12,0.15,0.57,41.34,0.55,8.00,82.29,17.16,-,-,-,750.00,continuous,atmospheric,-,2.70,0.22,air + steam,fluidised bed,silica sand,-,small-scale (smaller than pilot),-,28.00,39.00,19.00,8.00,3.50,7.65,-,1.51,-,60.88,80.66,"Lv, Bioresource Technology 2004, 95, 95-101",LHV feedstock estimated from HHV; CGE estimated using equation (hence some values >100%); average particle size taken
26,pine saw dust,dust,0.375,18.98,50.82,7.12,0.15,0.57,41.34,0.55,8.00,82.29,17.16,-,-,-,800.00,continuous,atmospheric,-,2.70,0.22,air + steam,fluidised bed,silica sand,-,small-scale (smaller than pilot),-,32.00,37.50,18.00,7.50,3.50,8.56,-,2.23,-,100.58,85.90,"Lv, Bioresource Technology 2004, 95, 95-101",LHV feedstock estimated from HHV; CGE estimated using equation (hence some values >100%); average particle size taken
27,pine saw dust,dust,0.375,18.98,50.82,7.12,0.15,0.57,41.34,0.55,8.00,82.29,17.16,-,-,-,850.00,continuous,atmospheric,-,2.70,0.22,air + steam,fluidised bed,silica sand,-,small-scale (smaller than pilot),-,36.50,34.00,18.50,7.50,2.50,8.22,-,2.45,-,106.16,92.35,"Lv, Bioresource Technology 2004, 95, 95-101",LHV feedstock estimated from HHV; CGE estimated using equation (hence some values >100%); average particle size taken
28,pine saw dust,dust,0.375,18.98,50.82,7.12,0.15,0.57,41.34,0.55,8.00,82.29,17.16,-,-,-,900.00,continuous,atmospheric,-,2.70,0.22,air + steam,fluidised bed,silica sand,-,small-scale (smaller than pilot),-,39.00,33.50,19.00,6.50,1.00,7.36,-,2.53,-,98.14,92.59,"Lv, Bioresource Technology 2004, 95, 95-101",LHV feedstock estimated from HHV; CGE estimated using equation (hence some values >100%); average particle size taken
29,pine saw dust,dust,0.375,18.98,50.82,7.12,0.15,0.57,41.34,0.55,8.00,82.29,17.16,-,-,-,800.00,continuous,atmospheric,-,1.56,0.19,air + steam,fluidised bed,silica sand,-,small-scale (smaller than pilot),-,32.50,37.50,17.75,7.75,3.00,8.82,-,2.13,-,98.96,76.26,"Lv, Bioresource Technology 2004, 95, 95-101",LHV feedstock estimated from HHV; CGE estimated using equation (hence some values >100%); average particle size taken
30,pine saw dust,dust,0.375,18.98,50.82,7.12,0.15,0.57,41.34,0.55,8.00,82.29,17.16,-,-,-,800.00,continuous,atmospheric,-,1.56,0.21,air + steam,fluidised bed,silica sand,-,small-scale (smaller than pilot),-,32.00,39.00,17.50,7.75,3.00,8.84,-,2.25,-,104.79,84.49,"Lv, Bioresource Technology 2004, 95, 95-101",LHV feedstock estimated from HHV; CGE estimated using equation (hence some values >100%); average particle size taken
31,pine saw dust,dust,0.375,18.98,50.82,7.12,0.15,0.57,41.34,0.55,8.00,82.29,17.16,-,-,-,800.00,continuous,atmospheric,-,1.56,0.23,air + steam,fluidised bed,silica sand,-,small-scale (smaller than pilot),-,32.00,40.00,17.50,7.50,3.00,8.71,-,2.37,-,108.75,90.60,"Lv, Bioresource Technology 2004, 95, 95-101",LHV feedstock estimated from HHV; CGE estimated using equation (hence some values >100%); average particle size taken
32,pine saw dust,dust,0.375,18.98,50.82,7.12,0.15,0.57,41.34,0.55,8.00,82.29,17.16,-,-,-,800.00,continuous,atmospheric,-,1.56,0.25,air + steam,fluidised bed,silica sand,-,small-scale (smaller than pilot),-,32.00,39.00,18.25,7.50,2.75,8.16,-,2.18,-,93.78,84.00,"Lv, Bioresource Technology 2004, 95, 95-101",LHV feedstock estimated from HHV; CGE estimated using equation (hence some values >100%); average particle size taken
33,pine saw dust,dust,0.375,18.98,50.82,7.12,0.15,0.57,41.34,0.55,8.00,82.29,17.16,-,-,-,800.00,continuous,atmospheric,-,1.56,0.27,air + steam,fluidised bed,silica sand,-,small-scale (smaller than pilot),-,32.50,37.50,19.75,7.25,2.50,7.28,-,1.88,-,72.09,70.60,"Lv, Bioresource Technology 2004, 95, 95-101",LHV feedstock estimated from HHV; CGE estimated using equation (hence some values >100%); average particle size taken
34,pine saw dust,dust,0.375,18.98,50.82,7.12,0.15,0.57,41.34,0.55,8.00,82.29,17.16,-,-,-,800.00,continuous,atmospheric,-,0.00,0.22,air,fluidised bed,silica sand,-,small-scale (smaller than pilot),-,33.00,43.00,16.00,6.00,2.00,6.74,-,1.46,-,51.86,68.67,"Lv, Bioresource Technology 2004, 95, 95-101",LHV feedstock estimated from HHV; CGE estimated using equation (hence some values >100%); average particle size taken
35,pine saw dust,dust,0.375,18.98,50.82,7.12,0.15,0.57,41.34,0.55,8.00,82.29,17.16,-,-,-,800.00,continuous,atmospheric,-,1.35,0.22,air + steam,fluidised bed,silica sand,-,small-scale (smaller than pilot),-,30.00,40.50,17.00,8.00,3.25,9.14,-,2.39,-,115.14,92.09,"Lv, Bioresource Technology 2004, 95, 95-101",LHV feedstock estimated from HHV; CGE estimated using equation (hence some values >100%); average particle size taken
36,pine saw dust,dust,0.375,18.98,50.82,7.12,0.15,0.57,41.34,0.55,8.00,82.29,17.16,-,-,-,800.00,continuous,atmospheric,-,2.02,0.22,air + steam,fluidised bed,silica sand,-,small-scale (smaller than pilot),-,31.00,39.00,17.50,7.75,3.00,8.91,-,2.34,-,109.80,88.70,"Lv, Bioresource Technology 2004, 95, 95-101",LHV feedstock estimated from HHV; CGE estimated using equation (hence some values >100%); average particle size taken
37,pine saw dust,dust,0.375,18.98,50.82,7.12,0.15,0.57,41.34,0.55,8.00,82.29,17.16,-,-,-,800.00,continuous,atmospheric,-,2.70,0.22,air + steam,fluidised bed,silica sand,-,small-scale (smaller than pilot),-,32.50,37.50,18.50,7.50,3.00,8.56,-,2.23,-,100.58,85.90,"Lv, Bioresource Technology 2004, 95, 95-101",LHV feedstock estimated from HHV; CGE estimated using equation (hence some values >100%); average particle size taken
38,pine saw dust,dust,0.375,18.98,50.82,7.12,0.15,0.57,41.34,0.55,8.00,82.29,17.16,-,-,-,800.00,continuous,atmospheric,-,4.04,0.22,air + steam,fluidised bed,silica sand,-,small-scale (smaller than pilot),-,32.50,37.50,19.00,7.50,3.00,8.10,-,1.95,-,83.23,75.10,"Lv, Bioresource Technology 2004, 95, 95-101",LHV feedstock estimated from HHV; CGE estimated using equation (hence some values >100%); average particle size taken
39,pine saw dust,dust,0.75,18.98,50.82,7.12,0.15,0.57,41.34,0.55,8.00,82.29,17.16,-,-,-,800.00,continuous,atmospheric,-,1.56,0.23,air + steam,fluidised bed,silica sand,-,small-scale (smaller than pilot),-,32.25,37.50,21.25,6.50,2.50,6.98,-,1.53,-,56.24,77.62,"Lv, Bioresource Technology 2004, 95, 95-101",LHV feedstock estimated from HHV; CGE estimated using equation (hence some values >100%); average particle size taken
40,pine saw dust,dust,0.53,18.98,50.82,7.12,0.15,0.57,41.34,0.55,8.00,82.29,17.16,-,-,-,800.00,continuous,atmospheric,-,1.56,0.23,air + steam,fluidised bed,silica sand,-,small-scale (smaller than pilot),-,32.25,37.50,19.50,7.50,3.00,7.94,-,1.93,-,80.72,84.40,"Lv, Bioresource Technology 2004, 95, 95-101",LHV feedstock estimated from HHV; CGE estimated using equation (hence some values >100%); average particle size taken
41,pine saw dust,dust,0.38,18.98,50.82,7.12,0.15,0.57,41.34,0.55,8.00,82.29,17.16,-,-,-,800.00,continuous,atmospheric,-,1.56,0.23,air + steam,fluidised bed,silica sand,-,small-scale (smaller than pilot),-,32.25,40.00,17.00,7.50,3.00,8.71,-,2.37,-,108.75,90.60,"Lv, Bioresource Technology 2004, 95, 95-101",LHV feedstock estimated from HHV; CGE estimated using equation (hence some values >100%); average particle size taken
42,pine saw dust,dust,0.25,18.98,50.82,7.12,0.15,0.57,41.34,0.55,8.00,82.29,17.16,-,-,-,800.00,continuous,atmospheric,-,1.56,0.23,air + steam,fluidised bed,silica sand,-,small-scale (smaller than pilot),-,30.50,41.00,17.00,7.75,3.50,8.74,-,2.57,-,118.32,95.10,"Lv, Bioresource Technology 2004, 95, 95-101",LHV feedstock estimated from HHV; CGE estimated using equation (hence some values >100%); average particle size taken
43,sewage sludge,spherical aggregate,3.5,11.50,48.75,8.57,7.32,1.61,33.75,44.00,6.95,56.00,-,-,-,-,750.00,continuous,-,80.00,0.00,0.20,air,bubbling fluidised bed,silica sand,-,laboratory scale,61.89,9.96,7.32,14.43,3.76,2.64,3.40,17.30,0.97,44.48,28.62,54.00,"de Andres, Fuel Processing Technology 2011, 92, 433-440",Average feedstock composition used when range given; oxygen content calculated by difference; yields converted from daf to non-daf; CGE not the one quoted in paper but rather calculated as defined in this work
44,sewage sludge,spherical aggregate,3.5,11.50,48.75,8.57,7.32,1.61,33.75,44.00,6.95,56.00,-,-,-,-,800.00,continuous,-,80.00,0.00,0.20,air,bubbling fluidised bed,silica sand,-,laboratory scale,52.94,14.20,10.85,13.79,4.97,3.25,4.80,14.10,1.02,35.56,42.53,67.30,"de Andres, Fuel Processing Technology 2011, 92, 433-440",Average feedstock composition used when range given; oxygen content calculated by difference; yields converted from daf to non-daf; CGE not the one quoted in paper but rather calculated as defined in this work
45,sewage sludge,spherical aggregate,3.5,11.50,48.75,8.57,7.32,1.61,33.75,44.00,6.95,56.00,-,-,-,-,850.00,continuous,-,80.00,0.00,0.20,air,bubbling fluidised bed,silica sand,-,laboratory scale,48.33,16.62,12.77,13.17,5.78,3.34,5.60,10.20,1.02,36.23,49.62,72.80,"de Andres, Fuel Processing Technology 2011, 92, 433-440",Average feedstock composition used when range given; oxygen content calculated by difference; yields converted from daf to non-daf; CGE not the one quoted in paper but rather calculated as defined in this work
46,sewage sludge,spherical aggregate,3.5,11.50,48.75,8.57,7.32,1.61,33.75,44.00,6.95,56.00,-,-,-,-,750.00,continuous,-,80.00,0.00,0.30,air,bubbling fluidised bed,silica sand,-,laboratory scale,66.09,7.72,7.01,14.31,2.74,2.13,2.80,11.80,1.27,44.99,31.01,66.20,"de Andres, Fuel Processing Technology 2011, 92, 433-440",Average feedstock composition used when range given; oxygen content calculated by difference; yields converted from daf to non-daf; CGE not the one quoted in paper but rather calculated as defined in this work
47,sewage sludge,spherical aggregate,3.5,11.50,48.75,8.57,7.32,1.61,33.75,44.00,6.95,56.00,-,-,-,-,800.00,continuous,-,80.00,0.00,0.30,air,bubbling fluidised bed,silica sand,-,laboratory scale,61.73,10.56,8.12,14.31,3.05,2.23,3.30,7.60,1.27,28.53,36.55,71.30,"de Andres, Fuel Processing Technology 2011, 92, 433-440",Average feedstock composition used when range given; oxygen content calculated by difference; yields converted from daf to non-daf; CGE not the one quoted in paper but rather calculated as defined in this work
48,sewage sludge,spherical aggregate,3.5,11.50,48.75,8.57,7.32,1.61,33.75,44.00,6.95,56.00,-,-,-,-,850.00,continuous,-,80.00,0.00,0.30,air,bubbling fluidised bed,silica sand,-,laboratory scale,58.46,12.26,10.23,13.27,3.34,2.43,3.90,4.30,1.32,19.06,44.92,77.90,"de Andres, Fuel Processing Technology 2011, 92, 433-440",Average feedstock composition used when range given; oxygen content calculated by difference; yields converted from daf to non-daf; CGE not the one quoted in paper but rather calculated as defined in this work
49,sewage sludge,spherical aggregate,3.5,11.50,48.75,8.57,7.32,1.61,33.75,44.00,6.95,56.00,-,-,-,-,750.00,continuous,-,80.00,0.00,0.40,air,bubbling fluidised bed,silica sand,-,laboratory scale,76.20,3.26,4.37,14.34,1.02,0.81,1.30,6.60,1.48,23.13,16.70,61.60,"de Andres, Fuel Processing Technology 2011, 92, 433-440",Average feedstock composition used when range given; oxygen content calculated by difference; yields converted from daf to non-daf; CGE not the one quoted in paper but rather calculated as defined in this work
50,sewage sludge,spherical aggregate,3.5,11.50,48.75,8.57,7.32,1.61,33.75,44.00,6.95,56.00,-,-,-,-,800.00,continuous,-,80.00,0.00,0.40,air,bubbling fluidised bed,silica sand,-,laboratory scale,66.36,8.64,7.01,14.02,2.44,1.52,2.70,4.80,1.58,19.67,37.08,79.50,"de Andres, Fuel Processing Technology 2011, 92, 433-440",Average feedstock composition used when range given; oxygen content calculated by difference; yields converted from daf to non-daf; CGE not the one quoted in paper but rather calculated as defined in this work
51,sewage sludge,spherical aggregate,3.5,11.50,48.75,8.57,7.32,1.61,33.75,44.00,6.95,56.00,-,-,-,-,850.00,continuous,-,80.00,0.00,0.40,air,bubbling fluidised bed,silica sand,-,laboratory scale,64.20,9.84,8.32,14.10,2.13,1.42,2.90,3.00,1.58,6.52,39.83,89.10,"de Andres, Fuel Processing Technology 2011, 92, 433-440",Average feedstock composition used when range given; oxygen content calculated by difference; yields converted from daf to non-daf; CGE not the one quoted in paper but rather calculated as defined in this work
52,sewage sludge,spherical aggregate,3.5,11.50,48.75,8.57,7.32,1.61,33.75,44.00,6.95,56.00,-,-,-,-,750.00,continuous,-,80.00,0.50,0.30,air + steam,bubbling fluidised bed,silica sand,-,laboratory scale,62.10,10.11,7.87,15.12,2.86,1.94,3.20,11.20,1.22,18.95,34.03,72.20,"de Andres, Fuel Processing Technology 2011, 92, 433-440",Average feedstock composition used when range given; oxygen content calculated by difference; yields converted from daf to non-daf; CGE not the one quoted in paper but rather calculated as defined in this work
53,sewage sludge,spherical aggregate,3.5,11.50,48.75,8.57,7.32,1.61,33.75,44.00,6.95,56.00,-,-,-,-,800.00,continuous,-,80.00,0.50,0.30,air + steam,bubbling fluidised bed,silica sand,-,laboratory scale,60.10,11.17,8.53,15.03,3.15,2.03,3.50,7.20,1.32,8.41,40.32,79.70,"de Andres, Fuel Processing Technology 2011, 92, 433-440",Average feedstock composition used when range given; oxygen content calculated by difference; yields converted from daf to non-daf; CGE not the one quoted in paper but rather calculated as defined in this work
54,sewage sludge,spherical aggregate,3.5,11.50,48.75,8.57,7.32,1.61,33.75,44.00,6.95,56.00,-,-,-,-,850.00,continuous,-,80.00,0.50,0.30,air + steam,bubbling fluidised bed,silica sand,-,laboratory scale,54.62,15.74,10.56,14.31,3.25,1.52,4.20,4.00,1.43,6.73,52.10,86.70,"de Andres, Fuel Processing Technology 2011, 92, 433-440",Average feedstock composition used when range given; oxygen content calculated by difference; yields converted from daf to non-daf; CGE not the one quoted in paper but rather calculated as defined in this work
55,sewage sludge,spherical aggregate,3.5,11.50,48.75,8.57,7.32,1.61,33.75,44.00,6.95,56.00,-,-,-,-,750.00,continuous,-,80.00,1.00,0.30,air + steam,bubbling fluidised bed,silica sand,-,laboratory scale,61.32,10.15,7.92,15.84,2.94,1.83,3.20,10.90,1.27,17.68,35.44,74.70,"de Andres, Fuel Processing Technology 2011, 92, 433-440",Average feedstock composition used when range given; oxygen content calculated by difference; yields converted from daf to non-daf; CGE not the one quoted in paper but rather calculated as defined in this work
56,sewage sludge,spherical aggregate,3.5,11.50,48.75,8.57,7.32,1.61,33.75,44.00,6.95,56.00,-,-,-,-,800.00,continuous,-,80.00,1.00,0.30,air + steam,bubbling fluidised bed,silica sand,-,laboratory scale,59.33,12.17,8.72,15.42,2.74,1.62,3.50,6.90,1.32,7.59,40.32,79.80,"de Andres, Fuel Processing Technology 2011, 92, 433-440",Average feedstock composition used when range given; oxygen content calculated by difference; yields converted from daf to non-daf; CGE not the one quoted in paper but rather calculated as defined in this work
57,sewage sludge,spherical aggregate,3.5,11.50,48.75,8.57,7.32,1.61,33.75,44.00,6.95,56.00,-,-,-,-,850.00,continuous,-,80.00,1.00,0.30,air + steam,bubbling fluidised bed,silica sand,-,laboratory scale,53.91,16.35,10.25,14.92,3.05,1.52,4.20,3.90,1.43,7.59,52.10,87.60,"de Andres, Fuel Processing Technology 2011, 92, 433-440",Average feedstock composition used when range given; oxygen content calculated by difference; yields converted from daf to non-daf; CGE not the one quoted in paper but rather calculated as defined in this work
58,sewage sludge,spherical aggregate,3.5,11.50,48.75,8.57,7.32,1.61,33.75,44.00,6.95,56.00,-,-,-,-,750.00,continuous,-,80.00,0.00,0.30,air,bubbling fluidised bed,silica sand,alumina (10% feedstock weight),laboratory scale,65.89,8.12,7.72,14.42,2.34,1.52,2.70,7.40,1.27,25.27,29.91,68.40,"de Andres, Fuel Processing Technology 2011, 92, 433-440",Average feedstock composition used when range given; oxygen content calculated by difference; yields converted from daf to non-daf; CGE not the one quoted in paper but rather calculated as defined in this work
59,sewage sludge,spherical aggregate,3.5,11.50,48.75,8.57,7.32,1.61,33.75,44.00,6.95,56.00,-,-,-,-,800.00,continuous,-,80.00,0.00,0.30,air,bubbling fluidised bed,silica sand,alumina (10% feedstock weight),laboratory scale,61.02,12.49,8.63,13.71,2.84,1.32,3.50,4.30,1.38,29.50,41.87,73.10,"de Andres, Fuel Processing Technology 2011, 92, 433-440",Average feedstock composition used when range given; oxygen content calculated by difference; yields converted from daf to non-daf; CGE not the one quoted in paper but rather calculated as defined in this work
60,sewage sludge,spherical aggregate,3.5,11.50,48.75,8.57,7.32,1.61,33.75,44.00,6.95,56.00,-,-,-,-,850.00,continuous,-,80.00,0.00,0.30,air,bubbling fluidised bed,silica sand,alumina (10% feedstock weight),laboratory scale,55.88,15.21,12.37,12.68,2.84,1.01,4.30,2.30,1.43,9.27,53.34,85.50,"de Andres, Fuel Processing Technology 2011, 92, 433-440",Average feedstock composition used when range given; oxygen content calculated by difference; yields converted from daf to non-daf; CGE not the one quoted in paper but rather calculated as defined in this work
61,sewage sludge,spherical aggregate,3.5,11.50,48.75,8.57,7.32,1.61,33.75,44.00,6.95,56.00,-,-,-,-,750.00,continuous,-,80.00,0.00,0.30,air,bubbling fluidised bed,silica sand,alumina (15% feedstock weight),laboratory scale,65.31,8.92,7.81,14.30,2.33,1.32,2.80,4.70,1.27,26.14,31.01,69.40,"de Andres, Fuel Processing Technology 2011, 92, 433-440",Average feedstock composition used when range given; oxygen content calculated by difference; yields converted from daf to non-daf; CGE not the one quoted in paper but rather calculated as defined in this work
62,sewage sludge,spherical aggregate,3.5,11.50,48.75,8.57,7.32,1.61,33.75,44.00,6.95,56.00,-,-,-,-,800.00,continuous,-,80.00,0.00,0.30,air,bubbling fluidised bed,silica sand,alumina (15% feedstock weight),laboratory scale,61.65,12.47,8.56,12.99,2.89,1.44,3.50,2.60,1.43,42.95,43.42,71.40,"de Andres, Fuel Processing Technology 2011, 92, 433-440",Average feedstock composition used when range given; oxygen content calculated by difference; yields converted from daf to non-daf; CGE not the one quoted in paper but rather calculated as defined in this work
63,sewage sludge,spherical aggregate,3.5,11.50,48.75,8.57,7.32,1.61,33.75,44.00,6.95,56.00,-,-,-,-,850.00,continuous,-,80.00,0.00,0.30,air,bubbling fluidised bed,silica sand,alumina (15% feedstock weight),laboratory scale,57.30,14.40,12.37,12.37,2.54,1.01,4.10,1.40,1.43,8.41,50.86,83.30,"de Andres, Fuel Processing Technology 2011, 92, 433-440",Average feedstock composition used when range given; oxygen content calculated by difference; yields converted from daf to non-daf; CGE not the one quoted in paper but rather calculated as defined in this work
64,sewage sludge,spherical aggregate,3.5,11.50,48.75,8.57,7.32,1.61,33.75,44.00,6.95,56.00,-,-,-,-,800.00,continuous,-,80.00,0.50,0.30,air + steam,bubbling fluidised bed,silica sand,alumina (10% feedstock weight),laboratory scale,59.09,13.50,8.53,15.13,2.44,1.32,3.50,3.40,1.38,13.50,41.87,79.00,"de Andres, Fuel Processing Technology 2011, 92, 433-440",Average feedstock composition used when range given; oxygen content calculated by difference; yields converted from daf to non-daf; CGE not the one quoted in paper but rather calculated as defined in this work
65,sewage sludge,spherical aggregate,3.5,11.50,48.75,8.57,7.32,1.61,33.75,44.00,6.95,56.00,-,-,-,-,800.00,continuous,-,80.00,1.00,0.30,air + steam,bubbling fluidised bed,silica sand,alumina (10% feedstock weight),laboratory scale,56.90,15.42,8.22,15.52,2.64,1.32,3.70,3.50,1.38,15.18,44.26,80.80,"de Andres, Fuel Processing Technology 2011, 92, 433-440",Average feedstock composition used when range given; oxygen content calculated by difference; yields converted from daf to non-daf; CGE not the one quoted in paper but rather calculated as defined in this work
66,rubber woodchip,chips,10x5,12.15,46.40,5.70,0.20,0.00,47.70,1.10,9.50,88.90,10.00,-,-,-,761.00,continuous,atmospheric,-,0.00,0.38,air,bubbling fluidised bed,silica sand,-,100 kW_th,59.07,6.56,13.38,16.13,3.56,1.31,4.59,-,1.88,-,71.16,86.40,"Kaewluan, Fuel Processing Technology 2011, 92, 671-677",LHV of feedstock calculated from HHV; VM and fixed carbon calculated for mixtures; ultimate analysis converted to daf basis; N2 free syngas converted to non-N2 free composition to fit into dataset (oxygen content for some of parameters was estimated); Syngas HHV converted to LHV; C2Hn treated as C2H4; some tar yields interpolated from graph
67,rubber woodchip,chips,10x5,12.15,46.40,5.70,0.20,0.00,47.70,1.10,18.10,88.90,10.00,-,-,-,730.00,continuous,atmospheric,-,0.00,0.38,air,bubbling fluidised bed,silica sand,-,100 kW_th,60.35,5.61,11.59,17.68,3.51,1.25,4.24,-,1.65,-,57.72,83.20,"Kaewluan, Fuel Processing Technology 2011, 92, 671-677",LHV of feedstock calculated from HHV; VM and fixed carbon calculated for mixtures; ultimate analysis converted to daf basis; N2 free syngas converted to non-N2 free composition to fit into dataset (oxygen content for some of parameters was estimated); Syngas HHV converted to LHV; C2Hn treated as C2H4; some tar yields interpolated from graph
68,rubber woodchip,chips,10x5,12.15,46.40,5.70,0.20,0.00,47.70,1.10,25.50,88.90,10.00,-,-,-,699.00,continuous,atmospheric,-,0.00,0.38,air,bubbling fluidised bed,silica sand,-,100 kW_th,61.85,5.47,10.48,17.77,3.22,1.20,3.94,-,1.49,-,48.34,79.60,"Kaewluan, Fuel Processing Technology 2011, 92, 671-677",LHV of feedstock calculated from HHV; VM and fixed carbon calculated for mixtures; ultimate analysis converted to daf basis; N2 free syngas converted to non-N2 free composition to fit into dataset (oxygen content for some of parameters was estimated); Syngas HHV converted to LHV; C2Hn treated as C2H4; some tar yields interpolated from graph
69,rubber woodchip,chips,10x5,11.53,46.40,5.70,0.20,0.00,47.70,1.10,27.00,88.90,10.00,-,-,-,705.00,continuous,atmospheric,-,0.00,0.36,air,bubbling fluidised bed,silica sand,-,100 kW_th,61.16,5.35,11.00,18.03,3.27,1.19,4.00,14.75,1.28,-,44.35,71.00,"Kaewluan, Fuel Processing Technology 2011, 92, 671-677",LHV of feedstock calculated from HHV; VM and fixed carbon calculated for mixtures; ultimate analysis converted to daf basis; N2 free syngas converted to non-N2 free composition to fit into dataset (oxygen content for some of parameters was estimated); Syngas HHV converted to LHV; C2Hn treated as C2H4; some tar yields interpolated from graph
70,rubber woodchip,chips,10x5,11.53,46.40,5.70,0.20,0.00,47.70,1.10,27.00,88.90,10.00,-,-,-,730.00,continuous,atmospheric,-,0.00,0.39,air,bubbling fluidised bed,silica sand,-,100 kW_th,61.78,5.33,10.86,17.75,3.10,1.16,3.90,11.75,1.46,-,49.43,75.00,"Kaewluan, Fuel Processing Technology 2011, 92, 671-677",LHV of feedstock calculated from HHV; VM and fixed carbon calculated for mixtures; ultimate analysis converted to daf basis; N2 free syngas converted to non-N2 free composition to fit into dataset (oxygen content for some of parameters was estimated); Syngas HHV converted to LHV; C2Hn treated as C2H4; some tar yields interpolated from graph
71,rubber woodchip,chips,10x5,11.53,46.40,5.70,0.20,0.00,47.70,1.10,27.00,88.90,10.00,-,-,-,740.00,continuous,atmospheric,-,0.00,0.42,air,bubbling fluidised bed,silica sand,-,100 kW_th,62.65,5.40,10.43,17.44,3.03,1.04,3.75,10.00,1.61,-,52.26,79.00,"Kaewluan, Fuel Processing Technology 2011, 92, 671-677",LHV of feedstock calculated from HHV; VM and fixed carbon calculated for mixtures; ultimate analysis converted to daf basis; N2 free syngas converted to non-N2 free composition to fit into dataset (oxygen content for some of parameters was estimated); Syngas HHV converted to LHV; C2Hn treated as C2H4; some tar yields interpolated from graph
72,rubber woodchip,chips,10x5,11.53,46.40,5.70,0.20,0.00,47.70,1.10,27.00,88.90,10.00,-,-,-,770.00,continuous,atmospheric,-,0.00,0.49,air,bubbling fluidised bed,silica sand,-,100 kW_th,63.40,5.23,9.99,17.55,2.89,0.93,3.56,4.25,1.79,-,55.15,86.00,"Kaewluan, Fuel Processing Technology 2011, 92, 671-677",LHV of feedstock calculated from HHV; VM and fixed carbon calculated for mixtures; ultimate analysis converted to daf basis; N2 free syngas converted to non-N2 free composition to fit into dataset (oxygen content for some of parameters was estimated); Syngas HHV converted to LHV; C2Hn treated as C2H4; some tar yields interpolated from graph
73,rubber woodchip (90%) + shredded rubber waste (10%),"chips, uniform","10x5, 30",13.84,50.94,6.18,0.13,0.54,42.20,1.59,24.40,86.53,11.89,-,-,-,725.00,continuous,atmospheric,-,0.00,0.30,air,bubbling fluidised bed,silica sand,-,100 kW_th,58.62,5.87,13.93,17.18,3.25,1.15,4.39,17.25,1.40,-,44.41,67.00,"Kaewluan, Fuel Processing Technology 2011, 92, 671-677",LHV of feedstock calculated from HHV; VM and fixed carbon calculated for mixtures; ultimate analysis converted to daf basis; N2 free syngas converted to non-N2 free composition to fit into dataset (oxygen content for some of parameters was estimated); Syngas HHV converted to LHV; C2Hn treated as C2H4; some tar yields interpolated from graph
74,rubber woodchip (90%) + shredded rubber waste (10%),"chips, uniform","10x5, 30",13.86,50.94,6.18,0.13,0.54,42.20,1.59,24.40,86.53,11.89,-,-,-,770.00,continuous,atmospheric,-,0.00,0.38,air,bubbling fluidised bed,silica sand,-,100 kW_th,60.62,5.77,12.83,16.41,3.18,1.19,4.25,9.50,1.74,-,53.25,80.00,"Kaewluan, Fuel Processing Technology 2011, 92, 671-677",LHV of feedstock calculated from HHV; VM and fixed carbon calculated for mixtures; ultimate analysis converted to daf basis; N2 free syngas converted to non-N2 free composition to fit into dataset (oxygen content for some of parameters was estimated); Syngas HHV converted to LHV; C2Hn treated as C2H4; some tar yields interpolated from graph
75,rubber woodchip (90%) + shredded rubber waste (10%),"chips, uniform","10x5, 30",13.86,50.94,6.18,0.13,0.54,42.20,1.59,24.40,86.53,11.89,-,-,-,785.00,continuous,atmospheric,-,0.00,0.43,air,bubbling fluidised bed,silica sand,-,100 kW_th,60.72,6.17,12.73,16.31,3.18,0.89,4.09,6.50,1.97,-,57.97,88.00,"Kaewluan, Fuel Processing Technology 2011, 92, 671-677",LHV of feedstock calculated from HHV; VM and fixed carbon calculated for mixtures; ultimate analysis converted to daf basis; N2 free syngas converted to non-N2 free composition to fit into dataset (oxygen content for some of parameters was estimated); Syngas HHV converted to LHV; C2Hn treated as C2H4; some tar yields interpolated from graph
76,rubber woodchip (90%) + shredded rubber waste (10%),"chips, uniform","10x5, 30",13.86,50.94,6.18,0.13,0.54,42.20,1.59,24.40,86.53,11.89,-,-,-,810.00,continuous,atmospheric,-,0.00,0.46,air,bubbling fluidised bed,silica sand,-,100 kW_th,62.30,5.51,12.44,15.86,3.04,0.85,3.90,4.25,2.04,-,57.43,92.00,"Kaewluan, Fuel Processing Technology 2011, 92, 671-677",LHV of feedstock calculated from HHV; VM and fixed carbon calculated for mixtures; ultimate analysis converted to daf basis; N2 free syngas converted to non-N2 free composition to fit into dataset (oxygen content for some of parameters was estimated); Syngas HHV converted to LHV; C2Hn treated as C2H4; some tar yields interpolated from graph
77,rubber woodchip (80%) + shredded rubber waste (20%),"chips, uniform","10x5, 30",16.19,55.35,6.53,0.26,0.91,36.95,2.04,21.80,84.19,13.77,-,-,-,745.00,continuous,atmospheric,-,0.00,0.30,air,bubbling fluidised bed,silica sand,-,100 kW_th,59.69,5.52,14.12,15.76,3.68,1.23,4.60,15.00,1.72,-,48.89,74.00,"Kaewluan, Fuel Processing Technology 2011, 92, 671-677",LHV of feedstock calculated from HHV; VM and fixed carbon calculated for mixtures; ultimate analysis converted to daf basis; N2 free syngas converted to non-N2 free composition to fit into dataset (oxygen content for some of parameters was estimated); Syngas HHV converted to LHV; C2Hn treated as C2H4; some tar yields interpolated from graph
78,rubber woodchip (80%) + shredded rubber waste (20%),"chips, uniform","10x5, 30",16.22,55.35,6.53,0.26,0.91,36.95,2.04,21.80,84.19,13.77,-,-,-,770.00,continuous,atmospheric,-,0.00,0.34,air,bubbling fluidised bed,silica sand,-,100 kW_th,59.83,6.16,13.77,15.62,3.49,1.13,4.49,12.00,1.88,-,51.94,80.00,"Kaewluan, Fuel Processing Technology 2011, 92, 671-677",LHV of feedstock calculated from HHV; VM and fixed carbon calculated for mixtures; ultimate analysis converted to daf basis; N2 free syngas converted to non-N2 free composition to fit into dataset (oxygen content for some of parameters was estimated); Syngas HHV converted to LHV; C2Hn treated as C2H4; some tar yields interpolated from graph
79,rubber woodchip (80%) + shredded rubber waste (20%),"chips, uniform","10x5, 30",16.22,55.35,6.53,0.26,0.91,36.95,2.04,21.80,84.19,13.77,-,-,-,775.00,continuous,atmospheric,-,0.00,0.38,air,bubbling fluidised bed,silica sand,-,100 kW_th,60.88,6.34,13.07,15.15,3.47,1.09,4.39,8.50,2.11,-,57.09,86.00,"Kaewluan, Fuel Processing Technology 2011, 92, 671-677",LHV of feedstock calculated from HHV; VM and fixed carbon calculated for mixtures; ultimate analysis converted to daf basis; N2 free syngas converted to non-N2 free composition to fit into dataset (oxygen content for some of parameters was estimated); Syngas HHV converted to LHV; C2Hn treated as C2H4; some tar yields interpolated from graph
80,rubber woodchip (80%) + shredded rubber waste (20%),"chips, uniform","10x5, 30",16.22,55.35,6.53,0.26,0.91,36.95,2.04,21.80,84.19,13.77,-,-,-,790.00,continuous,atmospheric,-,0.00,0.40,air,bubbling fluidised bed,silica sand,-,100 kW_th,61.09,6.12,13.04,15.31,3.46,0.99,4.29,7.00,2.15,-,56.87,88.00,"Kaewluan, Fuel Processing Technology 2011, 92, 671-677",LHV of feedstock calculated from HHV; VM and fixed carbon calculated for mixtures; ultimate analysis converted to daf basis; N2 free syngas converted to non-N2 free composition to fit into dataset (oxygen content for some of parameters was estimated); Syngas HHV converted to LHV; C2Hn treated as C2H4; some tar yields interpolated from graph
81,rubber woodchip (80%) + shredded rubber waste (20%),"chips, uniform","10x5, 30",16.22,55.35,6.53,0.26,0.91,36.95,2.04,21.80,84.19,13.77,-,-,-,825.00,continuous,atmospheric,-,0.00,0.45,air,bubbling fluidised bed,silica sand,-,100 kW_th,62.00,5.59,12.83,15.33,3.38,0.87,4.10,3.00,2.35,-,59.29,95.00,"Kaewluan, Fuel Processing Technology 2011, 92, 671-677",LHV of feedstock calculated from HHV; VM and fixed carbon calculated for mixtures; ultimate analysis converted to daf basis; N2 free syngas converted to non-N2 free composition to fit into dataset (oxygen content for some of parameters was estimated); Syngas HHV converted to LHV; C2Hn treated as C2H4; some tar yields interpolated from graph
82,birch woodchips,chips,11,20.01,50.63,5.63,0.12,0.02,43.60,0.50,6.60,82.20,-,40.60,29.60,26.30,594.00,batch,-,255.00,0.00,0.49,air,fixed-bed downdraft,-,-,laboratory scale,56.30,11.90,19.70,10.00,2.10,0.00,4.50,26.77,2.06,242.25,45.10,67.30,"Sarker, Energy Conversion and Management, 2015, 103, 801-813",Average values used for a lot of outputs - original study quotes uncertainties involved for most of these variables; tar yield given as tar + liquid yield but used as tar yield for this study; N2 calculated by difference; average ER used
83,birch woodchips,chips,11,20.01,50.63,5.63,0.12,0.02,43.60,0.50,8.60,82.20,-,40.60,29.60,26.30,684.00,batch,-,366.00,0.00,0.49,air,fixed-bed downdraft,-,-,laboratory scale,57.70,10.30,19.40,10.30,2.30,0.00,4.40,13.21,2.02,104.15,44.10,68.50,"Sarker, Energy Conversion and Management, 2015, 103, 801-813",Average values used for a lot of outputs - original study quotes uncertainties involved for most of these variables; tar yield given as tar + liquid yield but used as tar yield for this study; N2 calculated by difference; average ER used
84,birch woodchips,chips,11,20.01,50.63,5.63,0.12,0.02,43.60,0.50,8.30,82.20,-,40.60,29.60,26.30,625.00,batch,-,336.00,0.00,0.50,air,fixed-bed downdraft,-,-,laboratory scale,59.20,11.00,18.50,9.50,1.80,0.00,4.20,9.94,2.17,48.41,44.30,68.50,"Sarker, Energy Conversion and Management, 2015, 103, 801-813",Average values used for a lot of outputs - original study quotes uncertainties involved for most of these variables; tar yield given as tar + liquid yield but used as tar yield for this study; N2 calculated by difference; average ER used
85,oak woodchips,chips,11,18.90,49.59,6.08,0.20,0.02,44.11,1.40,7.40,82.90,-,38.10,26.10,25.90,647.00,batch,-,282.00,0.00,0.52,air,fixed-bed downdraft,-,-,laboratory scale,58.00,9.00,21.70,9.10,2.20,0.00,4.50,22.41,2.13,93.06,52.50,79.50,"Sarker, Energy Conversion and Management, 2015, 103, 801-813",Average values used for a lot of outputs - original study quotes uncertainties involved for most of these variables; tar yield given as tar + liquid yield but used as tar yield for this study; N2 calculated by difference; average ER used
86,oak woodchips,chips,11,18.90,49.59,6.08,0.20,0.02,44.11,1.40,6.70,82.90,-,38.10,26.10,25.90,600.00,batch,-,250.00,0.00,0.57,air,fixed-bed downdraft,-,-,laboratory scale,55.00,11.10,20.30,11.10,2.50,0.00,4.60,39.32,2.05,82.99,50.90,76.50,"Sarker, Energy Conversion and Management, 2015, 103, 801-813",Average values used for a lot of outputs - original study quotes uncertainties involved for most of these variables; tar yield given as tar + liquid yield but used as tar yield for this study; N2 calculated by difference; average ER used
87,oak woodchips,chips,11,18.90,49.59,6.08,0.20,0.02,44.11,1.40,6.70,82.90,-,38.10,26.10,25.90,575.00,batch,-,347.00,0.00,0.52,air,fixed-bed downdraft,-,-,laboratory scale,63.77,8.50,16.40,9.73,1.60,0.00,4.30,30.91,2.32,220.34,50.00,72.30,"Sarker, Energy Conversion and Management, 2015, 103, 801-813",Average values used for a lot of outputs - original study quotes uncertainties involved for most of these variables; tar yield given as tar + liquid yield but used as tar yield for this study; N2 calculated by difference; average ER used
88,spruce woodchips,chips,11,20.27,51.08,6.05,0.14,0.01,42.72,0.70,6.30,82.60,-,44.50,20.60,27.80,565.00,batch,-,250.00,0.00,0.49,air,fixed-bed downdraft,-,-,laboratory scale,61.40,9.20,18.30,9.40,1.70,0.00,3.90,34.67,1.89,102.74,34.90,56.00,"Sarker, Energy Conversion and Management, 2015, 103, 801-813",Average values used for a lot of outputs - original study quotes uncertainties involved for most of these variables; tar yield given as tar + liquid yield but used as tar yield for this study; N2 calculated by difference; average ER used
89,spruce woodchips,chips,11,20.27,51.08,6.05,0.14,0.01,42.72,0.70,6.60,82.60,-,44.50,20.60,27.80,602.00,batch,-,283.00,0.00,0.46,air,fixed-bed downdraft,-,-,laboratory scale,59.70,10.00,20.60,7.90,1.80,0.00,4.30,60.00,1.81,140.07,38.60,58.20,"Sarker, Energy Conversion and Management, 2015, 103, 801-813",Average values used for a lot of outputs - original study quotes uncertainties involved for most of these variables; tar yield given as tar + liquid yield but used as tar yield for this study; N2 calculated by difference; average ER used
90,spruce woodchips,chips,11,20.27,51.08,6.05,0.14,0.01,42.72,0.70,11.00,82.60,-,44.50,20.60,27.80,553.00,batch,-,241.00,0.00,0.43,air,fixed-bed downdraft,-,-,laboratory scale,60.90,8.40,20.50,8.60,1.60,0.00,4.00,28.88,1.67,201.72,32.80,70.00,"Sarker, Energy Conversion and Management, 2015, 103, 801-813",Average values used for a lot of outputs - original study quotes uncertainties involved for most of these variables; tar yield given as tar + liquid yield but used as tar yield for this study; N2 calculated by difference; average ER used
91,poplar woodchips,chips,11,19.67,49.83,6.05,0.22,0.02,43.88,0.90,9.80,83.90,-,46.20,24.40,24.50,711.00,batch,-,403.00,0.00,0.53,air,fixed-bed downdraft,-,-,laboratory scale,57.20,14.20,19.00,8.80,0.80,0.00,4.20,11.75,2.30,63.41,49.30,71.60,"Sarker, Energy Conversion and Management, 2015, 103, 801-813",Average values used for a lot of outputs - original study quotes uncertainties involved for most of these variables; tar yield given as tar + liquid yield but used as tar yield for this study; N2 calculated by difference; average ER used
92,poplar woodchips,chips,11,19.67,49.83,6.05,0.22,0.02,43.88,0.90,10.00,83.90,-,46.20,24.40,24.50,620.00,batch,-,297.00,0.00,0.48,air,fixed-bed downdraft,-,-,laboratory scale,60.80,10.90,19.50,7.90,0.90,0.00,3.90,22.38,1.91,175.43,39.00,59.20,"Sarker, Energy Conversion and Management, 2015, 103, 801-813",Average values used for a lot of outputs - original study quotes uncertainties involved for most of these variables; tar yield given as tar + liquid yield but used as tar yield for this study; N2 calculated by difference; average ER used
93,poplar woodchips,chips,11,19.67,49.83,6.05,0.22,0.02,43.88,0.90,10.50,83.90,-,46.20,24.40,24.50,668.00,batch,-,275.00,0.00,0.43,air,fixed-bed downdraft,-,-,laboratory scale,54.10,15.30,19.70,9.60,1.30,0.00,4.60,9.55,1.93,60.32,40.30,68.60,"Sarker, Energy Conversion and Management, 2015, 103, 801-813",Average values used for a lot of outputs - original study quotes uncertainties involved for most of these variables; tar yield given as tar + liquid yield but used as tar yield for this study; N2 calculated by difference; average ER used
94,willow woodchips,chips,11,19.80,50.52,5.97,0.54,0.04,42.93,1.30,6.90,80.70,-,38.50,17.60,26.30,609.00,batch,-,325.00,0.00,0.53,air,fixed-bed downdraft,-,-,laboratory scale,56.70,12.90,19.00,10.20,1.20,0.00,4.20,30.68,2.03,62.37,42.90,65.80,"Sarker, Energy Conversion and Management, 2015, 103, 801-813",Average values used for a lot of outputs - original study quotes uncertainties involved for most of these variables; tar yield given as tar + liquid yield but used as tar yield for this study; N2 calculated by difference; average ER used
95,willow woodchips,chips,11,19.80,50.52,5.97,0.54,0.04,42.93,1.30,7.70,80.70,-,38.50,17.60,26.30,667.00,batch,-,275.00,0.00,0.31,air,fixed-bed downdraft,-,-,laboratory scale,59.90,12.10,16.90,9.60,1.50,0.00,3.95,50.95,1.45,102.15,28.90,50.40,"Sarker, Energy Conversion and Management, 2015, 103, 801-813",Average values used for a lot of outputs - original study quotes uncertainties involved for most of these variables; tar yield given as tar + liquid yield but used as tar yield for this study; N2 calculated by difference; average ER used
96,willow woodchips,chips,11,19.80,50.52,5.97,0.54,0.04,42.93,1.30,9.80,80.70,-,38.50,17.60,26.30,755.00,batch,-,346.00,0.00,0.52,air,fixed-bed downdraft,-,-,laboratory scale,58.70,11.40,17.30,11.00,1.60,0.00,3.97,13.72,2.22,180.64,43.10,69.60,"Sarker, Energy Conversion and Management, 2015, 103, 801-813",Average values used for a lot of outputs - original study quotes uncertainties involved for most of these variables; tar yield given as tar + liquid yield but used as tar yield for this study; N2 calculated by difference; average ER used
97,alfalfa,pellets,25x6,15.23,50.07,5.90,2.88,0.30,40.85,16.98,8.73,81.52,-,29.60,14.00,14.00,775.00,continuous,-,200.00,0.00,0.25,air,bubbling fluidised bed,silica sand,-,pilot-scale,53.04,13.41,8.68,20.92,2.85,1.09,4.13,1.15,1.36,301.52,33.80,49.02,"Sarker, Energy Conversion and Management, 2015, 91, 451-458",Ultimate and proximate basis converted to correct basis; Structural composition taken as average; C2H6 treated as C2H4; Temperature taken as average
98,alfalfa,pellets,25x6,15.23,50.07,5.90,2.88,0.30,40.85,16.98,8.73,81.52,-,29.60,14.00,14.00,775.00,continuous,-,200.00,0.00,0.30,air,bubbling fluidised bed,silica sand,-,pilot-scale,52.72,13.45,9.46,20.42,2.78,1.17,4.21,-,1.66,-,42.14,60.34,"Sarker, Energy Conversion and Management, 2015, 91, 451-458",Structural composition taken as average; C2H6 treated as C2H4; Temperature taken as average
99,alfalfa,pellets,25x6,15.23,50.07,5.90,2.88,0.30,40.85,16.98,8.73,81.52,-,29.60,14.00,14.00,775.00,continuous,-,200.00,0.00,0.25,air,bubbling fluidised bed,silica sand,-,pilot-scale,54.14,13.50,8.42,20.04,2.70,1.20,4.25,1.09,1.35,261.92,34.76,47.13,"Sarker, Energy Conversion and Management, 2015, 91, 451-458",Structural composition taken as average; C2H6 treated as C2H4; Temperature taken as average
100,alfalfa,pellets,25x6,15.23,50.07,5.90,2.88,0.30,40.85,16.98,8.73,81.52,-,29.60,14.00,14.00,775.00,continuous,-,200.00,0.00,0.30,air,bubbling fluidised bed,silica sand,-,pilot-scale,54.47,12.73,9.15,19.91,2.65,1.09,4.19,-,1.38,-,34.85,48.59,"Sarker, Energy Conversion and Management, 2015, 91, 451-458",Structural composition taken as average; C2H6 treated as C2H4; Temperature taken as average
101,rice husk,"as received, uniform",3.15,14.22,47.01,6.78,0.48,0.04,45.71,20.00,9.08,66.40,13.60,-,-,-,665.00,continuous,-,-,0.00,0.25,air,fluidised bed,alumina sand,-,127 kW,56.59,4.00,19.91,14.46,2.90,2.14,4.96,-,1.50,-,52.29,76.00,"Mansaray, Biomass and Bioenergy 1999, 17, 315-332",Higher hydrocarbons treated as C2H4; Syngas LHV estimated from HHV; CGE calculated using equation
102,rice husk,"as received, uniform",3.15,14.22,47.01,6.78,0.48,0.04,45.71,20.00,9.08,66.40,13.60,-,-,-,744.00,continuous,-,-,0.00,0.30,air,fluidised bed,alumina sand,-,127 kW,61.35,3.78,14.96,16.24,2.37,1.29,3.76,-,1.73,-,45.76,78.30,"Mansaray, Biomass and Bioenergy 1999, 17, 315-332",Higher hydrocarbons treated as C2H4; Syngas LHV estimated from HHV; CGE calculated using equation
103,rice husk,"as received, uniform",3.15,14.22,47.01,6.78,0.48,0.04,45.71,20.00,9.08,66.40,13.60,-,-,-,811.00,continuous,-,-,0.00,0.35,air,fluidised bed,alumina sand,-,127 kW,63.60,3.39,12.75,17.14,1.98,1.13,3.22,-,1.98,-,44.81,81.00,"Mansaray, Biomass and Bioenergy 1999, 17, 315-332",Higher hydrocarbons treated as C2H4; Syngas LHV estimated from HHV; CGE calculated using equation
104,rice husk,"as received, uniform",3.15,14.22,47.01,6.78,0.48,0.04,45.71,20.00,9.08,66.40,13.60,-,-,-,670.00,continuous,-,-,0.00,0.25,air,fluidised bed,alumina sand,-,127 kW,59.46,3.77,18.29,14.50,2.36,1.62,4.31,-,1.49,-,45.17,70.40,"Mansaray, Biomass and Bioenergy 1999, 17, 315-332",Higher hydrocarbons treated as C2H4; Syngas LHV estimated from HHV; CGE calculated using equation
105,rice husk,"as received, uniform",3.15,14.22,47.01,6.78,0.48,0.04,45.71,20.00,9.08,66.40,13.60,-,-,-,750.00,continuous,-,-,0.00,0.30,air,fluidised bed,alumina sand,-,127 kW,62.47,3.40,14.44,16.47,2.00,1.21,3.48,-,1.71,-,41.82,72.60,"Mansaray, Biomass and Bioenergy 1999, 17, 315-332",Higher hydrocarbons treated as C2H4; Syngas LHV estimated from HHV; CGE calculated using equation
106,rice husk,"as received, uniform",3.15,14.22,47.01,6.78,0.48,0.04,45.71,20.00,9.08,66.40,13.60,-,-,-,822.00,continuous,-,-,0.00,0.35,air,fluidised bed,alumina sand,-,127 kW,64.11,3.26,12.50,17.23,1.85,1.05,3.09,-,1.97,-,42.81,78.60,"Mansaray, Biomass and Bioenergy 1999, 17, 315-332",Higher hydrocarbons treated as C2H4; Syngas LHV estimated from HHV; CGE calculated using equation
107,rice husk,"as received, uniform",3.15,14.22,47.01,6.78,0.48,0.04,45.71,20.00,9.08,66.40,13.60,-,-,-,700.00,continuous,-,-,0.00,0.25,air,fluidised bed,alumina sand,-,127 kW,63.13,3.41,15.13,14.82,2.00,1.51,3.69,-,1.30,-,33.71,55.00,"Mansaray, Biomass and Bioenergy 1999, 17, 315-332",Higher hydrocarbons treated as C2H4; Syngas LHV estimated from HHV; CGE calculated using equation
108,rice husk,"as received, uniform",3.15,14.22,47.01,6.78,0.48,0.04,45.71,20.00,9.08,66.40,13.60,-,-,-,766.00,continuous,-,-,0.00,0.30,air,fluidised bed,alumina sand,-,127 kW,64.03,3.32,13.01,16.63,1.91,1.09,3.20,-,1.50,-,33.75,60.00,"Mansaray, Biomass and Bioenergy 1999, 17, 315-332",Higher hydrocarbons treated as C2H4; Syngas LHV estimated from HHV; CGE calculated using equation
109,rice husk,"as received, uniform",3.15,14.22,47.01,6.78,0.48,0.04,45.71,20.00,9.08,66.40,13.60,-,-,-,828.00,continuous,-,-,0.00,0.35,air,fluidised bed,alumina sand,-,127 kW,64.22,3.25,12.29,17.42,1.84,0.98,3.03,-,1.70,-,36.23,67.00,"Mansaray, Biomass and Bioenergy 1999, 17, 315-332",Higher hydrocarbons treated as C2H4; Syngas LHV estimated from HHV; CGE calculated using equation
110,rice husk,as received,3.15,14.83,49.07,3.79,0.63,0.09,46.42,21.68,9.95,61.68,16.65,-,-,-,750.00,continuous,slightly above atmospheric,-,0.50,0.35,air + steam,bubbling fluidised bed,silica sand,-,laboratory scale,55.10,9.20,12.80,20.80,2.10,0.00,3.38,-,1.31,-,29.91,71.90,"Loha, J Renew and Sust Energy 2013, 5, 043111",Feedstock LHV estimated from HHV; Gas yield converted to wet basis; CGE calculated 
111,rice husk,as received,3.15,14.83,49.07,3.79,0.63,0.09,46.42,21.68,9.95,61.68,16.65,-,-,-,800.00,continuous,slightly above atmospheric,-,0.50,0.30,air + steam,bubbling fluidised bed,silica sand,-,laboratory scale,52.50,11.60,14.70,18.40,2.80,0.00,4.13,-,1.34,-,37.31,73.30,"Loha, J Renew and Sust Energy 2013, 5, 043111",Feedstock LHV estimated from HHV; Gas yield converted to wet basis; CGE calculated 
112,rice husk,as received,3.15,14.83,49.07,3.79,0.63,0.09,46.42,21.68,9.95,61.68,16.65,-,-,-,800.00,continuous,slightly above atmospheric,-,0.20,0.35,air + steam,bubbling fluidised bed,silica sand,-,laboratory scale,57.30,7.60,13.70,18.60,2.80,0.00,3.57,-,1.42,-,34.06,77.10,"Loha, J Renew and Sust Energy 2013, 5, 043111",Feedstock LHV estimated from HHV; Gas yield converted to wet basis; CGE calculated 
113,rice husk,as received,3.15,14.83,49.07,3.79,0.63,0.09,46.42,21.68,9.95,61.68,16.65,-,-,-,800.00,continuous,slightly above atmospheric,-,0.50,0.35,air + steam,bubbling fluidised bed,silica sand,-,laboratory scale,53.30,10.40,13.40,20.30,2.60,0.00,3.76,-,1.44,-,36.40,78.20,"Loha, J Renew and Sust Energy 2013, 5, 043111",Feedstock LHV estimated from HHV; Gas yield converted to wet basis; CGE calculated 
114,rice husk,as received,3.15,14.83,49.07,3.79,0.63,0.09,46.42,21.68,9.95,61.68,16.65,-,-,-,800.00,continuous,slightly above atmospheric,-,0.50,0.40,air + steam,bubbling fluidised bed,silica sand,-,laboratory scale,54.50,9.60,12.20,21.50,2.20,0.00,3.38,-,1.57,-,35.68,85.50,"Loha, J Renew and Sust Energy 2013, 5, 043111",Feedstock LHV estimated from HHV; Gas yield converted to wet basis; CGE calculated 
115,rice husk,as received,3.15,14.83,49.07,3.79,0.63,0.09,46.42,21.68,9.95,61.68,16.65,-,-,-,850.00,continuous,slightly above atmospheric,-,0.50,0.35,air + steam,bubbling fluidised bed,silica sand,-,laboratory scale,51.80,12.30,14.50,18.40,3.00,0.00,4.25,-,1.58,-,45.25,86.10,"Loha, J Renew and Sust Energy 2013, 5, 043111",Feedstock LHV estimated from HHV; Gas yield converted to wet basis; CGE calculated 
116,rice husk,as received,3.15,14.83,49.07,3.79,0.63,0.09,46.42,21.68,9.95,61.68,16.65,-,-,-,800.00,continuous,slightly above atmospheric,-,0.80,0.35,air + steam,bubbling fluidised bed,silica sand,-,laboratory scale,51.90,11.80,12.70,21.10,2.50,0.00,3.79,-,1.46,-,37.21,79.60,"Loha, J Renew and Sust Energy 2013, 5, 043111",Feedstock LHV estimated from HHV; Gas yield converted to wet basis; CGE calculated 
117,rice husk,as received,3.15,14.83,49.07,3.79,0.63,0.09,46.42,21.68,9.95,61.68,16.65,-,-,-,850.00,continuous,slightly above atmospheric,-,0.80,0.35,air + steam,bubbling fluidised bed,silica sand,-,laboratory scale,49.40,13.10,14.20,20.40,2.90,0.00,4.26,-,1.60,-,45.95,87.30,"Loha, J Renew and Sust Energy 2013, 5, 043111",Feedstock LHV estimated from HHV; Gas yield converted to wet basis; CGE calculated 
118,birch wood,-,1.25,19.30,49.19,6.12,0.10,0.01,44.57,0.40,7.00,-,-,-,-,-,700.00,continuous,atmospheric,60.00,0.00,0.21,oxygen,fluidised bed,alumina,-,laboratory scale,0.00,22.12,29.96,34.29,9.57,4.06,11.96,36.64,0.64,-,39.66,60.00,"Baratieri, Waste Biomass Valor 2010, 1, 283-291",No distinction made between different dolomite catalysts; higher hydrocarbons treated as C2H4; CGE calculated using equation
119,birch wood,-,1.25,19.30,49.19,6.12,0.10,0.01,44.57,0.40,7.00,-,-,-,-,-,700.00,continuous,atmospheric,75.00,0.00,0.21,oxygen,fluidised bed,alumina,dolomite,laboratory scale,0.00,24.26,32.84,30.10,9.94,2.86,11.99,21.53,0.76,-,47.21,64.00,"Baratieri, Waste Biomass Valor 2010, 1, 283-291",No distinction made between different dolomite catalysts; higher hydrocarbons treated as C2H4; CGE calculated using equation
120,birch wood,-,1.25,19.30,49.19,6.12,0.10,0.01,44.57,0.40,7.00,-,-,-,-,-,700.00,continuous,atmospheric,55.00,0.00,0.21,oxygen,fluidised bed,alumina,-,laboratory scale,0.00,20.38,30.78,34.93,10.24,3.67,11.87,35.18,0.89,-,54.74,81.00,"Baratieri, Waste Biomass Valor 2010, 1, 283-291",No distinction made between different dolomite catalysts; higher hydrocarbons treated as C2H4; CGE calculated using equation
121,birch wood,-,1.25,19.30,49.19,6.12,0.10,0.01,44.57,0.40,7.00,-,-,-,-,-,700.00,continuous,atmospheric,68.00,0.00,0.21,oxygen,fluidised bed,alumina,dolomite,laboratory scale,0.00,23.13,33.51,30.70,10.21,2.45,11.81,22.33,1.02,-,62.42,89.00,"Baratieri, Waste Biomass Valor 2010, 1, 283-291",No distinction made between different dolomite catalysts; higher hydrocarbons treated as C2H4; CGE calculated using equation
122,birch wood,-,1.25,19.30,49.19,6.12,0.10,0.01,44.57,0.40,7.00,-,-,-,-,-,700.00,continuous,atmospheric,45.00,0.00,0.21,oxygen,fluidised bed,alumina,-,laboratory scale,0.00,21.61,31.39,34.70,9.79,2.50,11.26,33.25,0.87,-,50.76,80.00,"Baratieri, Waste Biomass Valor 2010, 1, 283-291",No distinction made between different dolomite catalysts; higher hydrocarbons treated as C2H4; CGE calculated using equation
123,birch wood,-,1.25,19.30,49.19,6.12,0.10,0.01,44.57,0.40,7.00,-,-,-,-,-,700.00,continuous,atmospheric,75.00,0.00,0.21,oxygen,fluidised bed,alumina,dolomite,laboratory scale,0.00,23.21,33.55,31.00,10.26,1.99,11.67,20.60,0.97,-,58.65,85.10,"Baratieri, Waste Biomass Valor 2010, 1, 283-291",No distinction made between different dolomite catalysts; higher hydrocarbons treated as C2H4; CGE calculated using equation
124,birch wood,-,1.25,19.30,49.19,6.12,0.10,0.01,44.57,0.40,7.00,-,-,-,-,-,750.00,continuous,atmospheric,40.00,0.00,0.25,oxygen,fluidised bed,alumina,-,laboratory scale,0.00,18.17,35.04,32.07,10.25,4.48,12.63,31.42,1.00,-,65.44,94.50,"Baratieri, Waste Biomass Valor 2010, 1, 283-291",No distinction made between different dolomite catalysts; higher hydrocarbons treated as C2H4; CGE calculated using equation
125,birch wood,-,1.25,19.30,49.19,6.12,0.10,0.01,44.57,0.40,7.00,-,-,-,-,-,750.00,continuous,atmospheric,50.00,0.00,0.25,oxygen,fluidised bed,alumina,dolomite,laboratory scale,0.00,21.99,34.11,31.37,10.06,2.47,11.69,20.08,1.07,-,64.81,94.59,"Baratieri, Waste Biomass Valor 2010, 1, 283-291",No distinction made between different dolomite catalysts; higher hydrocarbons treated as C2H4; CGE calculated using equation
126,birch wood,-,1.25,19.30,49.19,6.12,0.10,0.01,44.57,0.40,7.00,-,-,-,-,-,750.00,continuous,atmospheric,50.00,0.00,0.24,oxygen,fluidised bed,alumina,-,laboratory scale,0.00,19.06,33.91,32.64,10.09,4.31,12.43,40.28,0.97,-,62.47,94.87,"Baratieri, Waste Biomass Valor 2010, 1, 283-291",No distinction made between different dolomite catalysts; higher hydrocarbons treated as C2H4; CGE calculated using equation
127,birch wood,-,1.25,19.30,49.19,6.12,0.10,0.01,44.57,0.40,7.00,-,-,-,-,-,750.00,continuous,atmospheric,50.00,0.00,0.24,oxygen,fluidised bed,alumina,dolomite,laboratory scale,0.00,22.07,34.50,30.79,9.78,2.86,11.86,26.37,1.04,-,63.91,91.22,"Baratieri, Waste Biomass Valor 2010, 1, 283-291",No distinction made between different dolomite catalysts; higher hydrocarbons treated as C2H4; CGE calculated using equation
128,birch wood,-,1.25,19.30,49.19,6.12,0.10,0.01,44.57,0.40,7.00,-,-,-,-,-,750.00,continuous,atmospheric,55.00,0.00,0.24,oxygen,fluidised bed,alumina,-,laboratory scale,0.00,20.33,32.12,33.40,9.90,4.26,12.24,33.16,0.98,-,62.15,92.80,"Baratieri, Waste Biomass Valor 2010, 1, 283-291",No distinction made between different dolomite catalysts; higher hydrocarbons treated as C2H4; CGE calculated using equation
129,birch wood,-,1.25,19.30,49.19,6.12,0.10,0.01,44.57,0.40,7.00,-,-,-,-,-,750.00,continuous,atmospheric,51.00,0.00,0.24,oxygen,fluidised bed,alumina,dolomite,laboratory scale,0.00,22.22,34.37,30.70,9.60,3.10,11.95,24.50,1.05,-,65.01,93.70,"Baratieri, Waste Biomass Valor 2010, 1, 283-291",No distinction made between different dolomite catalysts; higher hydrocarbons treated as C2H4; CGE calculated using equation
130,birch wood,-,1.25,19.30,49.19,6.12,0.10,0.01,44.57,0.40,7.00,-,-,-,-,-,800.00,continuous,atmospheric,40.00,0.00,0.23,oxygen,fluidised bed,alumina,-,laboratory scale,0.00,20.00,36.88,29.93,9.88,3.31,12.25,35.66,1.04,-,66.01,96.00,"Baratieri, Waste Biomass Valor 2010, 1, 283-291",No distinction made between different dolomite catalysts; higher hydrocarbons treated as C2H4; CGE calculated using equation
131,birch wood,-,1.25,19.30,49.19,6.12,0.10,0.01,44.57,0.40,7.00,-,-,-,-,-,800.00,continuous,atmospheric,54.00,0.00,0.23,oxygen,fluidised bed,alumina,dolomite,laboratory scale,0.00,22.67,35.93,29.44,9.99,1.98,11.68,21.40,1.12,-,67.78,98.00,"Baratieri, Waste Biomass Valor 2010, 1, 283-291",No distinction made between different dolomite catalysts; higher hydrocarbons treated as C2H4; CGE calculated using equation
132,birch wood,-,1.25,19.30,49.19,6.12,0.10,0.01,44.57,0.40,7.00,-,-,-,-,-,800.00,continuous,atmospheric,45.00,0.00,0.23,oxygen,fluidised bed,alumina,-,laboratory scale,0.00,20.88,34.38,32.02,9.56,3.15,11.82,26.97,1.01,-,61.86,86.00,"Baratieri, Waste Biomass Valor 2010, 1, 283-291",No distinction made between different dolomite catalysts; higher hydrocarbons treated as C2H4; CGE calculated using equation
133,birch wood,-,1.25,19.30,49.19,6.12,0.10,0.01,44.57,0.40,7.00,-,-,-,-,-,800.00,continuous,atmospheric,45.00,0.00,0.23,oxygen,fluidised bed,alumina,dolomite,laboratory scale,0.00,22.32,34.17,32.16,9.22,2.13,11.23,22.32,0.99,-,57.60,87.00,"Baratieri, Waste Biomass Valor 2010, 1, 283-291",No distinction made between different dolomite catalysts; higher hydrocarbons treated as C2H4; CGE calculated using equation
134,birch wood,-,1.25,19.30,49.19,6.12,0.10,0.01,44.57,0.40,7.00,-,-,-,-,-,800.00,continuous,atmospheric,30.00,0.00,0.22,oxygen,fluidised bed,alumina,-,laboratory scale,0.00,20.00,36.88,29.93,9.88,3.31,12.25,33.76,1.01,-,64.11,91.00,"Baratieri, Waste Biomass Valor 2010, 1, 283-291",No distinction made between different dolomite catalysts; higher hydrocarbons treated as C2H4; CGE calculated using equation
135,birch wood,-,1.25,19.30,49.19,6.12,0.10,0.01,44.57,0.40,7.00,-,-,-,-,-,800.00,continuous,atmospheric,61.00,0.00,0.22,oxygen,fluidised bed,alumina,dolomite,laboratory scale,0.00,22.64,35.18,29.82,9.79,2.58,11.84,24.29,1.06,-,65.03,94.00,"Bariateri, Waste Biomass Valor 2010, 1, 283-291",No distinction made between different dolomite catalysts; higher hydrocarbons treated as C2H4; CGE calculated using equation
136,municipal solid waste,particles,5,20.29,51.81,5.76,0.26,0.36,41.81,5.64,0.00,79.90,14.46,-,-,-,700.00,continuous,atmospheric,-,1.16,0.00,steam,fixed-bed,-,NiO/g-Al2O3,laboratory scale,0.00,34.01,11.34,38.25,10.30,6.10,12.42,94.09,0.88,175.00,53.89,65.60,"Luo, Energy 2012, 44, 391-395",LHV calculated from gas composition; higher hydrocarbons treated as C2H4; CGE calculated using equation; some of tar yields and char yields estimated from figure; steam/biomass ratio calcualted from steam/carbon ratio
137,municipal solid waste,particles,5,20.29,51.81,5.76,0.26,0.36,41.81,5.64,0.00,79.90,14.46,-,-,-,750.00,continuous,atmospheric,-,1.16,0.00,steam,fixed-bed,-,NiO/g-Al2O3,laboratory scale,0.00,40.47,13.26,36.76,5.89,3.62,10.30,63.16,0.95,170.00,48.26,62.03,"Luo, Energy 2012, 44, 391-395",LHV calculated from gas composition; higher hydrocarbons treated as C2H4; CGE calculated using equation; some of tar yields and char yields estimated from figure; steam/biomass ratio calcualted from steam/carbon ratio
138,municipal solid waste,particles,5,20.29,51.81,5.76,0.26,0.36,41.81,5.64,0.00,79.90,14.46,-,-,-,800.00,continuous,atmospheric,-,1.16,0.00,steam,fixed-bed,-,NiO/g-Al2O3,laboratory scale,0.00,46.54,14.65,32.61,2.87,3.33,9.88,31.25,1.28,155.00,62.33,75.16,"Luo, Energy 2012, 44, 391-395",LHV calculated from gas composition; higher hydrocarbons treated as C2H4; CGE calculated using equation; some of tar yields and char yields estimated from figure; steam/biomass ratio calcualted from steam/carbon ratio
139,municipal solid waste,particles,5,20.29,51.81,5.76,0.26,0.36,41.81,5.64,0.00,79.90,14.46,-,-,-,850.00,continuous,atmospheric,-,1.16,0.00,steam,fixed-bed,-,NiO/g-Al2O3,laboratory scale,0.00,51.16,15.66,28.23,2.14,2.81,9.93,3.18,1.32,100.00,64.63,70.50,"Luo, Energy 2012, 44, 391-395",LHV calculated from gas composition; higher hydrocarbons treated as C2H4; CGE calculated using equation; some of tar yields and char yields estimated from figure; steam/biomass ratio calcualted from steam/carbon ratio
140,municipal solid waste,particles,5,20.29,51.81,5.76,0.26,0.36,41.81,5.64,0.00,79.90,14.46,-,-,-,900.00,continuous,atmospheric,-,1.16,0.00,steam,fixed-bed,-,NiO/g-Al2O3,laboratory scale,0.00,54.22,22.72,20.61,1.33,1.12,9.86,0.00,1.75,90.00,85.05,84.87,"Luo, Energy 2012, 44, 391-395",LHV calculated from gas composition; higher hydrocarbons treated as C2H4; CGE calculated using equation; some of tar yields and char yields estimated from figure; steam/biomass ratio calcualted from steam/carbon ratio
141,municipal solid waste,particles,5,20.29,51.81,5.76,0.26,0.36,41.81,5.64,0.00,79.90,14.46,-,-,-,900.00,continuous,atmospheric,-,0.25,0.00,steam,fixed-bed,-,NiO/g-Al2O4,laboratory scale,0.00,38.62,47.57,12.11,0.61,1.09,11.04,14.87,0.78,145.40,42.45,50.38,"Luo, Energy 2012, 44, 391-395",LHV calculated from gas composition; higher hydrocarbons treated as C2H4; CGE calculated using equation; some of tar yields and char yields estimated from figure; steam/biomass ratio calcualted from steam/carbon ratio
142,municipal solid waste,particles,5,20.29,51.81,5.76,0.26,0.36,41.81,5.64,0.00,79.90,14.46,-,-,-,900.00,continuous,atmospheric,-,0.40,0.00,steam,fixed-bed,-,NiO/g-Al2O5,laboratory scale,0.00,40.92,42.33,13.28,2.44,1.03,11.25,6.70,0.91,131.10,50.45,54.68,"Luo, Energy 2012, 44, 391-395",LHV calculated from gas composition; higher hydrocarbons treated as C2H4; CGE calculated using equation; some of tar yields and char yields estimated from figure; steam/biomass ratio calcualted from steam/carbon ratio
143,municipal solid waste,particles,5,20.29,51.81,5.76,0.26,0.36,41.81,5.64,0.00,79.90,14.46,-,-,-,900.00,continuous,atmospheric,-,0.73,0.00,steam,fixed-bed,-,NiO/g-Al2O6,laboratory scale,0.00,52.70,25.91,17.75,2.26,1.38,10.59,0.00,1.14,96.70,59.49,57.38,"Luo, Energy 2012, 44, 391-395",LHV calculated from gas composition; higher hydrocarbons treated as C2H4; CGE calculated using equation; some of tar yields and char yields estimated from figure; steam/biomass ratio calcualted from steam/carbon ratio
144,municipal solid waste,particles,5,20.29,51.81,5.76,0.26,0.36,41.81,5.64,0.00,79.90,14.46,-,-,-,900.00,continuous,atmospheric,-,0.91,0.00,steam,fixed-bed,-,NiO/g-Al2O7,laboratory scale,0.00,53.94,23.57,20.80,1.34,0.35,9.48,0.00,1.31,96.20,61.23,62.86,"Luo, Energy 2012, 44, 391-395",LHV calculated from gas composition; higher hydrocarbons treated as C2H4; CGE calculated using equation; some of tar yields and char yields estimated from figure; steam/biomass ratio calcualted from steam/carbon ratio
145,municipal solid waste,particles,5,20.29,51.81,5.76,0.26,0.36,41.81,5.64,0.00,79.90,14.46,-,-,-,900.00,continuous,atmospheric,-,1.16,0.00,steam,fixed-bed,-,NiO/g-Al2O8,laboratory scale,0.00,54.22,22.72,20.61,1.33,1.12,9.86,0.00,1.75,94.50,85.05,84.87,"Luo, Energy 2012, 44, 391-395",LHV calculated from gas composition; higher hydrocarbons treated as C2H4; CGE calculated using equation; some of tar yields and char yields estimated from figure; steam/biomass ratio calcualted from steam/carbon ratio
146,municipal solid waste,particles,5,19.99,55.60,7.21,0.88,0.54,35.78,7.12,9.34,77.52,15.36,-,-,-,700.00,continuous,atmospheric,-,1.23,0.00,steam,fixed-bed,-,NiO/MD,laboratory scale,0.00,32.84,29.85,18.91,15.42,2.99,13.15,1.85,1.03,-,67.76,75.20,"Wang, Int. J. Hydrog 2012, 37, 6503-6510",Syngas composition had to be read from graphs; LHV for some runs calculated from equation given in paper
147,municipal solid waste,particles,5,19.99,55.60,7.21,0.88,0.54,35.78,7.12,9.34,77.52,15.36,-,-,-,750.00,continuous,atmospheric,-,1.23,0.00,steam,fixed-bed,-,NiO/MD,laboratory scale,0.00,46.53,23.76,19.31,7.43,2.97,10.85,0.78,1.31,-,71.10,75.80,"Wang, Int. J. Hydrog 2012, 37, 6503-6510",Syngas composition had to be read from graphs; LHV for some runs calculated from equation given in paper
148,municipal solid waste,particles,5,19.99,55.60,7.21,0.88,0.54,35.78,7.12,9.34,77.52,15.36,-,-,-,800.00,continuous,atmospheric,-,1.23,0.00,steam,fixed-bed,-,NiO/MD,laboratory scale,0.00,57.00,15.00,21.50,4.50,2.00,9.76,0.22,1.66,-,81.05,78.50,"Wang, Int. J. Hydrog 2012, 37, 6503-6510",Syngas composition had to be read from graphs; LHV for some runs calculated from equation given in paper
149,municipal solid waste,particles,5,19.99,55.60,7.21,0.88,0.54,35.78,7.12,9.34,77.52,15.36,-,-,-,850.00,continuous,atmospheric,-,1.23,0.00,steam,fixed-bed,-,NiO/MD,laboratory scale,0.00,58.13,16.26,21.67,2.46,1.48,9.34,0.18,1.85,-,86.44,80.86,"Wang, Int. J. Hydrog 2012, 37, 6503-6510",Syngas composition had to be read from graphs; LHV for some runs calculated from equation given in paper
150,municipal solid waste,particles,5,19.99,55.60,7.21,0.88,0.54,35.78,7.12,9.34,77.52,15.36,-,-,-,800.00,continuous,atmospheric,-,0.73,0.00,steam,fixed-bed,-,NiO/MD,laboratory scale,0.00,48.02,22.28,15.35,11.39,2.97,12.11,8.02,1.26,-,76.33,71.00,"Wang, Int. J. Hydrog 2012, 37, 6503-6510",Syngas composition had to be read from graphs; LHV for some runs calculated from equation given in paper
151,municipal solid waste,particles,5,19.99,55.60,7.21,0.88,0.54,35.78,7.12,9.34,77.52,15.36,-,-,-,800.00,continuous,atmospheric,-,1.23,0.00,steam,fixed-bed,-,NiO/MD,laboratory scale,0.00,55.72,17.41,20.90,4.98,1.00,10.09,0.23,1.62,-,81.77,76.79,"Wang, Int. J. Hydrog 2012, 37, 6503-6510",Syngas composition had to be read from graphs; LHV for some runs calculated from equation given in paper
152,municipal solid waste,particles,5,19.99,55.60,7.21,0.88,0.54,35.78,7.12,9.34,77.52,15.36,-,-,-,800.00,continuous,atmospheric,-,2.08,0.00,steam,fixed-bed,-,NiO/MD,laboratory scale,0.00,53.23,16.92,23.88,3.98,1.99,9.38,0.85,1.50,-,70.39,75.73,"Wang, Int. J. Hydrog 2012, 37, 6503-6510",Syngas composition had to be read from graphs; LHV for some runs calculated from equation given in paper
153,municipal solid waste,particles,5,19.99,55.60,7.21,0.88,0.54,35.78,7.12,9.34,77.52,15.36,-,-,-,800.00,continuous,atmospheric,-,2.77,0.00,steam,fixed-bed,-,NiO/MD,laboratory scale,0.00,52.74,15.92,24.88,5.47,1.00,9.73,1.78,1.43,-,69.60,71.78,"Wang, Int. J. Hydrog 2012, 37, 6503-6510",Syngas composition had to be read from graphs; LHV for some runs calculated from equation given in paper
154,municipal solid waste,particles,5,19.99,55.60,7.21,0.88,0.54,35.78,7.12,9.34,77.52,15.36,-,-,-,800.00,continuous,atmospheric,-,3.08,0.00,steam,fixed-bed,-,NiO/MD,laboratory scale,0.00,51.74,14.93,26.37,4.98,1.99,9.40,2.86,1.38,-,64.89,71.16,"Wang, Int. J. Hydrog 2012, 37, 6503-6510",Syngas composition had to be read from graphs; LHV for some runs calculated from equation given in paper
155,municipal solid waste,particles,5,19.99,55.60,7.21,0.88,0.54,35.78,7.12,9.34,77.52,15.36,-,-,-,800.00,continuous,atmospheric,-,1.23,0.00,steam,fixed-bed,-,-,laboratory scale,0.00,31.50,22.00,23.50,13.50,9.50,11.60,38.67,0.78,-,45.26,55.70,"Wang, Int. J. Hydrog 2012, 37, 6503-6510",Syngas composition had to be read from graphs; LHV for some runs calculated from equation given in paper
156,municipal solid waste,particles,5,19.99,55.60,7.21,0.88,0.54,35.78,7.12,9.34,77.52,15.36,-,-,-,800.00,continuous,atmospheric,-,1.23,0.00,steam,fixed-bed,-,NiO/?-Al2O3,laboratory scale,0.00,50.50,18.81,21.29,7.43,1.98,10.61,0.76,1.40,-,74.28,66.35,"Wang, Int. J. Hydrog 2012, 37, 6503-6510",Syngas composition had to be read from graphs; LHV for some runs calculated from equation given in paper
157,walnut shell,particles,1.25,18.20,54.84,5.50,0.44,0.12,39.10,1.95,0.00,74.23,23.82,-,-,-,770.00,continuous,atmospheric,40.00,0.00,0.19,air,bubbling fluidised bed,silica sand,-,laboratory scale (20 kW_th),55.50,8.40,17.10,13.80,5.20,0.00,5.00,-,-,-,-,-,"Karatas, Fuel 2018, 214, 285-292",Syngas composition had to be read from graphs; N2 content estimated by difference assuming O2 amount in gas is negligible; average values used when two runs conducted to assess repeatability
158,walnut shell,particles,1.25,18.20,54.84,5.50,0.44,0.12,39.10,1.95,0.00,74.23,23.82,-,-,-,770.00,continuous,atmospheric,40.00,0.00,0.24,air,bubbling fluidised bed,silica sand,-,laboratory scale (20 kW_th),58.20,6.70,15.60,14.90,4.60,0.00,4.40,-,-,-,-,-,"Karatas, Fuel 2018, 214, 285-292",Syngas composition had to be read from graphs; N2 content estimated by difference assuming O2 amount in gas is negligible; average values used when two runs conducted to assess repeatability
159,walnut shell,particles,1.25,18.20,54.84,5.50,0.44,0.12,39.10,1.95,0.00,74.23,23.82,-,-,-,770.00,continuous,atmospheric,40.00,0.00,0.31,air,bubbling fluidised bed,silica sand,-,laboratory scale (20 kW_th),63.80,4.20,12.20,15.80,4.00,0.00,3.40,-,-,-,-,-,"Karatas, Fuel 2018, 214, 285-292",Syngas composition had to be read from graphs; N2 content estimated by difference assuming O2 amount in gas is negligible; average values used when two runs conducted to assess repeatability
160,walnut shell,particles,1.25,18.20,54.84,5.50,0.44,0.12,39.10,1.95,0.00,74.23,23.82,-,-,-,770.00,continuous,atmospheric,40.00,0.00,0.37,air,bubbling fluidised bed,silica sand,-,laboratory scale (20 kW_th),66.50,3.20,10.70,16.30,3.30,0.00,2.80,-,-,-,-,-,"Karatas, Fuel 2018, 214, 285-292",Syngas composition had to be read from graphs; N2 content estimated by difference assuming O2 amount in gas is negligible; average values used when two runs conducted to assess repeatability
161,pistachio shell,particles,1.25,17.82,50.03,5.93,0.40,0.10,43.55,0.27,0.00,83.17,16.56,-,-,-,770.00,continuous,atmospheric,40.00,0.00,0.19,air,bubbling fluidised bed,silica sand,-,laboratory scale (20 kW_th),54.80,5.60,19.10,13.80,6.70,0.00,5.40,-,-,-,-,-,"Karatas, Fuel 2018, 214, 285-292",Syngas composition had to be read from graphs; N2 content estimated by difference assuming O2 amount in gas is negligible; average values used when two runs conducted to assess repeatability
162,pistachio shell,particles,1.25,17.82,50.03,5.93,0.40,0.10,43.55,0.27,0.00,83.17,16.56,-,-,-,770.00,continuous,atmospheric,40.00,0.00,0.24,air,bubbling fluidised bed,silica sand,-,laboratory scale (20 kW_th),57.20,4.40,17.40,15.20,5.80,0.00,4.70,-,-,-,-,-,"Karatas, Fuel 2018, 214, 285-292",Syngas composition had to be read from graphs; N2 content estimated by difference assuming O2 amount in gas is negligible; average values used when two runs conducted to assess repeatability
163,pistachio shell,particles,1.25,17.82,50.03,5.93,0.40,0.10,43.55,0.27,0.00,83.17,16.56,-,-,-,770.00,continuous,atmospheric,40.00,0.00,0.31,air,bubbling fluidised bed,silica sand,-,laboratory scale (20 kW_th),61.40,3.60,14.50,16.00,4.50,0.00,3.80,-,-,-,-,-,"Karatas, Fuel 2018, 214, 285-292",Syngas composition had to be read from graphs; N2 content estimated by difference assuming O2 amount in gas is negligible; average values used when two runs conducted to assess repeatability
164,pistachio shell,particles,1.25,17.82,50.03,5.93,0.40,0.10,43.55,0.27,0.00,83.17,16.56,-,-,-,770.00,continuous,atmospheric,40.00,0.00,0.37,air,bubbling fluidised bed,silica sand,-,laboratory scale (20 kW_th),64.60,3.10,12.40,16.30,3.60,0.00,3.20,-,-,-,-,-,"Karatas, Fuel 2018, 214, 285-292",Syngas composition had to be read from graphs; N2 content estimated by difference assuming O2 amount in gas is negligible; average values used when two runs conducted to assess repeatability
165,pine wood,pellets,12.7x6.25,18.02,47.31,6.47,0.05,0.01,46.16,0.47,8.90,81.24,18.29,-,-,-,800.00,continuous,205.00,-,0.00,0.19,air,fluidised bed,silica sand,limestone,pilot-scale (~800kW),45.16,11.24,19.10,15.54,6.53,2.42,5.77,13.78,-,-,-,-,"Huynh, Fuel 2013, 103, 987-996 ","Feedstock and Syngas composition converted to dry basis where necessary; feedstock LHV estimated with formula based on composition, no distinction made between amount of oxygen in enriched air"
166,oak + maple wood (50/50),pellets,12.7x6.25,17.66,46.99,6.30,0.14,0.02,46.55,1.95,6.25,80.12,17.93,-,-,-,800.00,continuous,205.00,-,0.00,0.20,air,fluidised bed,silica sand,limestone,pilot-scale (~800kW),44.54,12.93,19.30,15.48,6.02,1.72,5.58,-,-,-,-,-,"Huynh, Fuel 2013, 103, 987-996","Feedstock and Syngas composition converted to appropriate basis where necessary; feedstock LHV estimated with formula based on composition, no distinction made between amount of oxygen in enriched air"
167,seed corn,as received,9,15.74,40.38,7.15,1.41,0.17,50.89,1.65,15.01,78.17,20.18,-,-,-,800.00,continuous,205.00,-,0.00,0.22,air,fluidised bed,silica sand,limestone,pilot-scale (~800kW),55.36,5.90,16.53,14.52,4.78,2.91,4.28,13.47,-,-,-,-,"Huynh, Fuel 2013, 103, 987-996","Feedstock and Syngas composition converted to appropriate basis where necessary; feedstock LHV estimated with formula based on composition, no distinction made between amount of oxygen in enriched air"
168,pinewood waste,particles,1.5,18.45,49.33,6.06,0.04,0.00,44.57,0.55,9.40,81.02,18.43,-,-,-,800.00,continuous,-,20.00,1.22,0.00,steam,conical spouted bed,silica sand,-,laboratory scale,0.00,28.43,41.62,12.69,11.68,5.58,15.83,364.00,0.73,8.90,62.63,50.00,"Erkiaga, Chem. Eng. J. 2014, 237, 259-267","Some feedstock properties were converted to appropriate basis, feedstock LHV converted from given HHV, gas yields converted to Nm3/kg, LHV of syngas estimated from gas composition"
169,pinewood waste,particles,1.5,18.45,49.33,6.06,0.04,0.00,44.57,0.55,9.40,81.02,18.43,-,-,-,850.00,continuous,-,20.00,1.22,0.00,steam,conical spouted bed,silica sand,-,laboratory scale,0.00,33.50,38.07,14.21,10.15,4.06,14.48,245.00,0.85,6.30,66.30,59.00,"Erkiaga, Chem. Eng. J. 2014, 237, 259-267","Some feedstock properties were converted to appropriate basis, feedstock LHV converted from given HHV, gas yields converted to Nm3/kg, LHV of syngas estimated from gas composition"
170,pinewood waste,particles,1.5,18.45,49.33,6.06,0.04,0.00,44.57,0.55,9.40,81.02,18.43,-,-,-,900.00,continuous,-,20.00,1.22,0.00,steam,conical spouted bed,silica sand,-,laboratory scale,0.00,38.19,32.66,16.58,8.54,4.02,13.70,142.00,0.96,4.50,71.27,70.00,"Erkiaga, Chem. Eng. J. 2014, 237, 259-267","Some feedstock properties were converted to appropriate basis, feedstock LHV converted from given HHV, gas yields converted to Nm3/kg, LHV of syngas estimated from gas composition"
171,pinewood waste,particles,1.5,18.45,49.33,6.06,0.04,0.00,44.57,0.55,9.40,81.02,18.43,-,-,-,900.00,continuous,-,20.00,0.11,0.00,steam,conical spouted bed,silica sand,-,laboratory scale,0.00,28.64,50.25,7.04,10.05,4.02,15.43,154.00,0.79,10.70,65.65,62.50,"Erkiaga, Chem. Eng. J. 2014, 237, 259-267","Some feedstock properties were converted to appropriate basis, feedstock LHV converted from given HHV, gas yields converted to Nm3/kg, LHV of syngas estimated from gas composition"
172,pinewood waste,particles,1.5,18.45,49.33,6.06,0.04,0.00,44.57,0.55,9.40,81.02,18.43,-,-,-,900.00,continuous,-,20.00,2.33,0.00,steam,conical spouted bed,silica sand,-,laboratory scale,0.00,41.00,30.00,18.00,7.50,3.50,12.98,142.00,1.01,3.60,71.14,70.00,"Erkiaga, Chem. Eng. J. 2014, 237, 259-267","Some feedstock properties were converted to appropriate basis, feedstock LHV converted from given HHV, gas yields converted to Nm3/kg, LHV of syngas estimated from gas composition"
173,pinewood waste,particles,0.65,18.45,49.33,6.06,0.04,0.00,44.57,0.55,9.40,81.02,18.43,-,-,-,850.00,continuous,-,20.00,1.22,0.00,steam,conical spouted bed,silica sand,-,laboratory scale,0.00,31.50,40.00,13.50,10.00,5.00,15.01,243.00,0.74,6.20,60.52,59.00,"Erkiaga, Chem. Eng. J. 2014, 237, 259-267","Some feedstock properties were converted to appropriate basis, feedstock LHV converted from given HHV, gas yields converted to Nm3/kg, LHV of syngas estimated from gas composition"
174,pinewood waste,particles,3,18.45,49.33,6.06,0.04,0.00,44.57,0.55,9.40,81.02,18.43,-,-,-,850.00,continuous,-,20.00,1.22,0.00,steam,conical spouted bed,silica sand,-,laboratory scale,0.00,28.64,37.69,17.09,11.56,5.03,14.98,263.00,0.72,6.40,58.16,59.00,"Erkiaga, Chem. Eng. J. 2014, 237, 259-267","Some feedstock properties were converted to appropriate basis, feedstock LHV converted from given HHV, gas yields converted to Nm3/kg, LHV of syngas estimated from gas composition"
175,pine wood,pellets,6x20,18.50,49.45,5.91,0.10,0.00,44.54,0.33,8.50,80.98,18.69,-,-,-,780.00,continuous,atmospheric,20-60,0.00,0.30,air,fluidised bed,?-alumina ,Nickel (5.5 wt.%),pilot-scale,52.85,14.00,16.50,13.00,3.50,0.15,4.58,-,2.18,-,54.00,74.88,"Ruoppolo, Waste Management 2012, 32, 724-732","Some feedstock properties were converted to appropriate basis, LHV of Syngas converted to units in database by assuming remaining fraction of syngas is N2; gas yield calculated from given CGE; CCE estimated using equation"
176,pine wood,pellets,6x20,18.50,49.45,5.91,0.10,0.00,44.54,0.33,8.50,80.98,18.69,-,-,-,780.00,continuous,atmospheric,20-60,0.65,0.29,air + steam,fluidised bed,?-alumina ,Nickel (5.5 wt.%),pilot-scale,42.44,25.00,14.00,16.50,2.00,0.06,5.06,-,2.60,-,71.00,88.24,"Ruoppolo, Waste Management 2012, 32, 724-732","Some feedstock properties were converted to appropriate basis, LHV of Syngas converted to units in database by assuming remaining fraction of syngas is N2; gas yield calculated from given CGE; CCE estimated using equation"
177,pine wood,pellets,6x20,18.50,49.45,5.91,0.10,0.00,44.54,0.33,8.50,80.98,18.69,-,-,-,780.00,continuous,atmospheric,20-60,0.91,0.29,air + steam,fluidised bed,?-alumina ,Nickel (5.5 wt.%),pilot-scale,47.96,23.50,11.50,15.00,2.00,0.04,4.46,-,2.57,-,62.00,76.63,"Ruoppolo, Waste Management 2012, 32, 724-732","Some feedstock properties were converted to appropriate basis, LHV of Syngas converted to units in database by assuming remaining fraction of syngas is N2; gas yield calculated from given CGE; CCE estimated using equation"
178,pine wood,pellets,6x20,18.50,49.45,5.91,0.10,0.00,44.54,0.33,8.50,80.98,18.69,-,-,-,780.00,continuous,atmospheric,20-60,0.65,0.17,air + steam,fluidised bed,?-alumina ,Nickel (5.5 wt.%),pilot-scale,50.50,17.50,12.00,16.00,4.00,0.00,6.88,-,1.86,-,69.00,61.85,"Ruoppolo, Waste Management 2012, 32, 724-732","Some feedstock properties were converted to appropriate basis, LHV of Syngas converted to units in database by assuming remaining fraction of syngas is N2; gas yield calculated from given CGE; CCE estimated using equation"
179,pine wood,pellets,6x20,18.50,49.45,5.91,0.10,0.00,44.54,0.33,8.50,80.98,18.69,-,-,-,780.00,continuous,atmospheric,20-60,0.00,0.30,air,fluidised bed,quartzite sand,-,pilot-scale,53.03,11.00,17.50,12.50,4.50,1.47,5.83,-,1.46,-,46.00,56.05,"Ruoppolo, Waste Management 2012, 32, 724-732","Some feedstock properties were converted to appropriate basis, LHV of Syngas converted to units in database by assuming remaining fraction of syngas is N2; gas yield calculated from given CGE; CCE estimated using equation"
180,pine wood,pellets,6x20,18.50,49.45,5.91,0.10,0.00,44.54,0.33,8.50,80.98,18.69,-,-,-,780.00,continuous,atmospheric,20-60,0.65,0.29,air + steam,fluidised bed,quartzite sand,-,pilot-scale,51.44,17.00,12.00,15.00,3.50,1.06,4.51,-,2.21,-,54.00,75.05,"Ruoppolo, Waste Management 2012, 32, 724-732","Some feedstock properties were converted to appropriate basis, LHV of Syngas converted to units in database by assuming remaining fraction of syngas is N2; gas yield calculated from given CGE; CCE estimated using equation"
181,pine wood,pellets,6x20,18.50,49.45,5.91,0.10,0.00,44.54,0.33,8.50,80.98,18.69,-,-,-,780.00,continuous,atmospheric,20-60,0.91,0.29,air + steam,fluidised bed,quartzite sand,-,pilot-scale,50.04,17.50,11.50,16.00,4.00,0.96,4.73,-,2.19,-,56.00,76.13,"Ruoppolo, Waste Management 2012, 32, 724-732","Some feedstock properties were converted to appropriate basis, LHV of Syngas converted to units in database by assuming remaining fraction of syngas is N2; gas yield calculated from given CGE; CCE estimated using equation"
182,pine wood,pellets,6x20,18.50,49.45,5.91,0.10,0.00,44.54,0.33,8.50,80.98,18.69,-,-,-,780.00,continuous,atmospheric,20-60,0.00,0.17,air,fluidised bed,quartzite sand,-,pilot-scale,38.51,16.00,23.50,14.50,7.00,0.49,7.50,-,1.63,-,66.00,76.58,"Ruoppolo, Waste Management 2012, 32, 724-732","Some feedstock properties were converted to appropriate basis, LHV of Syngas converted to units in database by assuming remaining fraction of syngas is N2; gas yield calculated from given CGE; CCE estimated using equation"
183,pine wood,pellets,6x20,18.50,49.45,5.91,0.10,0.00,44.54,0.33,8.50,80.98,18.69,-,-,-,780.00,continuous,atmospheric,20-60,0.65,0.17,air + steam,fluidised bed,quartzite sand,-,pilot-scale,42.04,20.00,15.50,16.50,5.00,0.96,6.55,-,1.84,-,65.00,73.97,"Ruoppolo, Waste Management 2012, 32, 724-732","Some feedstock properties were converted to appropriate basis, LHV of Syngas converted to units in database by assuming remaining fraction of syngas is N2; gas yield calculated from given CGE; CCE estimated using equation"
184,polyethylene (80 wt.%)/pine wood sawdust (20 wt.%),pellets,6x20,21.90,54.90,6.80,0.50,0.00,37.80,1.48,5.70,82.61,15.91,-,-,-,780.00,continuous,atmospheric,20-60,0.00,0.23,air,fluidised bed,?-alumina ,Nickel (5.5 wt.%),pilot-scale,36.27,30.00,13.50,16.00,3.50,0.73,6.59,-,2.63,-,79.00,84.70,"Ruoppolo, Waste Management 2012, 32, 724-732","Some feedstock properties were converted to appropriate basis, LHV of Syngas converted to units in database by assuming remaining fraction of syngas is N2; gas yield calculated from given CGE; CCE estimated using equation"
185,polyethylene (80 wt.%)/pine wood sawdust (20 wt.%),pellets,6x20,21.90,54.90,6.80,0.50,0.00,37.80,1.48,5.70,82.61,15.91,-,-,-,780.00,continuous,atmospheric,20-60,0.00,0.19,air,fluidised bed,?-alumina ,Nickel (5.5 wt.%),pilot-scale,46.31,22.00,10.00,19.50,2.00,0.19,4.35,-,2.62,-,52.00,79.20,"Ruoppolo, Waste Management 2012, 32, 724-732","Some feedstock properties were converted to appropriate basis, LHV of Syngas converted to units in database by assuming remaining fraction of syngas is N2; gas yield calculated from given CGE; CCE estimated using equation"
186,polyethylene (80 wt.%)/pine wood sawdust (20 wt.%),pellets,6x20,21.90,54.90,6.80,0.50,0.00,37.80,1.48,5.70,82.61,15.91,-,-,-,780.00,continuous,atmospheric,20-60,0.60,0.12,air + steam,fluidised bed,?-alumina ,Nickel (5.5 wt.%),pilot-scale,32.08,32.00,14.00,16.50,4.00,1.42,7.48,-,2.14,-,73.00,74.56,"Ruoppolo, Waste Management 2012, 32, 724-732","Some feedstock properties were converted to appropriate basis, LHV of Syngas converted to units in database by assuming remaining fraction of syngas is N2; gas yield calculated from given CGE; CCE estimated using equation"
187,polyethylene (80 wt.%)/pine wood sawdust (20 wt.%),pellets,6x20,21.90,54.90,6.80,0.50,0.00,37.80,1.48,5.70,82.61,15.91,-,-,-,780.00,continuous,atmospheric,20-60,0.00,0.23,air,fluidised bed,quartzite sand,-,pilot-scale,44.50,17.00,16.00,10.50,12.00,0.00,7.81,-,2.64,-,94.00,93.18,"Ruoppolo, Waste Management 2012, 32, 724-732","Some feedstock properties were converted to appropriate basis, LHV of Syngas converted to units in database by assuming remaining fraction of syngas is N2; gas yield calculated from given CGE; CCE estimated using equation"
188,polyethylene (80 wt.%)/pine wood sawdust (20 wt.%),pellets,6x20,21.90,54.90,6.80,0.50,0.00,37.80,1.48,5.70,82.61,15.91,-,-,-,780.00,continuous,atmospheric,20-60,0.00,0.19,air,fluidised bed,quartzite sand,-,pilot-scale,48.50,16.00,15.00,11.50,9.00,0.00,6.69,-,1.93,-,59.00,63.25,"Ruoppolo, Waste Management 2012, 32, 724-732","Some feedstock properties were converted to appropriate basis, LHV of Syngas converted to units in database by assuming remaining fraction of syngas is N2; gas yield calculated from given CGE; CCE estimated using equation"
189,olive husk,pellets,6x20,19.30,53.50,5.70,1.00,0.00,39.80,3.51,8.90,74.86,21.62,-,-,-,780.00,continuous,atmospheric,20-60,0.00,0.17,air,fluidised bed,?-alumina ,Nickel (5.5 wt.%),pilot-scale,43.17,17.50,19.00,13.00,6.50,0.83,5.95,-,1.98,-,61.00,75.22,"Ruoppolo, Waste Management 2012, 32, 724-732","Some feedstock properties were converted to appropriate basis, LHV of Syngas converted to units in database by assuming remaining fraction of syngas is N2; gas yield calculated from given CGE; CCE estimated using equation"
190,olive husk,pellets,6x20,19.30,53.50,5.70,1.00,0.00,39.80,3.51,8.90,74.86,21.62,-,-,-,780.00,continuous,atmospheric,20-60,0.44,0.09,air + steam,fluidised bed,?-alumina ,Nickel (5.5 wt.%),pilot-scale,42.11,21.00,18.00,12.50,5.00,1.39,8.64,-,1.47,-,66.00,53.49,"Ruoppolo, Waste Management 2012, 32, 724-732","Some feedstock properties were converted to appropriate basis, LHV of Syngas converted to units in database by assuming remaining fraction of syngas is N2; gas yield calculated from given CGE; CCE estimated using equation"
191,olive husk,pellets,6x20,19.30,53.50,5.70,1.00,0.00,39.80,3.51,8.90,74.86,21.62,-,-,-,780.00,continuous,atmospheric,20-60,0.00,0.17,air,fluidised bed,quartzite sand,-,pilot-scale,48.50,16.00,17.50,12.00,6.00,0.00,6.58,-,1.76,-,60.00,59.12,"Ruoppolo, Waste Management 2012, 32, 724-732","Some feedstock properties were converted to appropriate basis, LHV of Syngas converted to units in database by assuming remaining fraction of syngas is N2; gas yield calculated from given CGE; CCE estimated using equation"
192,olive husk,pellets,6x20,19.30,53.50,5.70,1.00,0.00,39.80,3.51,8.90,74.86,21.62,-,-,-,780.00,continuous,atmospheric,20-60,0.44,0.09,air + steam,fluidised bed,quartzite sand,-,pilot-scale,54.00,17.00,15.00,10.00,4.00,0.00,6.52,-,0.95,-,32.00,26.04,"Ruoppolo, Waste Management 2012, 32, 724-732","Some feedstock properties were converted to appropriate basis, LHV of Syngas converted to units in database by assuming remaining fraction of syngas is N2; gas yield calculated from given CGE; CCE estimated using equation"
193,pine sawdust,dust,2.5,16.24,48.24,7.44,1.28,0.06,42.99,0.92,9.28,84.86,14.22,-,-,-,750.00,continuous,atmospheric,-,0.00,0.20,air,updraft,-,-,-,55.00,6.80,18.70,11.40,6.00,2.10,6.60,87.10,1.44,-,58.52,60.81,"Huili Liu, J. Nat. Gas Chem. 2012, 21, 374-380",Elemental and proximate analysis converted to appropriate basis where necessary; CGE and CCE calculated using equation - some values seem unrealistically high (even >100%); N2 content of Syngas estimated by difference
194,pine sawdust,dust,2.5,16.24,48.24,7.44,1.28,0.06,42.99,0.92,9.28,84.86,14.22,-,-,-,800.00,continuous,atmospheric,-,0.00,0.20,air,updraft,-,-,-,49.90,9.30,21.80,11.00,6.00,2.00,7.06,55.20,1.59,-,69.12,71.10,"Huili Liu, J. Nat. Gas Chem. 2012, 21, 374-380",Elemental and proximate analysis converted to appropriate basis where necessary; CGE and CCE calculated using equation - some values seem unrealistically high (even >100%); N2 content of Syngas estimated by difference
195,pine sawdust,dust,2.5,16.24,48.24,7.44,1.28,0.06,42.99,0.92,9.28,84.86,14.22,-,-,-,850.00,continuous,atmospheric,-,0.00,0.20,air,updraft,-,-,-,44.20,13.00,24.70,10.80,5.50,1.80,7.45,48.90,1.80,-,82.57,83.70,"Huili Liu, J. Nat. Gas Chem. 2012, 21, 374-380",Elemental and proximate analysis converted to appropriate basis where necessary; CGE and CCE calculated using equation - some values seem unrealistically high (even >100%); N2 content of Syngas estimated by difference
196,pine sawdust,dust,2.5,16.24,48.24,7.44,1.28,0.06,42.99,0.92,9.28,84.86,14.22,-,-,-,900.00,continuous,atmospheric,-,0.00,0.20,air,updraft,-,-,-,39.00,16.00,27.90,11.00,5.10,1.00,7.72,41.70,2.01,-,95.55,96.23,"Huili Liu, J. Nat. Gas Chem. 2012, 21, 374-380",Elemental and proximate analysis converted to appropriate basis where necessary; CGE and CCE calculated using equation - some values seem unrealistically high (even >100%); N2 content of Syngas estimated by difference
197,pine sawdust,dust,2.5,16.24,48.24,7.44,1.28,0.06,42.99,0.92,9.28,84.86,14.22,-,-,-,950.00,continuous,atmospheric,-,0.00,0.20,air,updraft,-,-,-,35.10,18.60,31.30,10.40,4.10,0.50,7.70,38.10,2.07,-,98.15,100.56,"Huili Liu, J. Nat. Gas Chem. 2012, 21, 374-380",Elemental and proximate analysis converted to appropriate basis where necessary; CGE and CCE calculated using equation - some values seem unrealistically high (even >100%); N2 content of Syngas estimated by difference
198,pine sawdust,dust,2.5,16.24,48.24,7.44,1.28,0.06,42.99,0.92,9.28,84.86,14.22,-,-,-,800.00,continuous,atmospheric,-,0.00,0.10,air,updraft,-,-,-,52.50,9.80,21.40,8.10,6.00,2.20,7.26,80.40,1.30,-,58.12,53.93,"Huili Liu, J. Nat. Gas Chem. 2012, 21, 374-380",Elemental and proximate analysis converted to appropriate basis where necessary; CGE and CCE calculated using equation - some values seem unrealistically high (even >100%); N2 content of Syngas estimated by difference
199,pine sawdust,dust,2.5,16.24,48.24,7.44,1.28,0.06,42.99,0.92,9.28,84.86,14.22,-,-,-,800.00,continuous,atmospheric,-,0.00,0.30,air,updraft,-,-,-,50.80,9.00,20.10,13.50,5.10,1.50,6.32,43.50,1.89,-,73.55,82.83,"Huili Liu, J. Nat. Gas Chem. 2012, 21, 374-380",Elemental and proximate analysis converted to appropriate basis where necessary; CGE and CCE calculated using equation - some values seem unrealistically high (even >100%); N2 content of Syngas estimated by difference
200,pine sawdust,dust,2.5,16.24,48.24,7.44,1.28,0.06,42.99,0.92,9.28,84.86,14.22,-,-,-,800.00,continuous,atmospheric,-,0.00,0.40,air,updraft,-,-,-,52.00,7.90,18.90,16.10,4.30,0.80,5.37,36.40,2.31,-,76.38,99.87,"Huili Liu, J. Nat. Gas Chem. 2012, 21, 374-380",Elemental and proximate analysis converted to appropriate basis where necessary; CGE and CCE calculated using equation - some values seem unrealistically high (even >100%); N2 content of Syngas estimated by difference
201,pine sawdust,dust,2.5,16.24,48.24,7.44,1.28,0.06,42.99,0.92,9.28,84.86,14.22,-,-,-,800.00,continuous,atmospheric,-,0.00,0.50,air,updraft,-,-,-,55.40,6.50,15.80,18.70,3.10,0.50,4.15,31.90,2.84,-,72.57,116.87,"Huili Liu, J. Nat. Gas Chem. 2012, 21, 374-380",Elemental and proximate analysis converted to appropriate basis where necessary; CGE and CCE calculated using equation - some values seem unrealistically high (even >100%); N2 content of Syngas estimated by difference
202,corn straw,particles,3.75,15.80,45.71,6.21,1.01,0.14,46.94,6.20,6.17,79.42,14.38,-,-,-,900.00,continuous,atmospheric,-,0.00,0.18,air,fixed-bed downdraft,-,-,bench-scale,52.23,7.43,12.20,25.73,1.37,1.05,2.69,7.22,1.35,-,21.17,63.77,"Gai, Int. J. Hydrog 2012, 37, 4935-4944",Average particle size was estimated; Feedstock LHV converted to wb; reduction zone temperature considered as reference temperature; CCE estimated using equation - some values seem unrealistically high (even >100%)
203,corn straw,particles,3.75,15.80,45.71,6.21,1.01,0.14,46.94,6.20,6.17,79.42,14.38,-,-,-,950.00,continuous,atmospheric,-,0.00,0.21,air,fixed-bed downdraft,-,-,bench-scale,53.14,8.55,14.08,21.16,1.91,1.16,3.32,6.85,1.47,-,28.46,65.68,"Gai, Int. J. Hydrog 2012, 37, 4935-4944",Average particle size was estimated; Feedstock LHV converted to wb; reduction zone temperature considered as reference temperature; CCE estimated using equation - some values seem unrealistically high (even >100%)
204,corn straw,particles,3.75,15.80,45.71,6.21,1.01,0.14,46.94,6.20,6.17,79.42,14.38,-,-,-,965.00,continuous,atmospheric,-,0.00,0.24,air,fixed-bed downdraft,-,-,bench-scale,52.16,10.80,16.54,16.30,2.95,1.26,4.43,6.32,1.62,-,41.85,69.49,"Gai, Int. J. Hydrog 2012, 37, 4935-4944",Average particle size was estimated; Feedstock LHV converted to wb; reduction zone temperature considered as reference temperature; CCE estimated using equation - some values seem unrealistically high (even >100%)
205,corn straw,particles,3.75,15.80,45.71,6.21,1.01,0.14,46.94,6.20,6.17,79.42,14.38,-,-,-,975.00,continuous,atmospheric,-,0.00,0.28,air,fixed-bed downdraft,-,-,bench-scale,51.39,12.28,18.25,12.60,3.80,1.68,5.30,5.69,1.81,-,55.94,76.39,"Gai, Int. J. Hydrog 2012, 37, 4935-4944",Average particle size was estimated; Feedstock LHV converted to wb; reduction zone temperature considered as reference temperature; CCE estimated using equation - some values seem unrealistically high (even >100%)
206,corn straw,particles,3.75,15.80,45.71,6.21,1.01,0.14,46.94,6.20,6.17,79.42,14.38,-,-,-,985.00,continuous,atmospheric,-,0.00,0.32,air,fixed-bed downdraft,-,-,bench-scale,52.56,12.76,18.70,10.93,3.51,1.53,5.39,5.13,2.14,-,67.26,85.77,"Gai, Int. J. Hydrog 2012, 37, 4935-4944",Average particle size was estimated; Feedstock LHV converted to wb; reduction zone temperature considered as reference temperature; CCE estimated using equation - some values seem unrealistically high (even >100%)
207,corn straw,particles,3.75,15.80,45.71,6.21,1.01,0.14,46.94,6.20,6.17,79.42,14.38,-,-,-,995.00,continuous,atmospheric,-,0.00,0.36,air,fixed-bed downdraft,-,-,bench-scale,53.60,11.55,16.93,13.02,3.44,1.45,4.99,4.87,2.53,-,73.61,102.22,"Gai, Int. J. Hydrog 2012, 37, 4935-4944",Average particle size was estimated; Feedstock LHV converted to wb; reduction zone temperature considered as reference temperature; CCE estimated using equation - some values seem unrealistically high (even >100%)
208,corn straw,particles,3.75,15.80,45.71,6.21,1.01,0.14,46.94,6.20,6.17,79.42,14.38,-,-,-,1025.00,continuous,atmospheric,-,0.00,0.41,air,fixed-bed downdraft,-,-,bench-scale,55.94,9.91,14.20,17.25,1.47,1.23,3.69,4.62,2.86,-,61.54,114.00,"Gai, Int. J. Hydrog 2012, 37, 4935-4944",Average particle size was estimated; Feedstock LHV converted to wb; reduction zone temperature considered as reference temperature; CCE estimated using equation - some values seem unrealistically high (even >100%)
209,pine sawdust,dust,2.4,14.64,49.99,5.70,0.20,0.03,44.09,0.86,23.50,82.54,16.61,-,-,-,800.00,continuous,atmospheric,300.00,0.00,0.32,air,bubbling fluidised bed,silica sand,-,pilot-scale,61.30,7.00,14.00,13.50,3.00,1.20,4.30,3.73,1.85,-,54.34,62.25,"Narvï¿½ez, Ind. Eng. Chem. Res. 1996, 35, 2110-2120",LHV of feedstock converted to wb; Gas yield convert to wb; CGE and CCE calculated using equations
210,pine sawdust,dust,2.4,14.94,49.99,5.70,0.20,0.03,44.09,0.86,21.00,82.54,16.61,-,-,-,800.00,continuous,atmospheric,300.00,0.00,0.37,air,bubbling fluidised bed,silica sand,-,pilot-scale,58.24,9.49,12.99,14.99,2.70,1.60,4.60,7.16,2.07,-,63.63,71.85,"Narvï¿½ez, Ind. Eng. Chem. Res. 1996, 35, 2110-2120",LHV of feedstock converted to wb; Gas yield convert to wb; CGE and CCE calculated using equations
211,pine sawdust,dust,2.4,14.69,49.99,5.70,0.20,0.03,44.09,0.86,23.00,82.54,16.61,-,-,-,810.00,continuous,atmospheric,162.00,0.00,0.47,air,bubbling fluidised bed,silica sand,-,pilot-scale,66.50,8.00,10.00,12.00,2.40,1.10,3.70,2.99,2.03,-,51.18,55.55,"Narvï¿½ez, Ind. Eng. Chem. Res. 1996, 35, 2110-2120",LHV of feedstock converted to wb; Gas yield convert to wb; CGE and CCE calculated using equations
212,pine sawdust,dust,2.4,14.81,49.99,5.70,0.20,0.03,44.09,0.86,22.00,82.54,16.61,-,-,-,800.00,continuous,atmospheric,240.00,0.00,0.26,air,bubbling fluidised bed,silica sand,-,pilot-scale,58.24,9.49,12.99,14.99,2.70,1.60,4.60,2.01,1.72,-,53.45,59.86,"Narvï¿½ez, Ind. Eng. Chem. Res. 1996, 35, 2110-2120",LHV of feedstock converted to wb; Gas yield convert to wb; CGE and CCE calculated using equations
213,pine sawdust,dust,2.4,14.46,49.99,5.70,0.20,0.03,44.09,0.86,25.00,82.54,16.61,-,-,-,790.00,continuous,atmospheric,300.00,0.00,0.36,air,bubbling fluidised bed,silica sand,-,pilot-scale,58.24,9.49,12.99,14.99,2.70,1.60,4.60,2.01,1.92,-,61.07,66.77,"Narvï¿½ez, Ind. Eng. Chem. Res. 1996, 35, 2110-2120",LHV of feedstock converted to wb; Gas yield convert to wb; CGE and CCE calculated using equations
214,pine sawdust,dust,2.4,15.18,49.99,5.70,0.20,0.03,44.09,0.86,19.00,82.54,16.61,-,-,-,800.00,continuous,atmospheric,312.00,0.00,0.32,air,bubbling fluidised bed,silica sand,-,pilot-scale,48.49,10.24,19.40,14.55,4.85,2.48,6.30,9.98,1.76,-,73.21,78.48,"Narvï¿½ez, Ind. Eng. Chem. Res. 1996, 35, 2110-2120",LHV of feedstock converted to wb; Gas yield convert to wb; CGE and CCE calculated using equations
215,peach prunings,pieces,10,17.42,50.62,6.07,0.31,0.16,42.83,2.20,8.17,86.27,11.53,37.53,19.33,23.84,790.00,batch,slightly below atmospheric,16.30,0.00,0.58,air,fixed-bed downdraft,-,-,pilot-scale,51.69,16.00,16.00,14.25,1.76,0.30,4.65,0.55,2.30,-,61.39,75.80,"Yin, Bioresour. Technol. 2012, 119,15-21",LHV of feedstock converted to wb; ultimate analysis converte to daf; oxidation temperature used as reference temperature; Tar and dust concentration taken as tar concentration; CCE estimated using equation - some values seem unrealistically high (even >100%)
216,peach prunings,pieces,15,17.42,50.62,6.07,0.31,0.16,42.83,2.20,8.17,86.27,11.53,37.53,19.33,23.84,820.00,batch,slightly below atmospheric,18.60,0.00,0.67,air,fixed-bed downdraft,-,-,pilot-scale,51.94,15.00,20.50,11.50,0.95,0.11,4.70,0.08,2.60,-,70.14,86.31,"Yin, Bioresour. Technol. 2012, 119,15-21",LHV of feedstock converted to wb; ultimate analysis converte to daf; oxidation temperature used as reference temperature; Tar and dust concentration taken as tar concentration; CCE estimated using equation - some values seem unrealistically high (even >100%)
217,peach prunings,pieces,30,17.42,50.62,6.07,0.31,0.16,42.83,2.20,8.17,86.27,11.53,37.53,19.33,23.84,930.00,batch,slightly below atmospheric,20.30,0.00,0.73,air,fixed-bed downdraft,-,-,pilot-scale,53.08,13.75,20.50,12.00,0.62,0.05,4.30,0.08,2.75,-,67.88,91.54,"Yin, Bioresour. Technol. 2012, 119,15-21",LHV of feedstock converted to wb; ultimate analysis converte to daf; oxidation temperature used as reference temperature; Tar and dust concentration taken as tar concentration; CCE estimated using equation - some values seem unrealistically high (even >100%)
218,peach prunings,pieces,50,17.42,50.62,6.07,0.31,0.16,42.83,2.20,8.17,86.27,11.53,37.53,19.33,23.84,1030.00,batch,slightly below atmospheric,21.70,0.00,0.77,air,fixed-bed downdraft,-,-,pilot-scale,55.72,12.00,23.75,8.25,0.25,0.03,4.40,0.02,3.00,-,75.77,96.07,"Yin, Bioresour. Technol. 2012, 119,15-21",LHV of feedstock converted to wb; ultimate analysis converte to daf; oxidation temperature used as reference temperature; Tar and dust concentration taken as tar concentration; CCE estimated using equation - some values seem unrealistically high (even >100%)
219,peach prunings,pieces,70,17.42,50.62,6.07,0.31,0.16,42.83,2.20,8.17,86.27,11.53,37.53,19.33,23.84,1000.00,batch,slightly below atmospheric,24.80,0.00,0.87,air,fixed-bed downdraft,-,-,pilot-scale,56.29,12.00,21.50,9.75,0.40,0.06,4.35,0.03,3.40,-,84.89,107.64,"Yin, Bioresour. Technol. 2012, 119,15-21",LHV of feedstock converted to wb; ultimate analysis converte to daf; oxidation temperature used as reference temperature; Tar and dust concentration taken as tar concentration; CCE estimated using equation - some values seem unrealistically high (even >100%)
220,pine wood,-,1.5,14.47,46.29,6.48,1.04,0.12,46.08,1.69,11.89,82.27,16.04,-,-,-,720.00,continuous,atmospheric,-,1.20,0.00,steam,interconnected fluidised bed,silica sand,-,laboratory scale,0.00,71.50,9.00,7.50,12.00,0.00,13.15,-,0.77,-,70.30,24.00,"Song, Biomass Bioenergy 2012, 36, 258-267",Ultimate analysis converted to daf basis; gas yield converted to wb; LHV of syngas estimated from composition; N2 content of syngas estimated by difference; Gas yield estimated from H2 yield for some values; CCE and CGE estimated using equation - some values seem unrealistically high (even >100%)
221,pine wood,-,1.5,14.47,46.29,6.48,1.04,0.12,46.08,1.69,11.89,82.27,16.04,-,-,-,770.00,continuous,atmospheric,-,1.20,0.00,steam,interconnected fluidised bed,silica sand,-,laboratory scale,0.00,64.00,13.00,14.00,9.00,0.00,11.77,-,0.91,-,73.82,35.97,"Song, Biomass Bioenergy 2012, 36, 258-267",Ultimate analysis converted to daf basis; gas yield converted to wb; LHV of syngas estimated from composition; N2 content of syngas estimated by difference; Gas yield estimated from H2 yield for some values; CCE and CGE estimated using equation - some values seem unrealistically high (even >100%)
222,pine wood,-,1.5,14.47,46.29,6.48,1.04,0.12,46.08,1.69,11.89,82.27,16.04,-,-,-,820.00,continuous,atmospheric,-,1.20,0.00,steam,interconnected fluidised bed,silica sand,-,laboratory scale,0.00,60.00,15.00,17.00,8.00,0.00,11.24,-,1.17,-,90.58,51.55,"Song, Biomass Bioenergy 2012, 36, 258-267",Ultimate analysis converted to daf basis; gas yield converted to wb; LHV of syngas estimated from composition; N2 content of syngas estimated by difference; Gas yield estimated from H2 yield for some values; CCE and CGE estimated using equation - some values seem unrealistically high (even >100%)
223,pine wood,-,1.5,14.47,46.29,6.48,1.04,0.12,46.08,1.69,11.89,82.27,16.04,-,-,-,870.00,continuous,atmospheric,-,1.20,0.00,steam,interconnected fluidised bed,silica sand,-,laboratory scale,0.00,56.57,20.20,15.15,8.08,0.00,11.55,-,1.34,-,106.93,63.76,"Song, Biomass Bioenergy 2012, 36, 258-267",Ultimate analysis converted to daf basis; gas yield converted to wb; LHV of syngas estimated from composition; N2 content of syngas estimated by difference; Gas yield estimated from H2 yield for some values; CCE and CGE estimated using equation - some values seem unrealistically high (even >100%)
224,pine wood,-,1.5,14.47,46.29,6.48,1.04,0.12,46.08,1.69,11.89,82.27,16.04,-,-,-,920.00,continuous,atmospheric,-,1.20,0.00,steam,interconnected fluidised bed,silica sand,-,laboratory scale,0.00,52.76,25.13,14.07,8.04,0.00,11.75,-,1.48,-,120.05,76.14,"Song, Biomass Bioenergy 2012, 36, 258-267",Ultimate analysis converted to daf basis; gas yield converted to wb; LHV of syngas estimated from composition; N2 content of syngas estimated by difference; Gas yield estimated from H2 yield for some values; CCE and CGE estimated using equation - some values seem unrealistically high (even >100%)
225,pine wood,-,1.5,14.47,46.29,6.48,1.04,0.12,46.08,1.69,11.89,82.27,16.04,-,-,-,820.00,continuous,atmospheric,-,0.80,0.00,steam,interconnected fluidised bed,silica sand,-,laboratory scale,0.00,56.00,20.00,15.00,9.00,0.00,11.79,9.00,0.91,-,74.25,43.90,"Song, Biomass Bioenergy 2012, 36, 258-267",Ultimate analysis converted to daf basis; gas yield converted to wb; LHV of syngas estimated from composition; N2 content of syngas estimated by difference; Gas yield estimated from H2 yield for some values; CCE and CGE estimated using equation - some values seem unrealistically high (even >100%)
226,pine wood,-,1.5,14.47,46.29,6.48,1.04,0.12,46.08,1.69,11.89,82.27,16.04,-,-,-,820.00,continuous,atmospheric,-,1.00,0.00,steam,interconnected fluidised bed,silica sand,-,laboratory scale,0.00,57.21,17.91,16.92,7.96,0.00,11.29,8.85,1.04,-,81.08,48.97,"Song, Biomass Bioenergy 2012, 36, 258-267",Ultimate analysis converted to daf basis; gas yield converted to wb; LHV of syngas estimated from composition; N2 content of syngas estimated by difference; Gas yield estimated from H2 yield for some values; CCE and CGE estimated using equation - some values seem unrealistically high (even >100%)
227,pine wood,-,1.5,14.47,46.29,6.48,1.04,0.12,46.08,1.69,11.89,82.27,16.04,-,-,-,820.00,continuous,atmospheric,-,1.20,0.00,steam,interconnected fluidised bed,silica sand,-,laboratory scale,0.00,59.70,14.93,17.41,7.96,0.00,11.18,7.85,1.18,-,91.13,52.54,"Song, Biomass Bioenergy 2012, 36, 258-267",Ultimate analysis converted to daf basis; gas yield converted to wb; LHV of syngas estimated from composition; N2 content of syngas estimated by difference; Gas yield estimated from H2 yield for some values; CCE and CGE estimated using equation - some values seem unrealistically high (even >100%)
228,pine wood,-,1.5,14.47,46.29,6.48,1.04,0.12,46.08,1.69,11.89,82.27,16.04,-,-,-,820.00,continuous,atmospheric,-,1.40,0.00,steam,interconnected fluidised bed,silica sand,-,laboratory scale,0.00,59.70,14.93,17.41,7.96,0.00,11.18,6.70,1.28,-,99.25,57.22,"Song, Biomass Bioenergy 2012, 36, 258-267",Ultimate analysis converted to daf basis; gas yield converted to wb; LHV of syngas estimated from composition; N2 content of syngas estimated by difference; Gas yield estimated from H2 yield for some values; CCE and CGE estimated using equation - some values seem unrealistically high (even >100%)
229,pine wood,-,1.5,14.47,46.29,6.48,1.04,0.12,46.08,1.69,11.89,82.27,16.04,-,-,-,820.00,continuous,atmospheric,-,1.70,0.00,steam,interconnected fluidised bed,silica sand,-,laboratory scale,0.00,60.00,14.50,17.50,8.00,0.00,11.17,6.55,1.11,-,85.66,49.08,"Song, Biomass Bioenergy 2012, 36, 258-267",Ultimate analysis converted to daf basis; gas yield converted to wb; LHV of syngas estimated from composition; N2 content of syngas estimated by difference; Gas yield estimated from H2 yield for some values; CCE and CGE estimated using equation - some values seem unrealistically high (even >100%)
230,pine wood,-,1.5,14.47,46.29,6.48,1.04,0.12,46.08,1.69,11.89,82.27,16.04,-,-,-,820.00,continuous,atmospheric,-,2.00,0.00,steam,interconnected fluidised bed,silica sand,-,laboratory scale,0.00,60.00,14.00,17.50,8.00,0.50,11.11,6.50,1.03,-,78.90,44.92,"Song, Biomass Bioenergy 2012, 36, 258-267",Ultimate analysis converted to daf basis; gas yield converted to wb; LHV of syngas estimated from composition; N2 content of syngas estimated by difference; Gas yield estimated from H2 yield for some values; CCE and CGE estimated using equation - some values seem unrealistically high (even >100%)
231,corn cobs,-,27.59,17.30,47.60,6.10,0.52,0.00,45.78,2.12,10.10,80.06,17.82,-,-,-,926.85,continuous,-,-,0.00,0.28,air,fixed-bed downdraft,-,-,350 kw_th,46.49,15.84,22.47,12.34,2.25,0.61,5.72,-,2.00,77.97,66.13,78.79,"Biagini, Bioresource Technology 2016, 201, 156-165","Average particle size estimated from particle size distribution; Approximate gasifier temperature estimated from Mazhkoo et al., Energy Conversion and Management (2021), 231, 113826; CGE and CCE calculated using equations"
232,corn cobs,-,27.59,17.30,47.60,6.10,0.52,0.00,45.78,2.12,10.10,80.06,17.82,-,-,-,926.85,continuous,-,-,0.00,0.28,air,fixed-bed downdraft,-,-,350 kw_th,45.28,17.57,22.63,12.03,2.03,0.46,5.74,-,2.03,79.45,67.27,79.01,"Biagini, Bioresource Technology 2016, 201, 156-165","Average particle size estimated from particle size distribution; Approximate gasifier temperature estimated from Mazhkoo et al., Energy Conversion and Management (2021), 231, 113826; CGE and CCE calculated using equations"
233,corn cobs,-,27.59,17.30,47.60,6.10,0.52,0.00,45.78,2.12,10.10,80.06,17.82,-,-,-,926.85,continuous,-,-,0.00,0.29,air,fixed-bed downdraft,-,-,350 kw_th,46.62,16.61,22.57,11.79,1.91,0.50,5.62,-,2.05,79.45,66.75,79.14,"Biagini, Bioresource Technology 2016, 201, 156-165","Average particle size estimated from particle size distribution; Approximate gasifier temperature estimated from Mazhkoo et al., Energy Conversion and Management (2021), 231, 113826; CGE and CCE calculated using equations"
234,wood pellets,-,24.02,18.40,48.91,5.80,0.18,0.00,45.11,2.10,9.50,80.63,17.27,-,-,-,926.85,continuous,-,-,0.00,0.27,air,fixed-bed downdraft,-,-,350 kw_th,47.25,16.35,21.29,12.39,2.28,0.43,5.52,-,1.81,108.62,54.31,67.43,"Biagini, Bioresource Technology 2016, 201, 156-165","Average particle size estimated from particle size distribution; Approximate gasifier temperature estimated from Mazhkoo et al., Energy Conversion and Management (2021), 231, 113826; CGE and CCE calculated using equations"
235,rice husk,-,3.15,15.60,49.44,6.25,0.54,0.00,43.77,16.60,12.50,67.95,15.45,-,-,-,926.85,continuous,-,-,0.00,0.38,air,fixed-bed downdraft,-,-,350 kw_th,60.50,7.97,20.04,10.58,0.69,0.22,3.76,-,1.74,172.00,41.94,55.76,"Biagini, Bioresource Technology 2016, 201, 156-165","Average particle size estimated from particle size distribution; Approximate gasifier temperature estimated from Mazhkoo et al., Energy Conversion and Management (2021), 231, 113826; CGE and CCE calculated using equations"
236,rice husk,-,3.15,15.60,49.44,6.25,0.54,0.00,43.77,16.60,12.50,67.95,15.45,-,-,-,926.85,continuous,-,-,0.00,0.41,air,fixed-bed downdraft,-,-,350 kw_th,66.55,5.78,12.27,14.55,0.61,0.24,2.53,-,1.89,187.30,30.63,54.07,"Biagini, Bioresource Technology 2016, 201, 156-165","Average particle size estimated from particle size distribution; Approximate gasifier temperature estimated from Mazhkoo et al., Energy Conversion and Management (2021), 231, 113826; CGE and CCE calculated using equations"
237,vine pruning,-,22.74,18.10,50.84,5.82,0.88,0.00,42.46,2.62,17.60,80.84,16.54,-,-,-,926.85,continuous,-,-,0.00,0.26,air,fixed-bed downdraft,-,-,350 kw_th,45.08,17.06,21.74,13.02,2.55,0.54,5.82,-,1.98,120.45,63.58,73.56,"Biagini, Bioresource Technology 2016, 201, 156-165","Average particle size estimated from particle size distribution; Approximate gasifier temperature estimated from Mazhkoo et al., Energy Conversion and Management (2021), 231, 113826; CGE and CCE calculated using equations"
238,bamboo,chips,-,21.65,50.67,6.14,2.14,0.00,41.06,4.50,5.00,80.30,15.20,-,-,-,850.00,-,-,-,0.00,0.30,air,fixed-bed downdraft,-,-,-,51.65,17.55,19.26,10.33,1.20,0.00,4.76,-,-,-,-,-,"Dutta, Energy Procedia 2014, 54, 21-34",Only extreme cases considered as variations between experimental runs was small; LHV of Syngas estimated using equation
239,bamboo,chips,-,18.40,50.67,6.14,2.14,0.00,41.06,4.50,20.00,80.30,15.20,-,-,-,850.00,-,-,-,0.00,0.30,air,fixed-bed downdraft,-,-,-,50.73,18.28,18.58,11.05,1.36,0.00,4.81,-,-,-,-,-,"Dutta, Energy Procedia 2014, 54, 21-34",Only extreme cases considered as variations between experimental runs was small; LHV of Syngas estimated using equation
240,gulmohar,chips,-,19.06,47.20,6.54,1.75,0.00,44.51,5.50,5.00,81.25,13.25,-,-,-,850.00,-,-,-,0.00,0.30,air,fixed-bed downdraft,-,-,-,52.51,17.03,18.54,10.72,1.20,0.00,4.61,-,-,-,-,-,"Dutta, Energy Procedia 2014, 54, 21-34",Only extreme cases considered as variations between experimental runs was small; LHV of Syngas estimated using equation
241,gulmohar,chips,-,16.20,47.20,6.54,1.75,0.00,44.51,5.50,20.00,81.25,13.25,-,-,-,850.00,-,-,-,0.00,0.30,air,fixed-bed downdraft,-,-,-,51.58,17.53,18.03,11.52,1.35,0.00,4.65,-,-,-,-,-,"Dutta, Energy Procedia 2014, 54, 21-34",Only extreme cases considered as variations between experimental runs was small; LHV of Syngas estimated using equation
242,neem,chips,-,19.53,47.83,6.36,1.80,0.00,44.01,5.60,5.00,81.75,12.65,-,-,-,850.00,-,-,-,0.00,0.30,air,fixed-bed downdraft,-,-,-,51.65,17.55,19.26,10.33,1.20,0.00,4.76,-,-,-,-,-,"Dutta, Energy Procedia 2014, 54, 21-34",Only extreme cases considered as variations between experimental runs was small; LHV of Syngas estimated using equation
243,neem,chips,-,16.60,47.83,6.36,1.80,0.00,44.01,5.60,20.00,81.75,12.65,-,-,-,850.00,-,-,-,0.00,0.30,air,fixed-bed downdraft,-,-,-,50.73,18.28,18.58,11.05,1.36,0.00,4.81,-,-,-,-,-,"Dutta, Energy Procedia 2014, 54, 21-34",Only extreme cases considered as variations between experimental runs was small; LHV of Syngas estimated using equation
244,dimaru,chips,-,18.76,47.55,6.34,1.75,0.00,44.36,5.80,5.00,82.00,12.20,-,-,-,850.00,-,-,-,0.00,0.30,air,fixed-bed downdraft,-,-,-,53.35,16.61,17.61,11.58,0.86,0.00,4.32,-,-,-,-,-,"Dutta, Energy Procedia 2014, 54, 21-34",Only extreme cases considered as variations between experimental runs was small; LHV of Syngas estimated using equation
245,dimaru,chips,-,15.95,47.55,6.34,1.75,0.00,44.36,5.80,20.00,82.00,12.20,-,-,-,850.00,-,-,-,0.00,0.30,air,fixed-bed downdraft,-,-,-,52.79,17.09,17.09,12.07,0.96,0.00,4.35,-,-,-,-,-,"Dutta, Energy Procedia 2014, 54, 21-34",Only extreme cases considered as variations between experimental runs was small; LHV of Syngas estimated using equation
246,sisham,chips,-,20.18,49.04,6.20,1.71,0.00,43.05,4.60,5.00,80.00,15.40,-,-,-,850.00,-,-,-,0.00,0.30,air,fixed-bed downdraft,-,-,-,49.35,18.09,20.30,11.06,1.21,0.00,4.95,-,-,-,-,-,"Dutta, Energy Procedia 2014, 54, 21-34",Only extreme cases considered as variations between experimental runs was small; LHV of Syngas estimated using equation
247,sisham,chips,-,17.15,49.04,6.20,1.71,0.00,43.05,4.60,20.00,80.00,15.40,-,-,-,850.00,-,-,-,0.00,0.30,air,fixed-bed downdraft,-,-,-,49.10,19.08,19.08,11.45,1.31,0.00,4.94,-,-,-,-,-,"Dutta, Energy Procedia 2014, 54, 21-34",Only extreme cases considered as variations between experimental runs was small; LHV of Syngas estimated using equation
248,pine sawdust,dust,0.5,16.98,42.50,6.30,0.20,0.00,51.00,1.31,8.50,84.59,14.10,-,-,-,780.00,continuous,slightly above atmospheric (1.1atm),-,0.80,0.00,steam,fluidised bed,silica sand,-,bench-scale,0.00,51.50,22.00,17.00,7.00,2.50,12.00,20.55,1.32,58.70,93.19,72.52,"Herguido, Ind. Eng. Chem. Res. 1992, 31, 1274-1282","Feedstock Oxygen content calculated by difference; Feedstock LHV converted to wet basis; Proximate analysis converted to dry basis; Gas, tar, and char yield converted to appropriate units "
249,pine sawdust,dust,0.5,16.98,42.50,6.30,0.20,0.00,51.00,1.31,8.50,84.59,14.10,-,-,-,750.00,continuous,slightly above atmospheric (1.1atm),-,0.80,0.00,steam,fluidised bed,silica sand,-,bench-scale,0.00,51.50,22.00,17.00,7.00,2.50,12.40,26.92,1.17,99.33,85.74,64.57,"Herguido, Ind. Eng. Chem. Res. 1992, 31, 1274-1282","Feedstock Oxygen content calculated by difference; Feedstock LHV converted to wet basis; Proximate analysis converted to dry basis; Gas, tar, and char yield converted to appropriate units "
250,pine sawdust,dust,0.5,16.98,42.50,6.30,0.20,0.00,51.00,1.31,8.50,84.59,14.10,-,-,-,700.00,continuous,slightly above atmospheric (1.1atm),-,0.80,0.00,steam,fluidised bed,silica sand,-,bench-scale,0.00,55.00,20.00,15.00,6.00,4.00,12.60,38.46,0.94,139.97,69.70,46.02,"Herguido, Ind. Eng. Chem. Res. 1992, 31, 1274-1282","Feedstock Oxygen content calculated by difference; Feedstock LHV converted to wet basis; Proximate analysis converted to dry basis; Gas, tar, and char yield converted to appropriate units "
251,pine sawdust,dust,0.5,16.98,42.50,6.30,0.20,0.00,51.00,1.31,8.50,84.59,14.10,-,-,-,650.00,continuous,slightly above atmospheric (1.1atm),-,0.80,0.00,steam,fluidised bed,silica sand,-,bench-scale,0.00,57.50,22.00,12.00,6.00,2.50,13.20,76.62,0.70,198.66,54.06,33.02,"Herguido, Ind. Eng. Chem. Res. 1992, 31, 1274-1282","Feedstock Oxygen content calculated by difference; Feedstock LHV converted to wet basis; Proximate analysis converted to dry basis; Gas, tar, and char yield converted to appropriate units "
252,cereal straw,particles,5,12.34,43.70,6.10,0.40,0.00,49.80,15.29,7.80,66.81,17.90,-,-,-,780.00,continuous,slightly above atmospheric (1.1atm),-,0.80,0.00,steam,fluidised bed,silica sand,-,bench-scale,0.00,50.50,27.50,11.00,8.00,3.00,11.90,20.00,1.13,62.48,109.21,60.43,"Herguido, Ind. Eng. Chem. Res. 1992, 31, 1274-1282","Feedstock Oxygen content calculated by difference; Feedstock LHV converted to wet basis; Proximate analysis converted to dry basis; Gas, tar, and char yield converted to appropriate units "
253,cereal straw,particles,5,12.34,43.70,6.10,0.40,0.00,49.80,15.29,7.80,66.81,17.90,-,-,-,750.00,continuous,slightly above atmospheric (1.1atm),-,0.80,0.00,steam,fluidised bed,silica sand,-,bench-scale,0.00,51.50,22.00,18.50,6.00,2.00,12.40,33.07,0.99,85.91,99.67,53.78,"Herguido, Ind. Eng. Chem. Res. 1992, 31, 1274-1282","Feedstock Oxygen content calculated by difference; Feedstock LHV converted to wet basis; Proximate analysis converted to dry basis; Gas, tar, and char yield converted to appropriate units "
254,cereal straw,particles,5,12.34,43.70,6.10,0.40,0.00,49.80,15.29,7.80,66.81,17.90,-,-,-,700.00,continuous,slightly above atmospheric (1.1atm),-,0.80,0.00,steam,fluidised bed,silica sand,-,bench-scale,0.00,49.00,23.00,17.50,6.00,4.50,13.25,55.67,0.76,121.06,81.34,40.99,"Herguido, Ind. Eng. Chem. Res. 1992, 31, 1274-1282","Feedstock Oxygen content calculated by difference; Feedstock LHV converted to wet basis; Proximate analysis converted to dry basis; Gas, tar, and char yield converted to appropriate units "
255,cereal straw,particles,5,12.34,43.70,6.10,0.40,0.00,49.80,15.29,7.80,66.81,17.90,-,-,-,650.00,continuous,slightly above atmospheric (1.1atm),-,0.80,0.00,steam,fluidised bed,silica sand,-,bench-scale,0.00,44.00,27.50,16.00,7.50,5.00,13.75,101.43,0.55,175.73,60.92,32.24,"Herguido, Ind. Eng. Chem. Res. 1992, 31, 1274-1282","Feedstock Oxygen content calculated by difference; Feedstock LHV converted to wet basis; Proximate analysis converted to dry basis; Gas, tar, and char yield converted to appropriate units "
256,pine wood chips,chips,2x5x10,16.06,41.80,5.30,0.20,0.00,52.70,2.36,11.10,83.69,13.95,-,-,-,780.00,continuous,slightly above atmospheric (1.1atm),-,0.80,0.00,steam,fluidised bed,silica sand,-,bench-scale,0.00,37.00,34.00,16.50,8.50,4.00,12.55,32.17,1.00,173.60,78.01,70.95,"Herguido, Ind. Eng. Chem. Res. 1992, 31, 1274-1282","Feedstock Oxygen content calculated by difference; Feedstock LHV converted to wet basis; Proximate analysis converted to dry basis; Gas, tar, and char yield converted to appropriate units "
257,pine wood chips,chips,2x5x10,16.06,41.80,5.30,0.20,0.00,52.70,2.36,11.10,83.69,13.95,-,-,-,750.00,continuous,slightly above atmospheric (1.1atm),-,0.80,0.00,steam,fluidised bed,silica sand,-,bench-scale,0.00,51.50,22.00,17.00,7.00,2.50,12.60,48.51,0.88,190.96,68.79,49.03,"Herguido, Ind. Eng. Chem. Res. 1992, 31, 1274-1282","Feedstock Oxygen content calculated by difference; Feedstock LHV converted to wet basis; Proximate analysis converted to dry basis; Gas, tar, and char yield converted to appropriate units "
258,pine wood chips,chips,2x5x10,16.06,41.80,5.30,0.20,0.00,52.70,2.36,11.10,83.69,13.95,-,-,-,700.00,continuous,slightly above atmospheric (1.1atm),-,0.80,0.00,steam,fluidised bed,silica sand,-,bench-scale,0.00,51.50,22.00,18.00,6.00,2.50,13.00,73.75,0.69,195.30,56.22,38.91,"Herguido, Ind. Eng. Chem. Res. 1992, 31, 1274-1282","Feedstock Oxygen content calculated by difference; Feedstock LHV converted to wet basis; Proximate analysis converted to dry basis; Gas, tar, and char yield converted to appropriate units "
259,pine wood chips,chips,2x5x10,16.06,41.80,5.30,0.20,0.00,52.70,2.36,11.10,83.69,13.95,-,-,-,650.00,continuous,slightly above atmospheric (1.1atm),-,0.80,0.00,steam,fluidised bed,silica sand,-,bench-scale,0.00,46.00,20.00,21.00,9.00,4.00,13.30,103.03,0.57,203.98,47.45,35.01,"Herguido, Ind. Eng. Chem. Res. 1992, 31, 1274-1282","Feedstock Oxygen content calculated by difference; Feedstock LHV converted to wet basis; Proximate analysis converted to dry basis; Gas, tar, and char yield converted to appropriate units "
260,thistles,non-uniform,5,12.30,40.80,5.50,0.30,0.00,53.40,15.11,10.00,67.44,17.44,-,-,-,780.00,continuous,slightly above atmospheric (1.1atm),-,0.80,0.00,steam,fluidised bed,silica sand,-,bench-scale,0.00,38.00,27.50,20.00,9.00,5.50,11.70,35.71,0.86,137.52,81.39,60.13,"Herguido, Ind. Eng. Chem. Res. 1992, 31, 1274-1282","Feedstock Oxygen content calculated by difference; Feedstock LHV converted to wet basis; Proximate analysis converted to dry basis; Gas, tar, and char yield converted to appropriate units "
261,thistles,non-uniform,5,12.30,40.80,5.50,0.30,0.00,53.40,15.11,10.00,67.44,17.44,-,-,-,750.00,continuous,slightly above atmospheric (1.1atm),-,0.80,0.00,steam,fluidised bed,silica sand,-,bench-scale,0.00,51.50,22.00,18.50,7.00,1.00,12.10,44.66,0.79,145.16,77.41,46.65,"Herguido, Ind. Eng. Chem. Res. 1992, 31, 1274-1282","Feedstock Oxygen content calculated by difference; Feedstock LHV converted to wet basis; Proximate analysis converted to dry basis; Gas, tar, and char yield converted to appropriate units "
262,thistles,non-uniform,5,12.30,40.80,5.50,0.30,0.00,53.40,15.11,10.00,67.44,17.44,-,-,-,700.00,continuous,slightly above atmospheric (1.1atm),-,0.80,0.00,steam,fluidised bed,silica sand,-,bench-scale,0.00,53.00,18.00,18.50,6.00,4.50,12.40,68.35,0.60,164.26,60.84,32.16,"Herguido, Ind. Eng. Chem. Res. 1992, 31, 1274-1282","Feedstock Oxygen content calculated by difference; Feedstock LHV converted to wet basis; Proximate analysis converted to dry basis; Gas, tar, and char yield converted to appropriate units "
263,thistles,non-uniform,5,12.30,40.80,5.50,0.30,0.00,53.40,15.11,10.00,67.44,17.44,-,-,-,650.00,continuous,slightly above atmospheric (1.1atm),-,0.80,0.00,steam,fluidised bed,silica sand,-,bench-scale,0.00,53.00,17.50,18.00,9.00,2.50,13.10,86.30,0.56,221.56,59.40,31.04,"Herguido, Ind. Eng. Chem. Res. 1992, 31, 1274-1282","Feedstock Oxygen content calculated by difference; Feedstock LHV converted to wet basis; Proximate analysis converted to dry basis; Gas, tar, and char yield converted to appropriate units "
264,wood residue,particles,1.75,18.54,50.26,6.72,0.16,0.20,42.66,0.36,5.01,81.81,17.83,43.50,19.50,33.00,700.00,batch,-,40.00,1.00,0.00,steam,fluidised bed,silica sand,-,laboratory scale,0.00,41.50,24.50,21.50,9.00,3.50,10.83,17.50,1.32,-,77.12,73.58,"Fremaux, Energy Convers. Manag. 2015, 91, 427-432",Feedstock Oxygen content calculated by difference; Feedstock LHV converted to wet basis; Proximate analysis converted to dry basis; CGE AND CCE calculated using equations  - some values seem unrealistically high (even >100%)
265,wood residue,particles,1.75,18.54,50.26,6.72,0.16,0.20,42.66,0.36,5.01,81.81,17.83,43.50,19.50,33.00,800.00,batch,-,40.00,1.00,0.00,steam,fluidised bed,silica sand,-,laboratory scale,0.00,51.00,19.00,17.00,13.00,0.00,13.45,15.50,1.55,-,112.47,-,"Fremaux, Energy Convers. Manag. 2015, 91, 427-432",Feedstock Oxygen content calculated by difference; Feedstock LHV converted to wet basis; Proximate analysis converted to dry basis; CGE AND CCE calculated using equations  - some values seem unrealistically high (even >100%)
266,wood residue,particles,1.75,18.54,50.26,6.72,0.16,0.20,42.66,0.36,5.01,81.81,17.83,43.50,19.50,33.00,900.00,batch,-,40.00,1.00,0.00,steam,fluidised bed,silica sand,-,laboratory scale,0.00,59.00,-,-,-,0.00,13.72,12.50,1.66,-,122.87,-,"Fremaux, Energy Convers. Manag. 2015, 91, 427-432",Feedstock Oxygen content calculated by difference; Feedstock LHV converted to wet basis; Proximate analysis converted to dry basis; CGE AND CCE calculated using equations  - some values seem unrealistically high (even >100%)
267,wood residue,particles,1.75,18.54,50.26,6.72,0.16,0.20,42.66,0.36,5.01,81.81,17.83,43.50,19.50,33.00,900.00,batch,-,40.00,0.50,0.00,steam,fluidised bed,silica sand,-,laboratory scale,0.00,58.00,-,-,-,0.00,13.12,15.00,1.36,-,96.26,-,"Fremaux, Energy Convers. Manag. 2015, 91, 427-432",Feedstock Oxygen content calculated by difference; Feedstock LHV converted to wet basis; Proximate analysis converted to dry basis; CGE AND CCE calculated using equations  - some values seem unrealistically high (even >100%)
268,pine wood,pellets,-,18.60,51.29,5.81,0.20,0.10,42.60,0.43,8.00,84.13,15.43,-,-,-,700.00,continuous,-,-,-,0.00,steam,dual fluidised bed,silica sand,-,100 kW,0.00,23.56,42.41,19.37,14.66,0.00,13.16,12.70,0.49,-,34.99,37.03,"Zhang, Fuel 2017, 188, 628-635",Gas yield converted to wb; LHV of syngas estimated from composition; CCE and CGE estimated using equation
269,pine wood,pellets,-,18.60,51.29,5.81,0.20,0.10,42.60,0.43,8.00,84.13,15.43,-,-,-,750.00,continuous,-,-,-,0.00,steam,dual fluidised bed,silica sand,-,100 kW,0.00,26.32,42.11,16.84,14.74,0.00,13.44,11.90,0.51,-,37.08,36.93,"Zhang, Fuel 2017, 188, 628-635",Gas yield converted to wb; LHV of syngas estimated from composition; CCE and CGE estimated using equation
270,pine wood,pellets,-,18.60,51.29,5.81,0.20,0.10,42.60,0.43,8.00,84.13,15.43,-,-,-,800.00,continuous,-,-,-,0.00,steam,dual fluidised bed,silica sand,-,100 kW,0.00,26.98,44.97,13.76,14.29,0.00,13.72,10.40,0.59,-,43.44,41.84,"Zhang, Fuel 2017, 188, 628-635",Gas yield converted to wb; LHV of syngas estimated from composition; CCE and CGE estimated using equation
271,palm shells,particles,15,16.19,52.21,5.95,0.65,0.01,41.18,7.50,0.00,71.00,21.50,-,-,-,850.00,continuous,-,6.00,0.60,0.00,steam,rotary kiln,-,-,pilot-scale,0.00,40.36,24.08,21.68,12.19,1.70,12.78,-,0.74,219.00,58.74,42.02,"Iovane, BIOMASS BIOENERG 2013, 56, 423-431",Gas yield converted to wb; LHV of syngas estimated from composition; CCE and CGE estimated using equation
272,palm shells,particles,15,16.19,52.21,5.95,0.65,0.01,41.18,7.50,0.00,71.00,21.50,-,-,-,850.00,continuous,-,6.00,0.70,0.00,steam,rotary kiln,-,-,pilot-scale,0.00,39.40,23.50,23.10,11.30,2.70,12.88,-,0.72,217.00,57.25,40.71,"Iovane, BIOMASS BIOENERG 2013, 56, 423-431",Gas yield converted to wb; LHV of syngas estimated from composition; CCE and CGE estimated using equation
273,palm shells,particles,15,16.19,52.21,5.95,0.65,0.01,41.18,7.50,0.00,71.00,21.50,-,-,-,850.00,continuous,-,6.00,1.00,0.00,steam,rotary kiln,-,-,pilot-scale,0.00,52.20,22.10,19.50,6.00,0.20,10.69,-,0.86,212.00,56.97,40.13,"Iovane, BIOMASS BIOENERG 2013, 56, 423-431",Gas yield converted to wb; LHV of syngas estimated from composition; CCE and CGE estimated using equation
274,industrial wood pellets,-,1.25,17.43,52.93,6.07,0.11,0.00,40.89,0.64,5.50,83.16,16.21,-,-,-,820.00,continuous,-,-,0.58,0.00,steam,fluidised bed,LD slag,LD slag,1.5 kW_th,0.00,39.36,21.98,28.27,7.99,2.40,11.31,-,0.81,-,80.90,94.50,"Condori, Fuel Processing Technology 2021, 222, 106963.",Average particle size was estimated; Ultimate analysis converted to daf basis; Proximate analysis converted to dry basis; LHV of syngas estimated from composition
275,industrial wood pellets,-,1.25,17.43,52.93,6.07,0.11,0.00,40.89,0.64,6.50,83.16,16.21,-,-,-,820.00,continuous,-,-,0.59,0.00,steam,fluidised bed,LD slag,LD slag,1.5 kW_th,0.00,34.23,20.42,34.83,8.11,2.40,10.61,-,0.67,-,71.10,92.60,"Condori, Fuel Processing Technology 2021, 222, 106963.",Average particle size was estimated; Ultimate analysis converted to daf basis; Proximate analysis converted to dry basis; LHV of syngas estimated from composition
276,industrial wood pellets,-,1.25,17.43,52.93,6.07,0.11,0.00,40.89,0.64,7.50,83.16,16.21,-,-,-,820.00,continuous,-,-,0.59,0.00,steam,fluidised bed,LD slag,LD slag,1.5 kW_th,0.00,28.83,17.82,42.84,8.21,2.30,9.67,-,0.54,-,61.50,92.70,"Condori, Fuel Processing Technology 2021, 222, 106963.",Average particle size was estimated; Ultimate analysis converted to daf basis; Proximate analysis converted to dry basis; LHV of syngas estimated from composition
277,industrial wood pellets,-,1.25,17.43,52.93,6.07,0.11,0.00,40.89,0.64,8.50,83.16,16.21,-,-,-,880.00,continuous,-,-,0.58,0.00,steam,fluidised bed,LD slag,LD slag,1.5 kW_th,0.00,39.42,24.85,26.25,7.98,1.50,11.15,-,0.93,-,86.80,96.90,"Condori, Fuel Processing Technology 2021, 222, 106963.",Average particle size was estimated; Ultimate analysis converted to daf basis; Proximate analysis converted to dry basis; LHV of syngas estimated from composition
278,industrial wood pellets,-,1.25,17.43,52.93,6.07,0.11,0.00,40.89,0.64,9.50,83.16,16.21,-,-,-,880.00,continuous,-,-,0.58,0.00,steam,fluidised bed,LD slag,LD slag,1.5 kW_th,0.00,34.20,23.20,33.10,8.10,1.40,10.36,-,0.75,-,73.20,95.60,"Condori, Fuel Processing Technology 2021, 222, 106963.",Average particle size was estimated; Ultimate analysis converted to daf basis; Proximate analysis converted to dry basis; LHV of syngas estimated from composition
279,industrial wood pellets,-,1.25,17.43,52.93,6.07,0.11,0.00,40.89,0.64,10.50,83.16,16.21,-,-,-,880.00,continuous,-,-,0.55,0.00,steam,fluidised bed,LD slag,LD slag,1.5 kW_th,0.00,28.13,20.12,41.44,8.51,1.80,9.70,-,0.60,-,65.70,95.60,"Condori, Fuel Processing Technology 2021, 222, 106963.",Average particle size was estimated; Ultimate analysis converted to daf basis; Proximate analysis converted to dry basis; LHV of syngas estimated from composition
280,industrial wood pellets,-,1.25,17.43,52.93,6.07,0.11,0.00,40.89,0.64,11.50,83.16,16.21,-,-,-,880.00,continuous,-,-,0.55,0.00,steam,fluidised bed,LD slag,LD slag,1.5 kW_th,0.00,25.10,19.40,46.30,8.50,0.70,8.62,-,0.51,-,53.50,93.70,"Condori, Fuel Processing Technology 2021, 222, 106963.",Average particle size was estimated; Ultimate analysis converted to daf basis; Proximate analysis converted to dry basis; LHV of syngas estimated from composition
281,industrial wood pellets,-,1.25,17.43,52.93,6.07,0.11,0.00,40.89,0.64,12.50,83.16,16.21,-,-,-,930.00,continuous,-,-,0.05,0.00,steam,fluidised bed,LD slag,LD slag,1.5 kW_th,0.00,31.10,40.20,19.60,8.40,0.70,11.86,-,0.74,-,66.60,92.20,"Condori, Fuel Processing Technology 2021, 222, 106963.",Average particle size was estimated; Ultimate analysis converted to daf basis; Proximate analysis converted to dry basis; LHV of syngas estimated from composition
282,industrial wood pellets,-,1.25,17.43,52.93,6.07,0.11,0.00,40.89,0.64,13.50,83.16,16.21,-,-,-,930.00,continuous,-,-,0.38,0.00,steam,fluidised bed,LD slag,LD slag,1.5 kW_th,0.00,33.47,29.79,27.31,8.04,1.39,11.09,-,0.78,-,71.00,97.50,"Condori, Fuel Processing Technology 2021, 222, 106963.",Average particle size was estimated; Ultimate analysis converted to daf basis; Proximate analysis converted to dry basis; LHV of syngas estimated from composition
283,industrial wood pellets,-,1.25,17.43,52.93,6.07,0.11,0.00,40.89,0.64,14.50,83.16,16.21,-,-,-,930.00,continuous,-,-,0.58,0.00,steam,fluidised bed,LD slag,LD slag,1.5 kW_th,0.00,39.20,29.80,22.60,7.80,0.60,11.15,-,1.05,-,91.70,97.40,"Condori, Fuel Processing Technology 2021, 222, 106963.",Average particle size was estimated; Ultimate analysis converted to daf basis; Proximate analysis converted to dry basis; LHV of syngas estimated from composition
284,industrial wood pellets,-,1.25,17.43,52.93,6.07,0.11,0.00,40.89,0.64,15.50,83.16,16.21,-,-,-,930.00,continuous,-,-,0.58,0.00,steam,fluidised bed,LD slag,LD slag,1.5 kW_th,0.00,33.63,24.52,32.43,7.91,1.50,10.46,-,0.78,-,76.20,97.70,"Condori, Fuel Processing Technology 2021, 222, 106963.",Average particle size was estimated; Ultimate analysis converted to daf basis; Proximate analysis converted to dry basis; LHV of syngas estimated from composition
285,industrial wood pellets,-,1.25,17.43,52.93,6.07,0.11,0.00,40.89,0.64,16.50,83.16,16.21,-,-,-,930.00,continuous,-,-,0.55,0.00,steam,fluidised bed,LD slag,LD slag,1.5 kW_th,0.00,29.17,22.18,38.46,8.19,2.00,10.07,-,0.66,-,70.50,96.50,"Condori, Fuel Processing Technology 2021, 222, 106963.",Average particle size was estimated; Ultimate analysis converted to daf basis; Proximate analysis converted to dry basis; LHV of syngas estimated from composition
286,industrial wood pellets,-,1.25,17.43,52.93,6.07,0.11,0.00,40.89,0.64,17.50,83.16,16.21,-,-,-,930.00,continuous,-,-,0.55,0.00,steam,fluidised bed,LD slag,LD slag,1.5 kW_th,0.00,24.82,21.02,45.25,8.31,0.60,8.67,-,0.58,-,59.20,96.60,"Condori, Fuel Processing Technology 2021, 222, 106963.",Average particle size was estimated; Ultimate analysis converted to daf basis; Proximate analysis converted to dry basis; LHV of syngas estimated from composition
287,almond shell,-,1.25,17.81,51.78,5.35,0.22,0.00,42.65,0.88,9.40,80.02,19.09,-,-,-,930.00,continuous,-,-,0.62,0.00,steam,fluidised bed,LD slag,LD slag,1.5 kW_th,0.00,38.10,26.00,28.40,6.90,0.60,10.23,-,0.87,-,75.50,98.70,"Condori, Fuel Processing Technology 2021, 222, 106963.",Average particle size was estimated; Ultimate analysis converted to daf basis; Proximate analysis converted to dry basis; LHV of syngas estimated from composition
288,almond shell,-,1.25,17.81,51.78,5.35,0.22,0.00,42.65,0.88,9.40,80.02,19.09,-,-,-,930.00,continuous,-,-,0.62,0.00,steam,fluidised bed,LD slag,LD slag,1.5 kW_th,0.00,31.53,23.02,37.34,7.51,0.60,9.36,-,0.70,-,64.70,98.70,"Condori, Fuel Processing Technology 2021, 222, 106963.",Average particle size was estimated; Ultimate analysis converted to daf basis; Proximate analysis converted to dry basis; LHV of syngas estimated from composition
289,almond shell,-,1.25,17.81,51.78,5.35,0.22,0.00,42.65,0.88,9.40,80.02,19.09,-,-,-,930.00,continuous,-,-,0.62,0.00,steam,fluidised bed,LD slag,LD slag,1.5 kW_th,0.00,25.10,21.10,45.90,7.40,0.50,8.32,-,0.54,-,52.60,98.70,"Condori, Fuel Processing Technology 2021, 222, 106963.",Average particle size was estimated; Ultimate analysis converted to daf basis; Proximate analysis converted to dry basis; LHV of syngas estimated from composition
290,olive stone,-,1.25,16.07,51.97,5.90,0.21,0.00,41.93,1.13,0.30,78.40,20.47,-,-,-,930.00,continuous,-,-,0.78,0.00,steam,fluidised bed,LD slag,LD slag,1.5 kW_th,0.00,38.70,26.30,27.60,6.60,0.80,10.34,-,0.91,-,73.20,97.90,"Condori, Fuel Processing Technology 2021, 222, 106963.",Average particle size was estimated; Ultimate analysis converted to daf basis; Proximate analysis converted to dry basis; LHV of syngas estimated from composition
291,olive stone,-,1.25,17.07,51.97,5.90,0.21,0.00,41.93,1.13,1.30,78.40,20.47,-,-,-,930.00,continuous,-,-,0.75,0.00,steam,fluidised bed,LD slag,LD slag,1.5 kW_th,0.00,31.83,22.39,37.95,7.13,0.70,9.24,-,0.71,-,60.90,97.70,"Condori, Fuel Processing Technology 2021, 222, 106963.",Average particle size was estimated; Ultimate analysis converted to daf basis; Proximate analysis converted to dry basis; LHV of syngas estimated from composition
292,olive stone,-,1.25,18.07,51.97,5.90,0.21,0.00,41.93,1.13,2.30,78.40,20.47,-,-,-,930.00,continuous,-,-,0.78,0.00,steam,fluidised bed,LD slag,LD slag,1.5 kW_th,0.00,24.40,19.30,48.10,7.60,0.60,8.15,-,0.51,-,48.40,97.50,"Condori, Fuel Processing Technology 2021, 222, 106963.",Average particle size was estimated; Ultimate analysis converted to daf basis; Proximate analysis converted to dry basis; LHV of syngas estimated from composition
293,municipal solid waste,-,0.95,23.17,58.11,6.97,0.83,0.98,33.11,25.86,5.13,65.78,8.36,-,-,-,750.00,-,-,20.00,0.00,0.15,air,quartz tube,-,-,laboratory scale,-,21.70,27.30,29.60,16.40,0.00,11.60,-,-,-,-,-,"Jamro, Journal of Environmental Management 2023, 328, 117014",Average particle size was estimated; Feedstock LHV estimated from composition; Proximate analysis converted to dry basis
294,municipal solid waste,-,0.95,23.17,58.11,6.97,0.83,0.98,33.11,25.86,6.13,65.78,8.36,-,-,-,750.00,-,-,20.00,0.00,0.25,air,quartz tube,-,-,laboratory scale,-,21.70,26.30,31.10,16.00,0.00,11.40,-,-,-,-,-,"Jamro, Journal of Environmental Management 2023, 328, 117014",Average particle size was estimated; Feedstock LHV estimated from composition; Proximate analysis converted to dry basis
295,municipal solid waste,-,0.95,23.17,58.11,6.97,0.83,0.98,33.11,25.86,7.13,65.78,8.36,-,-,-,750.00,-,-,40.00,0.00,0.15,air,quartz tube,-,-,laboratory scale,-,22.00,28.20,29.30,15.70,0.00,11.60,-,-,-,-,-,"Jamro, Journal of Environmental Management 2023, 328, 117014",Average particle size was estimated; Feedstock LHV estimated from composition; Proximate analysis converted to dry basis
296,municipal solid waste,-,0.95,23.17,58.11,6.97,0.83,0.98,33.11,25.86,8.13,65.78,8.36,-,-,-,750.00,-,-,40.00,0.00,0.25,air,quartz tube,-,-,laboratory scale,-,23.30,27.20,28.50,16.30,0.00,11.80,-,-,-,-,-,"Jamro, Journal of Environmental Management 2023, 328, 117014",Average particle size was estimated; Feedstock LHV estimated from composition; Proximate analysis converted to dry basis
297,municipal solid waste,-,0.95,23.17,58.11,6.97,0.83,0.98,33.11,25.86,9.13,65.78,8.36,-,-,-,750.00,-,-,20.00,0.00,0.15,air,quartz tube,-,-,laboratory scale,-,22.40,28.30,29.10,15.10,0.00,11.40,-,-,-,-,-,"Jamro, Journal of Environmental Management 2023, 328, 117014",Average particle size was estimated; Feedstock LHV estimated from composition; Proximate analysis converted to dry basis
298,municipal solid waste,-,0.95,23.17,58.11,6.97,0.83,0.98,33.11,25.86,10.13,65.78,8.36,-,-,-,750.00,-,-,20.00,0.00,0.25,air,quartz tube,-,-,laboratory scale,-,21.20,26.10,31.10,16.20,0.00,11.40,-,-,-,-,-,"Jamro, Journal of Environmental Management 2023, 328, 117014",Average particle size was estimated; Feedstock LHV estimated from composition; Proximate analysis converted to dry basis
299,municipal solid waste,-,0.95,23.17,58.11,6.97,0.83,0.98,33.11,25.86,11.13,65.78,8.36,-,-,-,750.00,-,-,40.00,0.00,0.15,air,quartz tube,-,-,laboratory scale,-,23.20,26.00,30.20,15.10,0.00,11.20,-,-,-,-,-,"Jamro, Journal of Environmental Management 2023, 328, 117014",Average particle size was estimated; Feedstock LHV estimated from composition; Proximate analysis converted to dry basis
300,municipal solid waste,-,0.95,23.17,58.11,6.97,0.83,0.98,33.11,25.86,12.13,65.78,8.36,-,-,-,750.00,-,-,40.00,0.00,0.25,air,quartz tube,-,-,laboratory scale,-,23.30,28.10,29.10,14.70,0.00,11.30,-,-,-,-,-,"Jamro, Journal of Environmental Management 2023, 328, 117014",Average particle size was estimated; Feedstock LHV estimated from composition; Proximate analysis converted to dry basis
301,municipal solid waste,-,0.95,23.17,58.11,6.97,0.83,0.98,33.11,25.86,13.13,65.78,8.36,-,-,-,850.00,-,-,20.00,0.00,0.15,air,quartz tube,-,-,laboratory scale,-,28.10,31.40,23.10,13.20,0.00,11.70,-,-,-,-,-,"Jamro, Journal of Environmental Management 2023, 328, 117014",Average particle size was estimated; Feedstock LHV estimated from composition; Proximate analysis converted to dry basis
302,municipal solid waste,-,0.95,23.17,58.11,6.97,0.83,0.98,33.11,25.86,14.13,65.78,8.36,-,-,-,850.00,-,-,20.00,0.00,0.25,air,quartz tube,-,-,laboratory scale,-,29.20,31.70,21.30,13.00,0.00,11.80,-,-,-,-,-,"Jamro, Journal of Environmental Management 2023, 328, 117014",Average particle size was estimated; Feedstock LHV estimated from composition; Proximate analysis converted to dry basis
303,municipal solid waste,-,0.95,23.17,58.11,6.97,0.83,0.98,33.11,25.86,15.13,65.78,8.36,-,-,-,850.00,-,-,40.00,0.00,0.15,air,quartz tube,-,-,laboratory scale,-,28.30,32.20,22.20,13.40,0.00,11.90,-,-,-,-,-,"Jamro, Journal of Environmental Management 2023, 328, 117014",Average particle size was estimated; Feedstock LHV estimated from composition; Proximate analysis converted to dry basis
304,municipal solid waste,-,0.95,23.17,58.11,6.97,0.83,0.98,33.11,25.86,16.13,65.78,8.36,-,-,-,850.00,-,-,40.00,0.00,0.25,air,quartz tube,-,-,laboratory scale,-,30.80,31.50,21.20,12.80,0.00,11.90,-,-,-,-,-,"Jamro, Journal of Environmental Management 2023, 328, 117014",Average particle size was estimated; Feedstock LHV estimated from composition; Proximate analysis converted to dry basis
305,municipal solid waste,-,0.95,23.17,58.11,6.97,0.83,0.98,33.11,25.86,17.13,65.78,8.36,-,-,-,850.00,-,-,20.00,0.00,0.15,air,quartz tube,-,-,laboratory scale,-,34.20,33.80,18.00,10.20,0.00,11.60,-,-,-,-,-,"Jamro, Journal of Environmental Management 2023, 328, 117014",Average particle size was estimated; Feedstock LHV estimated from composition; Proximate analysis converted to dry basis
306,municipal solid waste,-,0.95,23.17,58.11,6.97,0.83,0.98,33.11,25.86,18.13,65.78,8.36,-,-,-,850.00,-,-,20.00,0.00,0.25,air,quartz tube,-,-,laboratory scale,-,34.50,32.50,19.10,10.20,0.00,11.40,-,-,-,-,-,"Jamro, Journal of Environmental Management 2023, 328, 117014",Average particle size was estimated; Feedstock LHV estimated from composition; Proximate analysis converted to dry basis
307,municipal solid waste,-,0.95,23.17,58.11,6.97,0.83,0.98,33.11,25.86,19.13,65.78,8.36,-,-,-,850.00,-,-,40.00,0.00,0.15,air,quartz tube,-,-,laboratory scale,-,34.40,34.00,17.70,10.70,0.00,11.80,-,-,-,-,-,"Jamro, Journal of Environmental Management 2023, 328, 117014",Average particle size was estimated; Feedstock LHV estimated from composition; Proximate analysis converted to dry basis
308,municipal solid waste,-,0.95,23.17,58.11,6.97,0.83,0.98,33.11,25.86,20.13,65.78,8.36,-,-,-,850.00,-,-,40.00,0.00,0.25,air,quartz tube,-,-,laboratory scale,-,36.30,34.40,16.20,9.30,0.00,11.60,-,-,-,-,-,"Jamro, Journal of Environmental Management 2023, 328, 117014",Average particle size was estimated; Feedstock LHV estimated from composition; Proximate analysis converted to dry basis
309,municipal solid waste,-,0.95,23.17,58.11,6.97,0.83,0.98,33.11,25.86,21.13,65.78,8.36,-,-,-,700.00,-,-,30.00,0.00,0.20,air,quartz tube,-,-,laboratory scale,-,22.10,27.20,30.00,15.10,0.00,11.40,-,-,-,-,-,"Jamro, Journal of Environmental Management 2023, 328, 117014",Average particle size was estimated; Feedstock LHV estimated from composition; Proximate analysis converted to dry basis
310,municipal solid waste,-,0.95,23.17,58.11,6.97,0.83,0.98,33.11,25.86,22.13,65.78,8.36,-,-,-,900.00,-,-,30.00,0.00,0.20,air,quartz tube,-,-,laboratory scale,-,42.10,34.30,14.40,6.50,0.00,11.20,-,-,-,-,-,"Jamro, Journal of Environmental Management 2023, 328, 117014",Average particle size was estimated; Feedstock LHV estimated from composition; Proximate analysis converted to dry basis
311,municipal solid waste,-,0.95,23.17,58.11,6.97,0.83,0.98,33.11,25.86,23.13,65.78,8.36,-,-,-,800.00,-,-,30.00,0.00,0.20,air,quartz tube,-,-,laboratory scale,-,24.50,27.30,28.20,15.10,0.00,11.50,-,-,-,-,-,"Jamro, Journal of Environmental Management 2023, 328, 117014",Average particle size was estimated; Feedstock LHV estimated from composition; Proximate analysis converted to dry basis
312,municipal solid waste,-,0.95,23.17,58.11,6.97,0.83,0.98,33.11,25.86,24.13,65.78,8.36,-,-,-,800.00,-,-,30.00,0.00,0.20,air,quartz tube,-,-,laboratory scale,-,25.30,27.10,28.10,15.10,0.00,11.50,-,-,-,-,-,"Jamro, Journal of Environmental Management 2023, 328, 117014",Average particle size was estimated; Feedstock LHV estimated from composition; Proximate analysis converted to dry basis
313,municipal solid waste,-,0.95,23.17,58.11,6.97,0.83,0.98,33.11,25.86,25.13,65.78,8.36,-,-,-,800.00,-,-,10.00,0.00,0.20,air,quartz tube,-,-,laboratory scale,-,24.00,26.45,29.00,15.60,0.00,11.50,-,-,-,-,-,"Jamro, Journal of Environmental Management 2023, 328, 117014",Average particle size was estimated; Feedstock LHV estimated from composition; Proximate analysis converted to dry basis
314,municipal solid waste,-,0.95,23.17,58.11,6.97,0.83,0.98,33.11,25.86,26.13,65.78,8.36,-,-,-,800.00,-,-,50.00,0.00,0.20,air,quartz tube,-,-,laboratory scale,-,24.60,26.40,29.40,15.30,0.00,11.50,-,-,-,-,-,"Jamro, Journal of Environmental Management 2023, 328, 117014",Average particle size was estimated; Feedstock LHV estimated from composition; Proximate analysis converted to dry basis
315,municipal solid waste,-,0.95,23.17,58.11,6.97,0.83,0.98,33.11,25.86,27.13,65.78,8.36,-,-,-,800.00,-,-,30.00,0.00,0.10,air,quartz tube,-,-,laboratory scale,-,24.50,28.20,27.30,15.40,0.00,11.70,-,-,-,-,-,"Jamro, Journal of Environmental Management 2023, 328, 117014",Average particle size was estimated; Feedstock LHV estimated from composition; Proximate analysis converted to dry basis
316,municipal solid waste,-,0.95,23.17,58.11,6.97,0.83,0.98,33.11,25.86,28.13,65.78,8.36,-,-,-,800.00,-,-,30.00,0.00,0.35,air,quartz tube,-,-,laboratory scale,-,22.20,27.00,30.80,16.10,0.00,11.50,-,-,-,-,-,"Jamro, Journal of Environmental Management 2023, 328, 117014",Average particle size was estimated; Feedstock LHV estimated from composition; Proximate analysis converted to dry basis
317,municipal solid waste,-,0.95,23.17,58.11,6.97,0.83,0.98,33.11,25.86,29.13,65.78,8.36,-,-,-,800.00,-,-,30.00,0.00,0.20,air,quartz tube,-,-,laboratory scale,-,24.30,27.10,29.30,15.30,0.00,11.50,-,-,-,-,-,"Jamro, Journal of Environmental Management 2023, 328, 117014",Average particle size was estimated; Feedstock LHV estimated from composition; Proximate analysis converted to dry basis
318,sewage sludge,-,1.17,13.25,52.06,8.22,6.64,1.89,31.18,42.59,6.33,52.03,5.38,-,-,-,800.00,continuous,-,280.00,0.00,0.41,air,bubbling fluidised bed,olivine,olivine,bench-scale,52.61,16.75,11.63,16.38,2.62,0.01,4.05,0.01,2.00,165.90,61.23,62.42,"Jeong, Renewable Energy 2022, 185, 208ï¿½216",Average particle size was estimated; Ultimate analysis converted to daf basis; Proximate analysis converted to dry basis; Gas yield calculated from given CGE
319,sewage sludge,-,1.17,13.25,52.06,8.22,6.64,1.89,31.18,42.59,6.33,52.03,5.38,-,-,-,800.00,continuous,-,225.00,0.00,0.33,air,bubbling fluidised bed,olivine,olivine,bench-scale,50.09,18.75,11.90,15.81,3.43,0.02,4.71,0.00,1.76,181.70,62.60,57.36,"Jeong, Renewable Energy 2022, 185, 208ï¿½216",Average particle size was estimated; Ultimate analysis converted to daf basis; Proximate analysis converted to dry basis; Gas yield calculated from given CGE
320,sewage sludge,-,1.17,13.25,52.06,8.22,6.64,1.89,31.18,42.59,6.33,52.03,5.38,-,-,-,800.00,continuous,-,242.00,0.00,0.35,air,bubbling fluidised bed,olivine,olivine,bench-scale,51.51,18.60,10.83,16.10,2.95,0.01,4.40,0.01,1.84,173.00,61.10,57.64,"Jeong, Renewable Energy 2022, 185, 208ï¿½216",Average particle size was estimated; Ultimate analysis converted to daf basis; Proximate analysis converted to dry basis; Gas yield calculated from given CGE
321,sewage sludge,-,1.17,13.25,52.06,8.22,6.64,1.89,31.18,42.59,6.33,52.03,5.38,-,-,-,800.00,continuous,-,238.00,0.00,0.35,air,bubbling fluidised bed,olivine,olivine,bench-scale,51.24,19.53,11.52,14.65,3.05,0.01,4.55,0.01,1.91,172.40,65.63,57.26,"Jeong, Renewable Energy 2022, 185, 208ï¿½216",Average particle size was estimated; Ultimate analysis converted to daf basis; Proximate analysis converted to dry basis; Gas yield calculated from given CGE
322,Miscanthus,pellets,-,17.44,44.60,5.60,0.50,0.10,49.20,2.64,9.10,81.30,16.06,-,-,-,985.00,continuous,99.00,-,0.00,0.30,air,fixed-bed downdraft,-,-,laboratory scale,68.23,3.29,19.51,8.75,0.22,0.00,2.87,41.30,1.24,-,21.00,61.36,"Kamble, Energy Procedia 2019, 158, 1174ï¿½1181",Ultimate analysis converted to daf basis; Proximate analysis converted to dry basis
323,Miscanthus,pellets,-,18.65,46.00,5.60,0.20,0.00,48.20,2.08,3.70,81.41,16.51,-,-,-,725.00,continuous,105.00,-,0.00,0.30,air,fixed-bed downdraft,-,-,laboratory scale,43.64,3.15,13.44,18.02,21.76,0.00,9.80,87.10,1.94,-,58.37,86.28,"Kamble, Energy Procedia 2019, 158, 1174ï¿½1181",Ultimate analysis converted to daf basis; Proximate analysis converted to dry basis
324,Miscanthus,pellets,-,18.03,44.96,5.69,0.60,0.10,48.65,2.77,6.20,81.26,15.97,-,-,-,699.00,continuous,107.00,-,0.00,0.30,air,fixed-bed downdraft,-,-,laboratory scale,44.50,6.55,15.47,16.77,16.70,0.00,8.59,56.60,1.23,-,65.00,99.00,"Kamble, Energy Procedia 2019, 158, 1174ï¿½1181",Ultimate analysis converted to daf basis; Proximate analysis converted to dry basis
325,high-tonnage sorghum,chips,10.00,17.92,49.27,6.69,0.49,0.08,43.48,14.16,22.11,71.39,14.45,-,-,-,730.00,continuous,-,-,0.00,0.35,air,fluidised bed,calcined mullite,-,pilot-scale,61.05,5.46,14.13,14.65,4.28,0.44,4.09,-,2.04,-,46.56,82.28,"Maglinao, Energy Conversion and Management 2015, 105, 578ï¿½587",Feedstock LHV estimated from HHV; Ultimate analysis converted to daf basis; Proximate analysis converted to dry basis; CGE estimated using equation
326,cotton gin trash,chips,10.00,15.29,45.17,6.24,1.66,0.39,46.54,13.02,9.01,71.20,15.78,-,-,-,730.00,continuous,-,-,0.00,0.35,air,fluidised bed,calcined mullite,-,pilot-scale,59.52,8.45,11.65,15.07,4.97,0.35,4.28,-,2.03,-,56.83,81.92,"Maglinao, Energy Conversion and Management 2015, 105, 578ï¿½587",Feedstock LHV estimated from HHV; Ultimate analysis converted to daf basis; CGE estimated using equation
327,beef cattle manure,chips,-,14.28,50.42,7.18,2.55,0.57,39.28,29.80,13.08,59.05,11.15,-,-,-,730.00,continuous,-,-,0.00,0.35,air,fluidised bed,calcined mullite,-,pilot-scale,60.10,8.19,11.58,15.04,4.64,0.46,4.19,-,1.87,-,54.86,90.45,"Maglinao, Energy Conversion and Management 2015, 105, 578ï¿½587",Feedstock LHV estimated from HHV; Ultimate analysis converted to daf basis; CGE estimated using equation
